table,series,first,last,n
neer,AU,1994-01,2026-08,392
neer,CN,1994-01,2026-08,392
neer,HK,1994-01,2026-08,392
neer,ID,1994-01,2026-08,392
neer,JP,1994-01,2026-08,392
neer,KR,1994-01,2026-08,392
neer,MY,1994-01,2026-08,392
neer,SG,1994-01,2026-08,392
neer,TH,1994-01,2026-08,392
neer,US,1994-01,2026-08,392
neer,XM,1994-01,2026-08,392
reer,AU,1994-01,2026-08,392
reer,CN,1994-01,2026-08,392
reer,HK,1994-01,2026-08,392
reer,ID,1994-01,2026-08,392
reer,JP,1994-01,2026-08,392
reer,KR,1994-01,2026-08,392
reer,MY,1994-01,2026-08,392
reer,SG,1994-01,2026-08,392
reer,TH,1994-01,2026-08,392
reer,US,1994-01,2026-08,392
reer,XM,1994-01,2026-08,392
usd,AUD,1957-01,2026-08,836
usd,CNY,1957-01,2026-08,836
usd,EUR,1974-06,2026-08,627
usd,HKD,1957-01,2026-08,836
usd,IDR,1967-01,2026-08,716
usd,JPY,1957-01,2026-08,836
usd,KRW,1957-01,2026-08,836
usd,MYR,1957-01,2026-08,836
usd,SGD,1957-01,2026-08,836
usd,THB,1957-01,2026-08,836
usd_eop,AUD,1957-01,2026-08,836
usd_eop,CNY,1957-01,2026-08,836
usd_eop,EUR,1974-06,2026-08,627
usd_eop,HKD,1957-01,2026-08,836
usd_eop,IDR,1967-01,2026-08,716
usd_eop,JPY,1957-01,2026-08,836
usd_eop,KRW,1957-01,2026-08,836
usd_eop,MYR,1957-01,2026-08,836
usd_eop,SGD,1957-01,2026-08,836
usd_eop,THB,1957-01,2026-08,836
masfx,JPY,1988-01,2026-08,464
masfx,MYR,1988-01,2026-08,464
sneer,SG,1999-01,2026-08,332
gdp,GDP In Chained (2015) Dollars,1976-Q1,2026-Q2,202
cpi,All Items,1961-01,2026-08,788
mps,decisions,20010222,20260727,62
