quarter,value
1976-Q1,8.2
1976-Q2,7.4
1976-Q3,7.2
1976-Q4,7
1977-Q1,6.2
1977-Q2,7.6
1977-Q3,6.4
1977-Q4,7.2
1978-Q1,5.6
1978-Q2,6.2
1978-Q3,8.8
1978-Q4,10.2
1979-Q1,9.5
1979-Q2,10.7
1979-Q3,8.2
1979-Q4,9.9
1980-Q1,11.5
1980-Q2,10.3
1980-Q3,10.3
1980-Q4,8.5
1981-Q1,10.3
1981-Q2,11.5
1981-Q3,11.2
1981-Q4,10.4
1982-Q1,9.1
1982-Q2,7.4
1982-Q3,6.4
1982-Q4,5.7
1983-Q1,7.6
1983-Q2,8
1983-Q3,8.6
1983-Q4,10
1984-Q1,10.9
1984-Q2,9.8
1984-Q3,8.8
1984-Q4,5.9
1985-Q1,3.9
1985-Q2,-0.1
1985-Q3,-2.3
1985-Q4,-3.8
1986-Q1,-4
1986-Q2,0.1
1986-Q3,2.9
1986-Q4,6.5
1987-Q1,8.1
1987-Q2,10.2
1987-Q3,12.3
1987-Q4,12.5
1988-Q1,11.1
1988-Q2,12
1988-Q3,11.2
1988-Q4,10.7
1989-Q1,9.9
1989-Q2,11.4
1989-Q3,9.9
1989-Q4,9.5
1990-Q1,14
1990-Q2,8.8
1990-Q3,8.8
1990-Q4,8.1
1991-Q1,6.4
1991-Q2,6.5
1991-Q3,7.3
1991-Q4,6.5
1992-Q1,5.7
1992-Q2,5.4
1992-Q3,6.7
1992-Q4,8.7
1993-Q1,9
1993-Q2,12.3
1993-Q3,11.5
1993-Q4,12.9
1994-Q1,13.5
1994-Q2,10.3
1994-Q3,11.8
1994-Q4,9
1995-Q1,5.3
1995-Q2,7.4
1995-Q3,8.2
1995-Q4,7.7
1996-Q1,11.7
1996-Q2,8.6
1996-Q3,4.2
1996-Q4,5.8
1997-Q1,5.7
1997-Q2,9.5
1997-Q3,10.9
1997-Q4,7.1
1998-Q1,1.5
1998-Q2,-2.4
1998-Q3,-5
1998-Q4,-2.6
1999-Q1,2.2
1999-Q2,5.4
1999-Q3,8
1999-Q4,7.1
2000-Q1,9
2000-Q2,8.2
2000-Q3,9.5
2000-Q4,9.4
2001-Q1,5.4
2001-Q2,0.5
2001-Q3,-4.9
2001-Q4,-4.7
2002-Q1,-1.1
2002-Q2,4.2
2002-Q3,6.6
2002-Q4,6.1
2003-Q1,4.2
2003-Q2,-0.3
2003-Q3,5.3
2003-Q4,8.9
2004-Q1,10.3
2004-Q2,13.5
2004-Q3,8.4
2004-Q4,7.8
2005-Q1,5.4
2005-Q2,6.2
2005-Q3,8.5
2005-Q4,9.2
2006-Q1,10.2
2006-Q2,8.8
2006-Q3,8.6
2006-Q4,8.5
2007-Q1,8.6
2007-Q2,10
2007-Q3,11
2007-Q4,6.6
2008-Q1,8.2
2008-Q2,3.3
2008-Q3,-0.1
2008-Q4,-3.4
2009-Q1,-7.7
2009-Q2,-1.2
2009-Q3,2.8
2009-Q4,6.8
2010-Q1,16.3
2010-Q2,18.6
2010-Q3,10.3
2010-Q4,13.3
2011-Q1,9.2
2011-Q2,2.9
2011-Q3,7.8
2011-Q4,5.3
2012-Q1,4.8
2012-Q2,6.2
2012-Q3,2
2012-Q4,4.7
2013-Q1,3.4
2013-Q2,4.6
2013-Q3,6.1
2013-Q4,5.1
2014-Q1,4.3
2014-Q2,3.3
2014-Q3,3.7
2014-Q4,4.5
2015-Q1,3
2015-Q2,3.1
2015-Q3,3.7
2015-Q4,2.2
2016-Q1,3.5
2016-Q2,3.4
2016-Q3,3.5
2016-Q4,5.2
2017-Q1,4.6
2017-Q2,3.5
2017-Q3,5
2017-Q4,4.2
2018-Q1,4.4
2018-Q2,4.5
2018-Q3,2.8
2018-Q4,1.1
2019-Q1,1.3
2019-Q2,1.1
2019-Q3,0.6
2019-Q4,1.6
2020-Q1,1.4
2020-Q2,-11.7
2020-Q3,-3.9
2020-Q4,-0.1
2021-Q1,4.9
2021-Q2,18.9
2021-Q3,9.7
2021-Q4,8
2022-Q1,4.4
2022-Q2,5
2022-Q3,4.4
2022-Q4,2.4
2023-Q1,0.5
2023-Q2,0.6
2023-Q3,1.6
2023-Q4,3.1
2024-Q1,4.3
2024-Q2,4.8
2024-Q3,7
2024-Q4,5.3
2025-Q1,4.5
2025-Q2,5.4
2025-Q3,4.5
2025-Q4,5.7
2026-Q1,6.3
2026-Q2,5.9
