date,start,end,months,y,g,g_lag,cpi,p,p_fine
20010222,2001-01,2001-06,5,-0.016332546,2.95,9.4,1.6554274,1,1
20010712,2001-06,2001-09,3,0.068667063,-4.9,0.5,0.85075596,0,0
20011010,2001-09,2001-12,3,-0.12614426,-4.7,-4.9,-0.19609278,0,0
20020102,2001-12,2002-06,6,-0.00024741758,1.55,-4.7,-0.64465353,-1,-1
20020711,2002-06,2002-12,6,0.014545519,6.35,4.2,-0.13567118,0,0
20030102,2002-12,2003-06,6,-0.05554183,1.95,6.1,0.41441203,0,0
20030710,2003-06,2003-09,3,-0.017210859,5.3,-0.3,0.47122744,-1,-1
20031010,2003-09,2004-03,6,-0.0045708501,9.6,5.3,0.93954269,0,0
20040412,2004-03,2004-09,6,0.023001833,10.95,10.3,1.8991394,1,1
20041011,2004-09,2005-03,6,0,6.6,8.4,0.96469041,1,1
20050412,2005-03,2005-09,6,-0.0083107845,7.35,5.4,0.26136863,1,1
20051011,2005-09,2006-03,6,0.063828599,9.7,8.5,1.2327006,1,1
20060411,2006-03,2006-09,6,0.020428193,8.7,10.2,0.95825705,1,1
20061010,2006-09,2007-03,6,0.025484177,8.55,8.6,0.23484082,1,1
20070410,2007-03,2007-09,6,-0.027905192,10.5,8.6,2.1450695,1,1
20071010,2007-09,2008-03,6,0.063656366,7.4,11,5.4499843,1,2
20080410,2008-03,2008-09,6,0.025647355,1.6,8.2,7.0770507,2,3
20081010,2008-09,2009-03,6,0.0018524952,-5.55,-0.1,4.5630981,0,0
20090414,2009-03,2009-09,6,0.0030066499,0.8,-7.7,-0.072594807,-1,-1
20091012,2009-09,2010-03,6,0.017258348,11.55,2.8,0.090744985,0,0
20100414,2010-03,2010-09,6,0.066695377,14.45,16.3,3.2096494,2,2
20101014,2010-09,2011-03,6,0.036234864,11.25,10.3,4.5781613,1,2
20110414,2011-03,2011-09,6,0.020137668,5.35,9.2,5.1361114,2,3
20111014,2011-09,2012-03,6,0.013527348,5.05,7.8,5.2151144,1,1
20120413,2012-03,2012-09,6,0.053837631,4.1,4.8,4.7322028,1,2
20121012,2012-09,2013-03,6,0.0045776133,4.05,2,3.997844,1,2
20130412,2013-03,2013-09,6,0.0082961853,5.35,3.4,1.7346765,1,2
20131014,2013-09,2014-03,6,0.00041390729,4.7,6.1,1.5105937,1,2
20140414,2014-03,2014-09,6,0.028762694,3.5,4.3,1.5920007,1,2
20141014,2014-09,2014-12,3,-0.0077586671,4.5,3.7,-0.027103651,1,2
20150128,2014-12,2015-03,3,-0.060541696,3,4.5,-0.3202058,1,1
20150414,2015-03,2015-09,6,0.006835489,3.4,3,-0.51984979,1,1
20151014,2015-09,2016-03,6,0.048012929,2.85,3.7,-0.78445208,1,0
20160414,2016-03,2016-09,6,0.0030258718,3.45,3.5,-0.65063498,0,0
20161014,2016-09,2017-03,6,-0.0044395135,4.9,3.5,0.32703423,0,0
20170413,2017-03,2017-09,6,0.0038347052,4.25,4.6,0.61125446,0,0
20171013,2017-09,2018-03,6,0,4.3,5,0.35120649,0,0
20180413,2018-03,2018-09,6,0.026042035,3.65,4.4,0.51284771,1,1
20181012,2018-09,2019-03,6,0.013290403,1.2,2.8,0.49306352,1,2
20190412,2019-03,2019-09,6,0.0045420903,0.85,1.3,0.56973507,1,2
20191014,2019-09,2020-02,5,-0.030252001,1.6,0.6,0.61089177,1,1
20200330,2020-02,2020-09,7,-0.0030847897,-4.7333333,1.6,-0.41685822,-1,-1
20201014,2020-09,2021-03,6,-0.004206943,2.4,-3.9,0.33597998,0,0
20210414,2021-03,2021-09,6,0.00080200502,14.3,4.9,2.4003546,0,0
20211014,2021-09,2021-12,3,0.0064096158,8,9.7,3.6935935,1,1
20220125,2021-12,2022-03,3,0.060778765,4.4,8,4.5855506,1,2
20220414,2022-03,2022-06,3,0.096211854,5,4.4,5.9147325,2,4
20220714,2022-06,2022-09,3,0.096958314,4.4,5,7.3358759,2,4
20221014,2022-09,2023-03,6,0.042372891,1.45,4.4,6.4087841,2,4
20230414,2023-03,2023-09,6,0.034276135,1.1,0.5,4.6081636,1,3
20231013,2023-09,2023-12,3,0.025227582,3.1,1.6,4.0300585,1,3
20240129,2023-12,2024-03,3,0.02078299,4.3,3.1,3.2358256,1,3
20240412,2024-03,2024-06,3,0.021386613,4.8,4.3,2.7579296,1,3
20240726,2024-06,2024-09,3,0.015965252,7,4.8,2.1767496,1,3
20241014,2024-09,2024-12,3,-0.014898918,5.3,7,1.4170776,1,3
20250124,2024-12,2025-03,3,0.015607007,4.5,5.3,0.99481186,1,2
20250414,2025-03,2025-06,3,-0.0046048267,5.4,4.5,0.80817225,1,1
20250730,2025-06,2025-09,3,-0.0014179369,4.5,5.4,0.61585251,1,1
20251014,2025-09,2025-12,3,0.0021267169,5.7,4.5,1.1940438,1,1
20260129,2025-12,2026-03,3,0.030711001,6.3,5.7,1.4847379,1,1
20260414,2026-03,2026-06,3,-0.0052782062,5.9,6.3,1.8409203,1,2
