currency,period,value
JPY,1988-01,0.015902
JPY,1988-02,0.015631
JPY,1988-03,0.015818
JPY,1988-04,0.016038
JPY,1988-05,0.01611
JPY,1988-06,0.015947
JPY,1988-07,0.01536
JPY,1988-08,0.015269
JPY,1988-09,0.01517
JPY,1988-10,0.01565
JPY,1988-11,0.015929
JPY,1988-12,0.015729
JPY,1989-01,0.015263
JPY,1989-02,0.015122
JPY,1989-03,0.014888
JPY,1989-04,0.014764
JPY,1989-05,0.014176
JPY,1989-06,0.013619
JPY,1989-07,0.013921
JPY,1989-08,0.013876
JPY,1989-09,0.013617
JPY,1989-10,0.013827
JPY,1989-11,0.013649
JPY,1989-12,0.013351
JPY,1990-01,0.013015
JPY,1990-02,0.012808
JPY,1990-03,0.012266
JPY,1990-04,0.011851
JPY,1990-05,0.012089
JPY,1990-06,0.012011
JPY,1990-07,0.012211
JPY,1990-08,0.012148
JPY,1990-09,0.012714
JPY,1990-10,0.013294
JPY,1990-11,0.013253
JPY,1990-12,0.012916
JPY,1991-01,0.013026
JPY,1991-02,0.013171
JPY,1991-03,0.012822
JPY,1991-04,0.012891
JPY,1991-05,0.012804
JPY,1991-06,0.012714
JPY,1991-07,0.012731
JPY,1991-08,0.012613
JPY,1991-09,0.012652
JPY,1991-10,0.01295
JPY,1991-11,0.012888
JPY,1991-12,0.012853
JPY,1992-01,0.013059
JPY,1992-02,0.012827
JPY,1992-03,0.012504
JPY,1992-04,0.012398
JPY,1992-05,0.012544
JPY,1992-06,0.012809
JPY,1992-07,0.012844
JPY,1992-08,0.012735
JPY,1992-09,0.013028
JPY,1992-10,0.013275
JPY,1992-11,0.013177
JPY,1992-12,0.013223
JPY,1993-01,0.013218
JPY,1993-02,0.013613
JPY,1993-03,0.014049
JPY,1993-04,0.014447
JPY,1993-05,0.014628
JPY,1993-06,0.015068
JPY,1993-07,0.015042
JPY,1993-08,0.015539
JPY,1993-09,0.015166
JPY,1993-10,0.014707
JPY,1993-11,0.01479
JPY,1993-12,0.014547
JPY,1994-01,0.014375
JPY,1994-02,0.014964
JPY,1994-03,0.015051
JPY,1994-04,0.015103
JPY,1994-05,0.014918
JPY,1994-06,0.014905
JPY,1994-07,0.015372
JPY,1994-08,0.01507
JPY,1994-09,0.015074
JPY,1994-10,0.014977
JPY,1994-11,0.014977
JPY,1994-12,0.014631
JPY,1995-01,0.014561
JPY,1995-02,0.014805
JPY,1995-03,0.015698
JPY,1995-04,0.016739
JPY,1995-05,0.016422
JPY,1995-06,0.016503
JPY,1995-07,0.016042
JPY,1995-08,0.014916
JPY,1995-09,0.014264
JPY,1995-10,0.014142
JPY,1995-11,0.013861
JPY,1995-12,0.013894
JPY,1996-01,0.013458
JPY,1996-02,0.013353
JPY,1996-03,0.01331
JPY,1996-04,0.013105
JPY,1996-05,0.01324
JPY,1996-06,0.012938
JPY,1996-07,0.012951
JPY,1996-08,0.013105
JPY,1996-09,0.012827
JPY,1996-10,0.012575
JPY,1996-11,0.01249
JPY,1996-12,0.012298
JPY,1997-01,0.011935
JPY,1997-02,0.011543
JPY,1997-03,0.011714
JPY,1997-04,0.011478
JPY,1997-05,0.012062
JPY,1997-06,0.012491
JPY,1997-07,0.012592
JPY,1997-08,0.012697
JPY,1997-09,0.012565
JPY,1997-10,0.012863
JPY,1997-11,0.012652
JPY,1997-12,0.012728
JPY,1998-01,0.013471
JPY,1998-02,0.013173
JPY,1998-03,0.012567
JPY,1998-04,0.01215
JPY,1998-05,0.012133
JPY,1998-06,0.012069
JPY,1998-07,0.012138
JPY,1998-08,0.012138
JPY,1998-09,0.012831
JPY,1998-10,0.013516
JPY,1998-11,0.013619
JPY,1998-12,0.014076
JPY,1999-01,0.014834
JPY,1999-02,0.014599
JPY,1999-03,0.014459
JPY,1999-04,0.014321
JPY,1999-05,0.014051
JPY,1999-06,0.014171
JPY,1999-07,0.014172
JPY,1999-08,0.014826
JPY,1999-09,0.015816
JPY,1999-10,0.015809
JPY,1999-11,0.015951
JPY,1999-12,0.016316
JPY,2000-01,0.015939
JPY,2000-02,0.015538
JPY,2000-03,0.016071
JPY,2000-04,0.016209
JPY,2000-05,0.015974
JPY,2000-06,0.016263
JPY,2000-07,0.016129
JPY,2000-08,0.015913
JPY,2000-09,0.016273
JPY,2000-10,0.01616
JPY,2000-11,0.01604
JPY,2000-12,0.015497
JPY,2001-01,0.014871
JPY,2001-02,0.015002
JPY,2001-03,0.014597
JPY,2001-04,0.014626
JPY,2001-05,0.014888
JPY,2001-06,0.014871
JPY,2001-07,0.014636
JPY,2001-08,0.014495
JPY,2001-09,0.014717
JPY,2001-10,0.014921
JPY,2001-11,0.014951
JPY,2001-12,0.014432
JPY,2002-01,0.013869
JPY,2002-02,0.013706
JPY,2002-03,0.013946
JPY,2002-04,0.013969
JPY,2002-05,0.014235
JPY,2002-06,0.014436
JPY,2002-07,0.014847
JPY,2002-08,0.014758
JPY,2002-09,0.014635
JPY,2002-10,0.014411
JPY,2002-11,0.014525
JPY,2002-12,0.014376
JPY,2003-01,0.01461
JPY,2003-02,0.014631
JPY,2003-03,0.014779
JPY,2003-04,0.014823
JPY,2003-05,0.014779
JPY,2003-06,0.014659
JPY,2003-07,0.01479
JPY,2003-08,0.014757
JPY,2003-09,0.01517
JPY,2003-10,0.015829
JPY,2003-11,0.015832
JPY,2003-12,0.015866
JPY,2004-01,0.015964
JPY,2004-02,0.015825
JPY,2004-03,0.015648
JPY,2004-04,0.015674
JPY,2004-05,0.015265
JPY,2004-06,0.015653
JPY,2004-07,0.01566
JPY,2004-08,0.015534
JPY,2004-09,0.015411
JPY,2004-10,0.015394
JPY,2004-11,0.015766
JPY,2004-12,0.015816
JPY,2005-01,0.015863
JPY,2005-02,0.015623
JPY,2005-03,0.0155
JPY,2005-04,0.015402
JPY,2005-05,0.015491
JPY,2005-06,0.015391
JPY,2005-07,0.015044
JPY,2005-08,0.015024
JPY,2005-09,0.015132
JPY,2005-10,0.014733
JPY,2005-11,0.014332
JPY,2005-12,0.014123
JPY,2006-01,0.014169
JPY,2006-02,0.013819
JPY,2006-03,0.01383
JPY,2006-04,0.013684
JPY,2006-05,0.01411
JPY,2006-06,0.013885
JPY,2006-07,0.01369
JPY,2006-08,0.0136
JPY,2006-09,0.013487
JPY,2006-10,0.013308
JPY,2006-11,0.013277
JPY,2006-12,0.013146
JPY,2007-01,0.012771
JPY,2007-02,0.012717
JPY,2007-03,0.012997
JPY,2007-04,0.012749
JPY,2007-05,0.012613
JPY,2007-06,0.012531
JPY,2007-07,0.012467
JPY,2007-08,0.013067
JPY,2007-09,0.013147
JPY,2007-10,0.012667
JPY,2007-11,0.01304
JPY,2007-12,0.01291
JPY,2008-01,0.013271
JPY,2008-02,0.01316
JPY,2008-03,0.013755
JPY,2008-04,0.013308
JPY,2008-05,0.013113
JPY,2008-06,0.012793
JPY,2008-07,0.012732
JPY,2008-08,0.012838
JPY,2008-09,0.013403
JPY,2008-10,0.014731
JPY,2008-11,0.015551
JPY,2008-12,0.016198
JPY,2009-01,0.016443
JPY,2009-02,0.016432
JPY,2009-03,0.015659
JPY,2009-04,0.015244
JPY,2009-05,0.01515
JPY,2009-06,0.015047
JPY,2009-07,0.015352
JPY,2009-08,0.01523
JPY,2009-09,0.015574
JPY,2009-10,0.015497
JPY,2009-11,0.015548
JPY,2009-12,0.015568
JPY,2010-01,0.015306
JPY,2010-02,0.01565
JPY,2010-03,0.015473
JPY,2010-04,0.014798
JPY,2010-05,0.015113
JPY,2010-06,0.015384
JPY,2010-07,0.015722
JPY,2010-08,0.015872
JPY,2010-09,0.015822
JPY,2010-10,0.015937
JPY,2010-11,0.015749
JPY,2010-12,0.015695
JPY,2011-01,0.015598
JPY,2011-02,0.01545
JPY,2011-03,0.015523
JPY,2011-04,0.014973
JPY,2011-05,0.015252
JPY,2011-06,0.01534
JPY,2011-07,0.015328
JPY,2011-08,0.015672
JPY,2011-09,0.016286
JPY,2011-10,0.016662
JPY,2011-11,0.016639
JPY,2011-12,0.016643
JPY,2012-01,0.016642
JPY,2012-02,0.015997
JPY,2012-03,0.015262
JPY,2012-04,0.015378
JPY,2012-05,0.015835
JPY,2012-06,0.016126
JPY,2012-07,0.015968
JPY,2012-08,0.015876
JPY,2012-09,0.015759
JPY,2012-10,0.015528
JPY,2012-11,0.015113
JPY,2012-12,0.01458
JPY,2013-01,0.013796
JPY,2013-02,0.013305
JPY,2013-03,0.013147
JPY,2013-04,0.012686
JPY,2013-05,0.012364
JPY,2013-06,0.012947
JPY,2013-07,0.012726
JPY,2013-08,0.013009
JPY,2013-09,0.012736
JPY,2013-10,0.012719
JPY,2013-11,0.01248
JPY,2013-12,0.012169
JPY,2014-01,0.012233
JPY,2014-02,0.012408
JPY,2014-03,0.012391
JPY,2014-04,0.012243
JPY,2014-05,0.012297
JPY,2014-06,0.012263
JPY,2014-07,0.012223
JPY,2014-08,0.012128
JPY,2014-09,0.011782
JPY,2014-10,0.011805
JPY,2014-11,0.01116
JPY,2014-12,0.011021
JPY,2015-01,0.011301
JPY,2015-02,0.01142
JPY,2015-03,0.011436
JPY,2015-04,0.011294
JPY,2015-05,0.011055
JPY,2015-06,0.010878
JPY,2015-07,0.011043
JPY,2015-08,0.011378
JPY,2015-09,0.011785
JPY,2015-10,0.011678
JPY,2015-11,0.011538
JPY,2015-12,0.011562
JPY,2016-01,0.012131
JPY,2016-02,0.012255
JPY,2016-03,0.012169
JPY,2016-04,0.012326
JPY,2016-05,0.01258
JPY,2016-06,0.012863
JPY,2016-07,0.01297
JPY,2016-08,0.013308
JPY,2016-09,0.013337
JPY,2016-10,0.013338
JPY,2016-11,0.013064
JPY,2016-12,0.012389
JPY,2017-01,0.012436
JPY,2017-02,0.012516
JPY,2017-03,0.012441
JPY,2017-04,0.012701
JPY,2017-05,0.012432
JPY,2017-06,0.012481
JPY,2017-07,0.012201
JPY,2017-08,0.012388
JPY,2017-09,0.012195
JPY,2017-10,0.012044
JPY,2017-11,0.012016
JPY,2017-12,0.011926
JPY,2018-01,0.011908
JPY,2018-02,0.012222
JPY,2018-03,0.012402
JPY,2018-04,0.012228
JPY,2018-05,0.012202
JPY,2018-06,0.01225
JPY,2018-07,0.012237
JPY,2018-08,0.012321
JPY,2018-09,0.012254
JPY,2018-10,0.012222
JPY,2018-11,0.012137
JPY,2018-12,0.0122
JPY,2019-01,0.012457
JPY,2019-02,0.012263
JPY,2019-03,0.012182
JPY,2019-04,0.01215
JPY,2019-05,0.012463
JPY,2019-06,0.012615
JPY,2019-07,0.012576
JPY,2019-08,0.013025
JPY,2019-09,0.012846
JPY,2019-10,0.012684
JPY,2019-11,0.012512
JPY,2019-12,0.012436
JPY,2020-01,0.012357
JPY,2020-02,0.012629
JPY,2020-03,0.013193
JPY,2020-04,0.013216
JPY,2020-05,0.013227
JPY,2020-06,0.012959
JPY,2020-07,0.012991
JPY,2020-08,0.012915
JPY,2020-09,0.012932
JPY,2020-10,0.012919
JPY,2020-11,0.012915
JPY,2020-12,0.012836
JPY,2021-01,0.012782
JPY,2021-02,0.012606
JPY,2021-03,0.012358
JPY,2021-04,0.012241
JPY,2021-05,0.012185
JPY,2021-06,0.012109
JPY,2021-07,0.012278
JPY,2021-08,0.012339
JPY,2021-09,0.012234
JPY,2021-10,0.011946
JPY,2021-11,0.011895
JPY,2021-12,0.011969
JPY,2022-01,0.011756
JPY,2022-02,0.011688
JPY,2022-03,0.011479
JPY,2022-04,0.010822
JPY,2022-05,0.010728
JPY,2022-06,0.010337
JPY,2022-07,0.010208
JPY,2022-08,0.010248
JPY,2022-09,0.00988
JPY,2022-10,0.009695
JPY,2022-11,0.009741
JPY,2022-12,0.010014
JPY,2023-01,0.010168
JPY,2023-02,0.01002
JPY,2023-03,0.01003
JPY,2023-04,0.009981
JPY,2023-05,0.009773
JPY,2023-06,0.009536
JPY,2023-07,0.009463
JPY,2023-08,0.009324
JPY,2023-09,0.00923
JPY,2023-10,0.009156
JPY,2023-11,0.009007
JPY,2023-12,0.009247
JPY,2024-01,0.009149
JPY,2024-02,0.008998
JPY,2024-03,0.008954
JPY,2024-04,0.008822
JPY,2024-05,0.008669
JPY,2024-06,0.008561
JPY,2024-07,0.008524
JPY,2024-08,0.008993
JPY,2024-09,0.009054
JPY,2024-10,0.008759
JPY,2024-11,0.008698
JPY,2024-12,0.008794
JPY,2025-01,0.008697
JPY,2025-02,0.008874
JPY,2025-03,0.00896
JPY,2025-04,0.009178
JPY,2025-05,0.00895
JPY,2025-06,0.008888
JPY,2025-07,0.008723
JPY,2025-08,0.008705
JPY,2025-09,0.008688
JPY,2025-10,0.00856
JPY,2025-11,0.008403
JPY,2025-12,0.00829
JPY,2026-01,0.008165
JPY,2026-02,0.00817
JPY,2026-03,0.008064
JPY,2026-04,0.008016
JPY,2026-05,0.008065
JPY,2026-06,0.008014
JPY,2026-07,0.007948
JPY,2026-08,0.008037
MYR,1988-01,0.7976
MYR,1988-02,0.7824
MYR,1988-03,0.784
MYR,1988-04,0.7785
MYR,1988-05,0.778
MYR,1988-06,0.7841
MYR,1988-07,0.7794
MYR,1988-08,0.7699
MYR,1988-09,0.7658
MYR,1988-10,0.7548
MYR,1988-11,0.7328
MYR,1988-12,0.7216
MYR,1989-01,0.7134
MYR,1989-02,0.7059
MYR,1989-03,0.7049
MYR,1989-04,0.7159
MYR,1989-05,0.7259
MYR,1989-06,0.7228
MYR,1989-07,0.7304
MYR,1989-08,0.7305
MYR,1989-09,0.7322
MYR,1989-10,0.7282
MYR,1989-11,0.7246
MYR,1989-12,0.7094
MYR,1990-01,0.6988
MYR,1990-02,0.6895
MYR,1990-03,0.691
MYR,1990-04,0.689
MYR,1990-05,0.6875
MYR,1990-06,0.6814
MYR,1990-07,0.6729
MYR,1990-08,0.6644
MYR,1990-09,0.655
MYR,1990-10,0.6398
MYR,1990-11,0.6341
MYR,1990-12,0.6388
MYR,1991-01,0.6428
MYR,1991-02,0.6367
MYR,1991-03,0.641
MYR,1991-04,0.6434
MYR,1991-05,0.6412
MYR,1991-06,0.6395
MYR,1991-07,0.6302
MYR,1991-08,0.6212
MYR,1991-09,0.6169
MYR,1991-10,0.6165
MYR,1991-11,0.6097
MYR,1991-12,0.6003
MYR,1992-01,0.607
MYR,1992-02,0.629
MYR,1992-03,0.6436
MYR,1992-04,0.6489
MYR,1992-05,0.6498
MYR,1992-06,0.6446
MYR,1992-07,0.6455
MYR,1992-08,0.6437
MYR,1992-09,0.6386
MYR,1992-10,0.6414
MYR,1992-11,0.647
MYR,1992-12,0.638
MYR,1993-01,0.6361
MYR,1993-02,0.6262
MYR,1993-03,0.6308
MYR,1993-04,0.6293
MYR,1993-05,0.6288
MYR,1993-06,0.6292
MYR,1993-07,0.6308
MYR,1993-08,0.6309
MYR,1993-09,0.6271
MYR,1993-10,0.6171
MYR,1993-11,0.6247
MYR,1993-12,0.6216
MYR,1994-01,0.5918
MYR,1994-02,0.5744
MYR,1994-03,0.5825
MYR,1994-04,0.5814
MYR,1994-05,0.5916
MYR,1994-06,0.5904
MYR,1994-07,0.5837
MYR,1994-08,0.5869
MYR,1994-09,0.5824
MYR,1994-10,0.5771
MYR,1994-11,0.5736
MYR,1994-12,0.5718
MYR,1995-01,0.5686
MYR,1995-02,0.5696
MYR,1995-03,0.5576
MYR,1995-04,0.5638
MYR,1995-05,0.5647
MYR,1995-06,0.571
MYR,1995-07,0.5709
MYR,1995-08,0.5688
MYR,1995-09,0.5708
MYR,1995-10,0.5623
MYR,1995-11,0.5565
MYR,1995-12,0.5569
MYR,1996-01,0.556
MYR,1996-02,0.5544
MYR,1996-03,0.5541
MYR,1996-04,0.5607
MYR,1996-05,0.5647
MYR,1996-06,0.5645
MYR,1996-07,0.5683
MYR,1996-08,0.5667
MYR,1996-09,0.5632
MYR,1996-10,0.5635
MYR,1996-11,0.5558
MYR,1996-12,0.5545
MYR,1997-01,0.5649
MYR,1997-02,0.5709
MYR,1997-03,0.5798
MYR,1997-04,0.5763
MYR,1997-05,0.5728
MYR,1997-06,0.5672
MYR,1997-07,0.5635
MYR,1997-08,0.5451
MYR,1997-09,0.5045
MYR,1997-10,0.4744
MYR,1997-11,0.4676
MYR,1997-12,0.4367
MYR,1998-01,0.399
MYR,1998-02,0.4321
MYR,1998-03,0.4329
MYR,1998-04,0.4281
MYR,1998-05,0.4297
MYR,1998-06,0.4243
MYR,1998-07,0.411
MYR,1998-08,0.4176
MYR,1998-09,0.4529
MYR,1998-10,0.4317
MYR,1998-11,0.4313
MYR,1998-12,0.435
MYR,1999-01,0.4416
MYR,1999-02,0.4469
MYR,1999-03,0.4551
MYR,1999-04,0.4509
MYR,1999-05,0.4506
MYR,1999-06,0.4506
MYR,1999-07,0.4464
MYR,1999-08,0.442
MYR,1999-09,0.4463
MYR,1999-10,0.4412
MYR,1999-11,0.4396
MYR,1999-12,0.4407
MYR,2000-01,0.4403
MYR,2000-02,0.4475
MYR,2000-03,0.4514
MYR,2000-04,0.4499
MYR,2000-05,0.4548
MYR,2000-06,0.4547
MYR,2000-07,0.458
MYR,2000-08,0.4526
MYR,2000-09,0.4574
MYR,2000-10,0.4609
MYR,2000-11,0.4597
MYR,2000-12,0.457
MYR,2001-01,0.457
MYR,2001-02,0.4587
MYR,2001-03,0.466
MYR,2001-04,0.4767
MYR,2001-05,0.4772
MYR,2001-06,0.4778
MYR,2001-07,0.4799
MYR,2001-08,0.4636
MYR,2001-09,0.4601
MYR,2001-10,0.476
MYR,2001-11,0.4814
MYR,2001-12,0.4835
MYR,2002-01,0.4839
MYR,2002-02,0.4819
MYR,2002-03,0.4812
MYR,2002-04,0.4813
MYR,2002-05,0.4736
MYR,2002-06,0.4693
MYR,2002-07,0.4611
MYR,2002-08,0.4618
MYR,2002-09,0.4646
MYR,2002-10,0.47
MYR,2002-11,0.4645
MYR,2002-12,0.4613
MYR,2003-01,0.4567
MYR,2003-02,0.4594
MYR,2003-03,0.4612
MYR,2003-04,0.4675
MYR,2003-05,0.4564
MYR,2003-06,0.4564
MYR,2003-07,0.4619
MYR,2003-08,0.4614
MYR,2003-09,0.4595
MYR,2003-10,0.4561
MYR,2003-11,0.455
MYR,2003-12,0.4502
MYR,2004-01,0.447
MYR,2004-02,0.4437
MYR,2004-03,0.4473
MYR,2004-04,0.4432
MYR,2004-05,0.45
MYR,2004-06,0.4506
MYR,2004-07,0.4505
MYR,2004-08,0.4511
MYR,2004-09,0.4463
MYR,2004-10,0.4415
MYR,2004-11,0.4345
MYR,2004-12,0.432
MYR,2005-01,0.4311
MYR,2005-02,0.431
MYR,2005-03,0.4292
MYR,2005-04,0.4351
MYR,2005-05,0.4345
MYR,2005-06,0.4399
MYR,2005-07,0.4445
MYR,2005-08,0.4421
MYR,2005-09,0.446
MYR,2005-10,0.4481
MYR,2005-11,0.4495
MYR,2005-12,0.4434
MYR,2006-01,0.4352
MYR,2006-02,0.4371
MYR,2006-03,0.4378
MYR,2006-04,0.4372
MYR,2006-05,0.4363
MYR,2006-06,0.4339
MYR,2006-07,0.4316
MYR,2006-08,0.4288
MYR,2006-09,0.43
MYR,2006-10,0.4292
MYR,2006-11,0.4272
MYR,2006-12,0.4336
MYR,2007-01,0.4384
MYR,2007-02,0.4387
MYR,2007-03,0.4367
MYR,2007-04,0.4407
MYR,2007-05,0.4474
MYR,2007-06,0.446
MYR,2007-07,0.4405
MYR,2007-08,0.437
MYR,2007-09,0.4354
MYR,2007-10,0.4342
MYR,2007-11,0.431
MYR,2007-12,0.4346
MYR,2008-01,0.4379
MYR,2008-02,0.4377
MYR,2008-03,0.4348
MYR,2008-04,0.4315
MYR,2008-05,0.4247
MYR,2008-06,0.4197
MYR,2008-07,0.4181
MYR,2008-08,0.4216
MYR,2008-09,0.4153
MYR,2008-10,0.419
MYR,2008-11,0.42
MYR,2008-12,0.4165
MYR,2009-01,0.4173
MYR,2009-02,0.4175
MYR,2009-03,0.4164
MYR,2009-04,0.4168
MYR,2009-05,0.4149
MYR,2009-06,0.4128
MYR,2009-07,0.4088
MYR,2009-08,0.4098
MYR,2009-09,0.4074
MYR,2009-10,0.4108
MYR,2009-11,0.4098
MYR,2009-12,0.4091
MYR,2010-01,0.4137
MYR,2010-02,0.4136
MYR,2010-03,0.4211
MYR,2010-04,0.4312
MYR,2010-05,0.4282
MYR,2010-06,0.4284
MYR,2010-07,0.4295
MYR,2010-08,0.43
MYR,2010-09,0.43
MYR,2010-10,0.4208
MYR,2010-11,0.4167
MYR,2010-12,0.418
MYR,2011-01,0.4208
MYR,2011-02,0.4194
MYR,2011-03,0.4178
MYR,2011-04,0.4142
MYR,2011-05,0.4107
MYR,2011-06,0.4076
MYR,2011-07,0.4064
MYR,2011-08,0.4052
MYR,2011-09,0.4059
MYR,2011-10,0.4073
MYR,2011-11,0.4087
MYR,2011-12,0.4097
MYR,2012-01,0.4113
MYR,2012-02,0.4147
MYR,2012-03,0.4134
MYR,2012-04,0.4087
MYR,2012-05,0.4069
MYR,2012-06,0.4021
MYR,2012-07,0.3983
MYR,2012-08,0.4002
MYR,2012-09,0.3999
MYR,2012-10,0.4005
MYR,2012-11,0.4
MYR,2012-12,0.3996
MYR,2013-01,0.4043
MYR,2013-02,0.3996
MYR,2013-03,0.401
MYR,2013-04,0.406
MYR,2013-05,0.4138
MYR,2013-06,0.4003
MYR,2013-07,0.3974
MYR,2013-08,0.3882
MYR,2013-09,0.3886
MYR,2013-10,0.3915
MYR,2013-11,0.3899
MYR,2013-12,0.3874
MYR,2014-01,0.3854
MYR,2014-02,0.3827
MYR,2014-03,0.3861
MYR,2014-04,0.3853
MYR,2014-05,0.3877
MYR,2014-06,0.3888
MYR,2014-07,0.3905
MYR,2014-08,0.3928
MYR,2014-09,0.3927
MYR,2014-10,0.3897
MYR,2014-11,0.3875
MYR,2014-12,0.378
MYR,2015-01,0.3733
MYR,2015-02,0.3765
MYR,2015-03,0.3742
MYR,2015-04,0.3715
MYR,2015-05,0.3705
MYR,2015-06,0.3596
MYR,2015-07,0.358
MYR,2015-08,0.3433
MYR,2015-09,0.3283
MYR,2015-10,0.3288
MYR,2015-11,0.3278
MYR,2015-12,0.3289
MYR,2016-01,0.33
MYR,2016-02,0.3361
MYR,2016-03,0.3372
MYR,2016-04,0.346
MYR,2016-05,0.3386
MYR,2016-06,0.3318
MYR,2016-07,0.3361
MYR,2016-08,0.3345
MYR,2016-09,0.3307
MYR,2016-10,0.3313
MYR,2016-11,0.3254
MYR,2016-12,0.3219
MYR,2017-01,0.3204
MYR,2017-02,0.3183
MYR,2017-03,0.3166
MYR,2017-04,0.3172
MYR,2017-05,0.3233
MYR,2017-06,0.3236
MYR,2017-07,0.3197
MYR,2017-08,0.3176
MYR,2017-09,0.3205
MYR,2017-10,0.3217
MYR,2017-11,0.325
MYR,2017-12,0.3302
MYR,2018-01,0.3343
MYR,2018-02,0.3374
MYR,2018-03,0.3367
MYR,2018-04,0.3384
MYR,2018-05,0.3378
MYR,2018-06,0.3369
MYR,2018-07,0.3367
MYR,2018-08,0.3344
MYR,2018-09,0.3313
MYR,2018-10,0.3316
MYR,2018-11,0.3285
MYR,2018-12,0.3284
MYR,2019-01,0.3295
MYR,2019-02,0.3321
MYR,2019-03,0.3319
MYR,2019-04,0.3297
MYR,2019-05,0.3286
MYR,2019-06,0.3274
MYR,2019-07,0.3299
MYR,2019-08,0.3307
MYR,2019-09,0.3298
MYR,2019-10,0.3274
MYR,2019-11,0.3274
MYR,2019-12,0.3272
MYR,2020-01,0.3311
MYR,2020-02,0.3338
MYR,2020-03,0.3297
MYR,2020-04,0.3269
MYR,2020-05,0.3265
MYR,2020-06,0.3261
MYR,2020-07,0.3255
MYR,2020-08,0.327
MYR,2020-09,0.3291
MYR,2020-10,0.3274
MYR,2020-11,0.3276
MYR,2020-12,0.3285
MYR,2021-01,0.3284
MYR,2021-02,0.3281
MYR,2021-03,0.3267
MYR,2021-04,0.3237
MYR,2021-05,0.3223
MYR,2021-06,0.3224
MYR,2021-07,0.3226
MYR,2021-08,0.3211
MYR,2021-09,0.3235
MYR,2021-10,0.3245
MYR,2021-11,0.3247
MYR,2021-12,0.3238
MYR,2022-01,0.3224
MYR,2022-02,0.3216
MYR,2022-03,0.3236
MYR,2022-04,0.32
MYR,2022-05,0.3152
MYR,2022-06,0.3144
MYR,2022-07,0.3141
MYR,2022-08,0.3099
MYR,2022-09,0.3111
MYR,2022-10,0.3036
MYR,2022-11,0.3008
MYR,2022-12,0.3063
MYR,2023-01,0.3063
MYR,2023-02,0.3049
MYR,2023-03,0.3002
MYR,2023-04,0.301
MYR,2023-05,0.2964
MYR,2023-06,0.2906
MYR,2023-07,0.2906
MYR,2023-08,0.2929
MYR,2023-09,0.2912
MYR,2023-10,0.2884
MYR,2023-11,0.2876
MYR,2023-12,0.286
MYR,2024-01,0.2851
MYR,2024-02,0.2819
MYR,2024-03,0.2842
MYR,2024-04,0.2847
MYR,2024-05,0.2864
MYR,2024-06,0.287
MYR,2024-07,0.2877
MYR,2024-08,0.2981
MYR,2024-09,0.3041
MYR,2024-10,0.3048
MYR,2024-11,0.3013
MYR,2024-12,0.3027
MYR,2025-01,0.3045
MYR,2025-02,0.3031
MYR,2025-03,0.3012
MYR,2025-04,0.2999
MYR,2025-05,0.3035
MYR,2025-06,0.3027
MYR,2025-07,0.3024
MYR,2025-08,0.3042
MYR,2025-09,0.3049
MYR,2025-10,0.3072
MYR,2025-11,0.3136
MYR,2025-12,0.3156
MYR,2026-01,0.3179
MYR,2026-02,0.3236
MYR,2026-03,0.3238
MYR,2026-04,0.3212
MYR,2026-05,0.3227
MYR,2026-06,0.3164
MYR,2026-07,0.3163
MYR,2026-08,0.3141
