date,slope,centre,slope_in_force,recentre_score,p
20010222,same,unchanged,1,0,1
20010712,zero,unchanged,0,0,0
20011010,zero,unchanged,0,0,0
20020102,zero,down,0,-1,-1
20020711,zero,unchanged,0,0,0
20030102,zero,unchanged,0,0,0
20030710,zero,down,0,-1,-1
20031010,zero,unchanged,0,0,0
20040412,steeper,unchanged,1,0,1
20041011,same,unchanged,1,0,1
20050412,same,unchanged,1,0,1
20051011,same,unchanged,1,0,1
20060411,same,unchanged,1,0,1
20061010,same,unchanged,1,0,1
20070410,same,unchanged,1,0,1
20071010,steeper,unchanged,1,0,1
20080410,same,up,1,1,2
20081010,zero,unchanged,0,0,0
20090414,zero,down,0,-1,-1
20091012,zero,unchanged,0,0,0
20100414,steeper,up,1,1,2
20101014,steeper,unchanged,1,0,1
20110414,same,up,1,1,2
20111014,flatter,unchanged,1,0,1
20120413,steeper,unchanged,1,0,1
20121012,same,unchanged,1,0,1
20130412,same,unchanged,1,0,1
20131014,same,unchanged,1,0,1
20140414,same,unchanged,1,0,1
20141014,same,unchanged,1,0,1
20150128,flatter,unchanged,1,0,1
20150414,same,unchanged,1,0,1
20151014,flatter,unchanged,1,0,1
20160414,zero,unchanged,0,0,0
20161014,zero,unchanged,0,0,0
20170413,zero,unchanged,0,0,0
20171013,zero,unchanged,0,0,0
20180413,steeper,unchanged,1,0,1
20181012,steeper,unchanged,1,0,1
20190412,same,unchanged,1,0,1
20191014,flatter,unchanged,1,0,1
20200330,zero,down,0,-1,-1
20201014,zero,unchanged,0,0,0
20210414,zero,unchanged,0,0,0
20211014,steeper,unchanged,1,0,1
20220125,steeper,unchanged,1,0,1
20220414,steeper,up,1,1,2
20220714,same,up,1,1,2
20221014,same,up,1,1,2
20230414,same,unchanged,1,0,1
20231013,same,unchanged,1,0,1
20240129,same,unchanged,1,0,1
20240412,same,unchanged,1,0,1
20240726,same,unchanged,1,0,1
20241014,same,unchanged,1,0,1
20250124,flatter,unchanged,1,0,1
20250414,flatter,unchanged,1,0,1
20250730,same,unchanged,1,0,1
20251014,same,unchanged,1,0,1
20260129,same,unchanged,1,0,1
20260414,steeper,unchanged,1,0,1
20260727,steeper,unchanged,1,0,1
