area,period,value
AU,1994-01,88.93
AU,1994-02,90.27
AU,1994-03,88.98
AU,1994-04,89.25
AU,1994-05,89.71
AU,1994-06,90.26
AU,1994-07,88.91
AU,1994-08,89.28
AU,1994-09,88.57
AU,1994-10,87.48
AU,1994-11,89.74
AU,1994-12,93.37
AU,1995-01,91.84
AU,1995-02,89.1
AU,1995-03,85.69
AU,1995-04,83.68
AU,1995-05,83.27
AU,1995-06,82.35
AU,1995-07,83.91
AU,1995-08,88.15
AU,1995-09,90.98
AU,1995-10,90.95
AU,1995-11,89.91
AU,1995-12,89.81
AU,1996-01,90.4
AU,1996-02,91.85
AU,1996-03,93.77
AU,1996-04,95.83
AU,1996-05,97.37
AU,1996-06,97.15
AU,1996-07,96.72
AU,1996-08,95.32
AU,1996-09,96.64
AU,1996-10,96.83
AU,1996-11,96.84
AU,1996-12,97.68
AU,1997-01,96.29
AU,1997-02,96.62
AU,1997-03,99.63
AU,1997-04,98.4
AU,1997-05,96.47
AU,1997-06,93.3
AU,1997-07,92.92
AU,1997-08,94.46
AU,1997-09,92.46
AU,1997-10,92.58
AU,1997-11,90.23
AU,1997-12,90
AU,1998-01,92.08
AU,1998-02,92.57
AU,1998-03,91.77
AU,1998-04,89.11
AU,1998-05,86.76
AU,1998-06,85.06
AU,1998-07,87.21
AU,1998-08,83.73
AU,1998-09,81.16
AU,1998-10,82.23
AU,1998-11,84.51
AU,1998-12,81.93
AU,1999-01,83.19
AU,1999-02,85.36
AU,1999-03,85.3
AU,1999-04,86.67
AU,1999-05,89.82
AU,1999-06,89.73
AU,1999-07,90.12
AU,1999-08,87.29
AU,1999-09,87.26
AU,1999-10,87
AU,1999-11,85.78
AU,1999-12,86.23
AU,2000-01,88.81
AU,2000-02,86.22
AU,2000-03,83.35
AU,2000-04,81.6
AU,2000-05,81.15
AU,2000-06,83.56
AU,2000-07,84.67
AU,2000-08,85.18
AU,2000-09,82.12
AU,2000-10,79.06
AU,2000-11,78.28
AU,2000-12,81.3
AU,2001-01,82.71
AU,2001-02,80.33
AU,2001-03,77.07
AU,2001-04,77.5
AU,2001-05,80.47
AU,2001-06,80.9
AU,2001-07,79.94
AU,2001-08,80.5
AU,2001-09,77.28
AU,2001-10,78.15
AU,2001-11,81.01
AU,2001-12,81.32
AU,2002-01,82.52
AU,2002-02,82.34
AU,2002-03,83.7
AU,2002-04,84.82
AU,2002-05,85.6
AU,2002-06,87.17
AU,2002-07,83.59
AU,2002-08,82.55
AU,2002-09,83.4
AU,2002-10,84.33
AU,2002-11,85.14
AU,2002-12,85.29
AU,2003-01,86.84
AU,2003-02,88.41
AU,2003-03,89.28
AU,2003-04,90.09
AU,2003-05,93.52
AU,2003-06,95.92
AU,2003-07,96.49
AU,2003-08,95.5
AU,2003-09,95.89
AU,2003-10,98.42
AU,2003-11,101.57
AU,2003-12,103.18
AU,2004-01,106.33
AU,2004-02,107.09
AU,2004-03,104.36
AU,2004-04,103.66
AU,2004-05,99.42
AU,2004-06,97.16
AU,2004-07,99.77
AU,2004-08,99.42
AU,2004-09,98.04
AU,2004-10,101.17
AU,2004-11,104.27
AU,2004-12,102.76
AU,2005-01,103.13
AU,2005-02,104.98
AU,2005-03,104.96
AU,2005-04,104.19
AU,2005-05,103.84
AU,2005-06,106.01
AU,2005-07,105.3
AU,2005-08,105.3
AU,2005-09,105.69
AU,2005-10,105.12
AU,2005-11,103.86
AU,2005-12,104.42
AU,2006-01,103.88
AU,2006-02,103.44
AU,2006-03,101.76
AU,2006-04,102.3
AU,2006-05,104.41
AU,2006-06,102.68
AU,2006-07,104.58
AU,2006-08,105.52
AU,2006-09,104.61
AU,2006-10,104.66
AU,2006-11,105.78
AU,2006-12,105.8
AU,2007-01,106.13
AU,2007-02,105.48
AU,2007-03,106.12
AU,2007-04,109.86
AU,2007-05,109.63
AU,2007-06,112.26
AU,2007-07,114.02
AU,2007-08,109.21
AU,2007-09,110.34
AU,2007-10,115.59
AU,2007-11,113.52
AU,2007-12,110.89
AU,2008-01,111.05
AU,2008-02,113.96
AU,2008-03,113.34
AU,2008-04,113.46
AU,2008-05,116.76
AU,2008-06,117.33
AU,2008-07,118.11
AU,2008-08,111.24
AU,2008-09,104.96
AU,2008-10,90.9
AU,2008-11,89.21
AU,2008-12,89.76
AU,2009-01,90.84
AU,2009-02,88.96
AU,2009-03,91.69
AU,2009-04,96.77
AU,2009-05,101.71
AU,2009-06,105.72
AU,2009-07,106.05
AU,2009-08,109.21
AU,2009-09,111.26
AU,2009-10,115.83
AU,2009-11,116.91
AU,2009-12,115.67
AU,2010-01,117.69
AU,2010-02,115.53
AU,2010-03,118.62
AU,2010-04,120.43
AU,2010-05,115.41
AU,2010-06,114.38
AU,2010-07,115.42
AU,2010-08,117.34
AU,2010-09,120.65
AU,2010-10,122.65
AU,2010-11,123.84
AU,2010-12,125.79
AU,2011-01,125.46
AU,2011-02,126.15
AU,2011-03,125.52
AU,2011-04,129.49
AU,2011-05,130.41
AU,2011-06,129.47
AU,2011-07,131.03
AU,2011-08,127.06
AU,2011-09,125.73
AU,2011-10,125.05
AU,2011-11,125.25
AU,2011-12,126.44
AU,2012-01,129.29
AU,2012-02,131.48
AU,2012-03,129.39
AU,2012-04,126.98
AU,2012-05,124.18
AU,2012-06,126.36
AU,2012-07,131.32
AU,2012-08,132.76
AU,2012-09,129.74
AU,2012-10,127.95
AU,2012-11,129.85
AU,2012-12,129.97
AU,2013-01,130.67
AU,2013-02,128.51
AU,2013-03,130.1
AU,2013-04,130.53
AU,2013-05,125.04
AU,2013-06,119.7
AU,2013-07,117.44
AU,2013-08,115.59
AU,2013-09,118.46
AU,2013-10,120.29
AU,2013-11,118.86
AU,2013-12,114.73
AU,2014-01,113.62
AU,2014-02,114.79
AU,2014-03,116.12
AU,2014-04,118.99
AU,2014-05,118.77
AU,2014-06,119.93
AU,2014-07,120.14
AU,2014-08,119.72
AU,2014-09,117.79
AU,2014-10,115.28
AU,2014-11,115.28
AU,2014-12,111.38
AU,2015-01,111.07
AU,2015-02,107.52
AU,2015-03,108.17
AU,2015-04,107.63
AU,2015-05,109.55
AU,2015-06,107.81
AU,2015-07,104.5
AU,2015-08,104.16
AU,2015-09,101.37
AU,2015-10,103.03
AU,2015-11,103.89
AU,2015-12,105.38
AU,2016-01,103.06
AU,2016-02,102.98
AU,2016-03,107.06
AU,2016-04,108.13
AU,2016-05,104.12
AU,2016-06,105.5
AU,2016-07,108.25
AU,2016-08,108.89
AU,2016-09,108.41
AU,2016-10,110.1
AU,2016-11,110.86
AU,2016-12,109.78
AU,2017-01,110.9
AU,2017-02,113.02
AU,2017-03,112.48
AU,2017-04,110.46
AU,2017-05,108.39
AU,2017-06,109.28
AU,2017-07,112.19
AU,2017-08,112.51
AU,2017-09,112.36
AU,2017-10,110.95
AU,2017-11,108.68
AU,2017-12,108.34
AU,2018-01,110.25
AU,2018-02,107.54
AU,2018-03,106.28
AU,2018-04,105.44
AU,2018-05,105.16
AU,2018-06,105.91
AU,2018-07,106.33
AU,2018-08,106.14
AU,2018-09,104.18
AU,2018-10,103.67
AU,2018-11,106.32
AU,2018-12,104.85
AU,2019-01,103.44
AU,2019-02,102.57
AU,2019-03,101.84
AU,2019-04,102.56
AU,2019-05,101.23
AU,2019-06,101.1
AU,2019-07,101.66
AU,2019-08,99.8
AU,2019-09,100.5
AU,2019-10,99.73
AU,2019-11,100.04
AU,2019-12,100.84
AU,2020-01,100.12
AU,2020-02,97.83
AU,2020-03,91.64
AU,2020-04,93.4
AU,2020-05,96.15
AU,2020-06,100.32
AU,2020-07,101.93
AU,2020-08,103.72
AU,2020-09,104.06
AU,2020-10,102.2
AU,2020-11,103.35
AU,2020-12,105.28
AU,2021-01,107.19
AU,2021-02,107.47
AU,2021-03,108.38
AU,2021-04,108.44
AU,2021-05,108.4
AU,2021-06,107.1
AU,2021-07,105.26
AU,2021-08,103.82
AU,2021-09,103.86
AU,2021-10,105.34
AU,2021-11,104.49
AU,2021-12,103.33
AU,2022-01,103.73
AU,2022-02,103.28
AU,2022-03,107.34
AU,2022-04,108.99
AU,2022-05,107.06
AU,2022-06,107.07
AU,2022-07,106.48
AU,2022-08,108.89
AU,2022-09,107.58
AU,2022-10,104.25
AU,2022-11,106.94
AU,2022-12,106.87
AU,2023-01,107.84
AU,2023-02,108.12
AU,2023-03,105.3
AU,2023-04,104.83
AU,2023-05,105.48
AU,2023-06,107.97
AU,2023-07,108.02
AU,2023-08,105.25
AU,2023-09,105.52
AU,2023-10,105.1
AU,2023-11,106.6
AU,2023-12,108.54
AU,2024-01,108.53
AU,2024-02,106.92
AU,2024-03,107.8
AU,2024-04,108.51
AU,2024-05,110.31
AU,2024-06,111.14
AU,2024-07,111.1
AU,2024-08,108.3
AU,2024-09,108.89
AU,2024-10,108.94
AU,2024-11,108.5
AU,2024-12,106.11
AU,2025-01,105.31
AU,2025-02,105.8
AU,2025-03,104.8
AU,2025-04,103.71
AU,2025-05,105.15
AU,2025-06,105.6
AU,2025-07,106.28
AU,2025-08,106.14
AU,2025-09,107.36
AU,2025-10,107.04
AU,2025-11,107.13
AU,2025-12,108.8
AU,2026-01,111.21
AU,2026-02,114.57
AU,2026-03,115.44
AU,2026-04,115.41
AU,2026-05,116.75
AU,2026-06,115.06
AU,2026-07,115.03
AU,2026-08,116.11
CN,1994-01,52.99
CN,1994-02,53.26
CN,1994-03,53.43
CN,1994-04,54.36
CN,1994-05,54.71
CN,1994-06,54.93
CN,1994-07,54.32
CN,1994-08,56.32
CN,1994-09,58.21
CN,1994-10,58.33
CN,1994-11,58.94
CN,1994-12,60.52
CN,1995-01,62.18
CN,1995-02,62.18
CN,1995-03,60.38
CN,1995-04,59.6
CN,1995-05,60.83
CN,1995-06,60.19
CN,1995-07,60.1
CN,1995-08,62.59
CN,1995-09,64.98
CN,1995-10,64.36
CN,1995-11,64.73
CN,1995-12,65.09
CN,1996-01,67.03
CN,1996-02,67.62
CN,1996-03,67.87
CN,1996-04,69.09
CN,1996-05,68.94
CN,1996-06,68.81
CN,1996-07,68.11
CN,1996-08,68.5
CN,1996-09,70.08
CN,1996-10,70.04
CN,1996-11,69.8
CN,1996-12,70.62
CN,1997-01,72.31
CN,1997-02,74.3
CN,1997-03,73.99
CN,1997-04,74.87
CN,1997-05,73.34
CN,1997-06,72.08
CN,1997-07,72.14
CN,1997-08,73.56
CN,1997-09,74.98
CN,1997-10,74.44
CN,1997-11,75.57
CN,1997-12,78.99
CN,1998-01,81.61
CN,1998-02,80.34
CN,1998-03,80.01
CN,1998-04,79.71
CN,1998-05,79.06
CN,1998-06,79.5
CN,1998-07,78.41
CN,1998-08,79.59
CN,1998-09,79.14
CN,1998-10,75.76
CN,1998-11,75.36
CN,1998-12,74.6
CN,1999-01,74.75
CN,1999-02,76.16
CN,1999-03,76.95
CN,1999-04,76.37
CN,1999-05,75.58
CN,1999-06,74.89
CN,1999-07,74.51
CN,1999-08,73.57
CN,1999-09,74.3
CN,1999-10,73.39
CN,1999-11,73.1
CN,1999-12,72.74
CN,2000-01,73.94
CN,2000-02,75.89
CN,2000-03,74.49
CN,2000-04,74.21
CN,2000-05,74.98
CN,2000-06,73.29
CN,2000-07,73.34
CN,2000-08,74.1
CN,2000-09,75.75
CN,2000-10,76.3
CN,2000-11,77.08
CN,2000-12,76.92
CN,2001-01,77.94
CN,2001-02,78.11
CN,2001-03,78.94
CN,2001-04,79.88
CN,2001-05,78.94
CN,2001-06,78.73
CN,2001-07,78.91
CN,2001-08,77.26
CN,2001-09,77.29
CN,2001-10,77.91
CN,2001-11,78.52
CN,2001-12,79.16
CN,2002-01,80.48
CN,2002-02,81.7
CN,2002-03,79.85
CN,2002-04,78.94
CN,2002-05,76.87
CN,2002-06,75.03
CN,2002-07,73.17
CN,2002-08,73.73
CN,2002-09,74.51
CN,2002-10,74.99
CN,2002-11,74.11
CN,2002-12,73.96
CN,2003-01,73.44
CN,2003-02,73.87
CN,2003-03,73.11
CN,2003-04,72.91
CN,2003-05,70.41
CN,2003-06,69.6
CN,2003-07,69.91
CN,2003-08,70.52
CN,2003-09,70.15
CN,2003-10,68.96
CN,2003-11,70.01
CN,2003-12,69.17
CN,2004-01,69.06
CN,2004-02,68.61
CN,2004-03,69.3
CN,2004-04,69.77
CN,2004-05,70.43
CN,2004-06,69.23
CN,2004-07,68.92
CN,2004-08,69.52
CN,2004-09,69.77
CN,2004-10,68.57
CN,2004-11,66.84
CN,2004-12,65.85
CN,2005-01,66.66
CN,2005-02,67.73
CN,2005-03,66.31
CN,2005-04,66.65
CN,2005-05,66.6
CN,2005-06,67.17
CN,2005-07,68.4
CN,2005-08,68.43
CN,2005-09,68.64
CN,2005-10,69.53
CN,2005-11,70.62
CN,2005-12,70.49
CN,2006-01,69.93
CN,2006-02,70.94
CN,2006-03,69.94
CN,2006-04,69.21
CN,2006-05,67.41
CN,2006-06,67.97
CN,2006-07,67.79
CN,2006-08,67.71
CN,2006-09,68.78
CN,2006-10,69.42
CN,2006-11,69.4
CN,2006-12,69.65
CN,2007-01,71.15
CN,2007-02,72.12
CN,2007-03,70.96
CN,2007-04,70.09
CN,2007-05,70.57
CN,2007-06,71.35
CN,2007-07,71.61
CN,2007-08,72.37
CN,2007-09,72.17
CN,2007-10,71.15
CN,2007-11,71.23
CN,2007-12,72.62
CN,2008-01,74.01
CN,2008-02,76.26
CN,2008-03,74.3
CN,2008-04,74.67
CN,2008-05,74.94
CN,2008-06,75.33
CN,2008-07,75.29
CN,2008-08,77.05
CN,2008-09,79.18
CN,2008-10,82.63
CN,2008-11,84.79
CN,2008-12,82.82
CN,2009-01,84.43
CN,2009-02,86.68
CN,2009-03,86.51
CN,2009-04,84.5
CN,2009-05,81.78
CN,2009-06,80.17
CN,2009-07,79.85
CN,2009-08,79.21
CN,2009-09,78.46
CN,2009-10,77.21
CN,2009-11,77.03
CN,2009-12,78.28
CN,2010-01,78.86
CN,2010-02,80.88
CN,2010-03,79.7
CN,2010-04,79.65
CN,2010-05,81.67
CN,2010-06,82.08
CN,2010-07,81.19
CN,2010-08,80.35
CN,2010-09,80.33
CN,2010-10,79.14
CN,2010-11,80.68
CN,2010-12,81.71
CN,2011-01,81.99
CN,2011-02,82.42
CN,2011-03,81.14
CN,2011-04,80.21
CN,2011-05,80.35
CN,2011-06,80.6
CN,2011-07,80.86
CN,2011-08,81.52
CN,2011-09,84.12
CN,2011-10,85.16
CN,2011-11,85.71
CN,2011-12,87.05
CN,2012-01,88.27
CN,2012-02,87.07
CN,2012-03,87.25
CN,2012-04,87.14
CN,2012-05,87.87
CN,2012-06,87.74
CN,2012-07,87.67
CN,2012-08,87.33
CN,2012-09,86.64
CN,2012-10,86.84
CN,2012-11,88.36
CN,2012-12,88.6
CN,2013-01,89.86
CN,2013-02,91.33
CN,2013-03,91.61
CN,2013-04,92.51
CN,2013-05,93.3
CN,2013-06,93.32
CN,2013-07,94.11
CN,2013-08,94.17
CN,2013-09,94.44
CN,2013-10,93.42
CN,2013-11,94.56
CN,2013-12,95.41
CN,2014-01,97.24
CN,2014-02,97.17
CN,2014-03,94.28
CN,2014-04,92.18
CN,2014-05,91.67
CN,2014-06,91.67
CN,2014-07,92.2
CN,2014-08,93.76
CN,2014-09,96
CN,2014-10,97.51
CN,2014-11,99.68
CN,2014-12,100.86
CN,2015-01,102.56
CN,2015-02,104.13
CN,2015-03,104.98
CN,2015-04,104.37
CN,2015-05,103.02
CN,2015-06,103.64
CN,2015-07,105.27
CN,2015-08,104.79
CN,2015-09,104.72
CN,2015-10,103.77
CN,2015-11,105.41
CN,2015-12,104.88
CN,2016-01,104.47
CN,2016-02,105.45
CN,2016-03,103.66
CN,2016-04,101.73
CN,2016-05,100.94
CN,2016-06,99.33
CN,2016-07,98.35
CN,2016-08,97.63
CN,2016-09,97.96
CN,2016-10,97.76
CN,2016-11,98.32
CN,2016-12,99.19
CN,2017-01,99.59
CN,2017-02,98.63
CN,2017-03,97.28
CN,2017-04,96.45
CN,2017-05,95.7
CN,2017-06,95.96
CN,2017-07,96.06
CN,2017-08,96.64
CN,2017-09,97.95
CN,2017-10,98.19
CN,2017-11,98.09
CN,2017-12,98.27
CN,2018-01,99.17
CN,2018-02,101.54
CN,2018-03,100.04
CN,2018-04,100.29
CN,2018-05,100.91
CN,2018-06,100.23
CN,2018-07,97.34
CN,2018-08,96.47
CN,2018-09,97.02
CN,2018-10,96.64
CN,2018-11,96.6
CN,2018-12,97.49
CN,2019-01,98.3
CN,2019-02,100.26
CN,2019-03,100.14
CN,2019-04,99.84
CN,2019-05,98.38
CN,2019-06,96.94
CN,2019-07,97.57
CN,2019-08,96.48
CN,2019-09,96.63
CN,2019-10,97.33
CN,2019-11,98.72
CN,2019-12,98.41
CN,2020-01,100.32
CN,2020-02,101.85
CN,2020-03,101.37
CN,2020-04,101.11
CN,2020-05,99.35
CN,2020-06,97.49
CN,2020-07,98.1
CN,2020-08,98.05
CN,2020-09,99.99
CN,2020-10,100.65
CN,2020-11,100.91
CN,2020-12,100.79
CN,2021-01,101.7
CN,2021-02,103.22
CN,2021-03,103.06
CN,2021-04,101.77
CN,2021-05,101.54
CN,2021-06,101.54
CN,2021-07,102.48
CN,2021-08,102.41
CN,2021-09,102.49
CN,2021-10,104.24
CN,2021-11,105.47
CN,2021-12,106.27
CN,2022-01,105.32
CN,2022-02,106.22
CN,2022-03,107.31
CN,2022-04,106.34
CN,2022-05,102.83
CN,2022-06,103.12
CN,2022-07,105.23
CN,2022-08,103.7
CN,2022-09,103.34
CN,2022-10,101.83
CN,2022-11,98.61
CN,2022-12,98.49
CN,2023-01,98.78
CN,2023-02,98.77
CN,2023-03,97.65
CN,2023-04,95.92
CN,2023-05,94.71
CN,2023-06,92.77
CN,2023-07,91.96
CN,2023-08,92.53
CN,2023-09,93.31
CN,2023-10,93.57
CN,2023-11,92.58
CN,2023-12,92.73
CN,2024-01,92.32
CN,2024-02,94.07
CN,2024-03,92.65
CN,2024-04,92.91
CN,2024-05,92.13
CN,2024-06,92.12
CN,2024-07,92.23
CN,2024-08,91.79
CN,2024-09,91.67
CN,2024-10,92.54
CN,2024-11,92.15
CN,2024-12,92.26
CN,2025-01,92.65
CN,2025-02,92.23
CN,2025-03,90.56
CN,2025-04,87.66
CN,2025-05,86.84
CN,2025-06,86.18
CN,2025-07,86.37
CN,2025-08,86.77
CN,2025-09,87.21
CN,2025-10,87.97
CN,2025-11,88.82
CN,2025-12,89.44
CN,2026-01,89.52
CN,2026-02,90.74
CN,2026-03,91.5
CN,2026-04,91.01
CN,2026-05,90.83
CN,2026-06,92.23
CN,2026-07,92.67
CN,2026-08,91.77
HK,1994-01,100.31
HK,1994-02,100.19
HK,1994-03,99.33
HK,1994-04,99.84
HK,1994-05,99.95
HK,1994-06,99.66
HK,1994-07,98.35
HK,1994-08,98.61
HK,1994-09,97.98
HK,1994-10,97.96
HK,1994-11,98.44
HK,1994-12,99.74
HK,1995-01,98.93
HK,1995-02,98.9
HK,1995-03,96.77
HK,1995-04,95.2
HK,1995-05,95.71
HK,1995-06,96.1
HK,1995-07,96.73
HK,1995-08,99.45
HK,1995-09,101.13
HK,1995-10,101.16
HK,1995-11,101.53
HK,1995-12,101.66
HK,1996-01,102.21
HK,1996-02,102.78
HK,1996-03,102.92
HK,1996-04,103.87
HK,1996-05,104.05
HK,1996-06,105.08
HK,1996-07,105.19
HK,1996-08,104.43
HK,1996-09,105.65
HK,1996-10,106.9
HK,1996-11,106.85
HK,1996-12,107.9
HK,1997-01,108.58
HK,1997-02,110.9
HK,1997-03,111.71
HK,1997-04,112.63
HK,1997-05,112.09
HK,1997-06,111.82
HK,1997-07,114.35
HK,1997-08,116.44
HK,1997-09,117.07
HK,1997-10,118.96
HK,1997-11,121.15
HK,1997-12,127.01
HK,1998-01,131.45
HK,1998-02,128.5
HK,1998-03,127.78
HK,1998-04,127.92
HK,1998-05,129.11
HK,1998-06,131.66
HK,1998-07,131.79
HK,1998-08,132.2
HK,1998-09,129.03
HK,1998-10,122.31
HK,1998-11,121.26
HK,1998-12,119.64
HK,1999-01,120.14
HK,1999-02,120.91
HK,1999-03,121.81
HK,1999-04,121.12
HK,1999-05,121.17
HK,1999-06,121.08
HK,1999-07,119.26
HK,1999-08,116.64
HK,1999-09,115.97
HK,1999-10,115.26
HK,1999-11,114.82
HK,1999-12,114.27
HK,2000-01,112.8
HK,2000-02,113.41
HK,2000-03,113.28
HK,2000-04,113.33
HK,2000-05,115.16
HK,2000-06,113.47
HK,2000-07,113.95
HK,2000-08,114.05
HK,2000-09,114.42
HK,2000-10,115.54
HK,2000-11,116.04
HK,2000-12,115.32
HK,2001-01,114.62
HK,2001-02,113.65
HK,2001-03,115.34
HK,2001-04,116.97
HK,2001-05,116.62
HK,2001-06,117.65
HK,2001-07,118.28
HK,2001-08,115.41
HK,2001-09,114.81
HK,2001-10,115.54
HK,2001-11,116.21
HK,2001-12,113.94
HK,2002-01,114.88
HK,2002-02,115.22
HK,2002-03,114.94
HK,2002-04,113.73
HK,2002-05,111.12
HK,2002-06,109.35
HK,2002-07,107.42
HK,2002-08,107.74
HK,2002-09,107.44
HK,2002-10,108.17
HK,2002-11,106.75
HK,2002-12,105.93
HK,2003-01,103.88
HK,2003-02,103.28
HK,2003-03,103.27
HK,2003-04,103.27
HK,2003-05,100.03
HK,2003-06,99.18
HK,2003-07,98.92
HK,2003-08,99
HK,2003-09,98.04
HK,2003-10,97.32
HK,2003-11,97.18
HK,2003-12,95.97
HK,2004-01,94.91
HK,2004-02,93.62
HK,2004-03,94.22
HK,2004-04,94.21
HK,2004-05,94.85
HK,2004-06,94.11
HK,2004-07,93.7
HK,2004-08,93.79
HK,2004-09,93.36
HK,2004-10,92.86
HK,2004-11,91.08
HK,2004-12,89.9
HK,2005-01,89.64
HK,2005-02,89.45
HK,2005-03,88.84
HK,2005-04,89.68
HK,2005-05,89.78
HK,2005-06,91.72
HK,2005-07,92.45
HK,2005-08,91.06
HK,2005-09,91.52
HK,2005-10,92.58
HK,2005-11,93.8
HK,2005-12,93.36
HK,2006-01,91.55
HK,2006-02,91.35
HK,2006-03,91.45
HK,2006-04,90.54
HK,2006-05,88.79
HK,2006-06,89.99
HK,2006-07,89.92
HK,2006-08,89.34
HK,2006-09,89.49
HK,2006-10,89.79
HK,2006-11,88.91
HK,2006-12,88.03
HK,2007-01,88.33
HK,2007-02,86.4
HK,2007-03,87.14
HK,2007-04,85.46
HK,2007-05,85.08
HK,2007-06,85.66
HK,2007-07,84.67
HK,2007-08,84.51
HK,2007-09,84.06
HK,2007-10,83.97
HK,2007-11,82.43
HK,2007-12,82.76
HK,2008-01,80.78
HK,2008-02,81.01
HK,2008-03,79.12
HK,2008-04,78.63
HK,2008-05,79.23
HK,2008-06,79.59
HK,2008-07,79.4
HK,2008-08,80.07
HK,2008-09,80.79
HK,2008-10,83.88
HK,2008-11,87.56
HK,2008-12,86.29
HK,2009-01,86.69
HK,2009-02,87.82
HK,2009-03,88.88
HK,2009-04,87.46
HK,2009-05,85.03
HK,2009-06,84.04
HK,2009-07,83.73
HK,2009-08,81.54
HK,2009-09,81.01
HK,2009-10,81.76
HK,2009-11,81.14
HK,2009-12,81.87
HK,2010-01,81.65
HK,2010-02,83
HK,2010-03,82.25
HK,2010-04,81.94
HK,2010-05,83.1
HK,2010-06,83.94
HK,2010-07,80.43
HK,2010-08,79.32
HK,2010-09,78.5
HK,2010-10,78.47
HK,2010-11,78.81
HK,2010-12,79.37
HK,2011-01,78.69
HK,2011-02,78.6
HK,2011-03,77.79
HK,2011-04,77.26
HK,2011-05,77.1
HK,2011-06,77.02
HK,2011-07,76.23
HK,2011-08,73.84
HK,2011-09,75.83
HK,2011-10,78.8
HK,2011-11,79.38
HK,2011-12,80.56
HK,2012-01,80.83
HK,2012-02,79.57
HK,2012-03,80.07
HK,2012-04,80.17
HK,2012-05,81.09
HK,2012-06,82.15
HK,2012-07,80.45
HK,2012-08,79.67
HK,2012-09,78.59
HK,2012-10,80.47
HK,2012-11,81.09
HK,2012-12,80.94
HK,2013-01,81.36
HK,2013-02,82.16
HK,2013-03,82.78
HK,2013-04,83.5
HK,2013-05,83.86
HK,2013-06,83.89
HK,2013-07,84.94
HK,2013-08,82.66
HK,2013-09,82.51
HK,2013-10,83.64
HK,2013-11,84.25
HK,2013-12,84.71
HK,2014-01,85.38
HK,2014-02,85.3
HK,2014-03,85.01
HK,2014-04,85.47
HK,2014-05,85.06
HK,2014-06,85.27
HK,2014-07,85.77
HK,2014-08,84.01
HK,2014-09,87.36
HK,2014-10,89.22
HK,2014-11,90.81
HK,2014-12,92.23
HK,2015-01,93.03
HK,2015-02,93.94
HK,2015-03,94.61
HK,2015-04,93.26
HK,2015-05,92.55
HK,2015-06,92.94
HK,2015-07,94.16
HK,2015-08,93.56
HK,2015-09,95.9
HK,2015-10,96.83
HK,2015-11,98.4
HK,2015-12,98.88
HK,2016-01,99.63
HK,2016-02,99.39
HK,2016-03,98.04
HK,2016-04,95.82
HK,2016-05,96.36
HK,2016-06,96.04
HK,2016-07,97.01
HK,2016-08,96.28
HK,2016-09,96.64
HK,2016-10,97.78
HK,2016-11,99.67
HK,2016-12,101.39
HK,2017-01,100.81
HK,2017-02,99.64
HK,2017-03,99.6
HK,2017-04,99.37
HK,2017-05,98.54
HK,2017-06,97.5
HK,2017-07,97.27
HK,2017-08,95.89
HK,2017-09,94.77
HK,2017-10,95.95
HK,2017-11,95.89
HK,2017-12,95.33
HK,2018-01,93.34
HK,2018-02,93.14
HK,2018-03,92.8
HK,2018-04,92.88
HK,2018-05,94.41
HK,2018-06,95.42
HK,2018-07,97.19
HK,2018-08,97.77
HK,2018-09,98.01
HK,2018-10,98.94
HK,2018-11,99.36
HK,2018-12,99.43
HK,2019-01,98.26
HK,2019-02,98.31
HK,2019-03,97.85
HK,2019-04,98.64
HK,2019-05,99.17
HK,2019-06,99.79
HK,2019-07,100.16
HK,2019-08,101.09
HK,2019-09,101.19
HK,2019-10,100.72
HK,2019-11,100.26
HK,2019-12,100.11
HK,2020-01,97.69
HK,2020-02,101.35
HK,2020-03,102.94
HK,2020-04,104.66
HK,2020-05,104.2
HK,2020-06,102.61
HK,2020-07,98.66
HK,2020-08,99.31
HK,2020-09,96.56
HK,2020-10,98.55
HK,2020-11,97.71
HK,2020-12,95.75
HK,2021-01,96.21
HK,2021-02,96.12
HK,2021-03,97.15
HK,2021-04,97.37
HK,2021-05,96.07
HK,2021-06,95.95
HK,2021-07,97.04
HK,2021-08,96.69
HK,2021-09,94.05
HK,2021-10,96.57
HK,2021-11,96.35
HK,2021-12,96.39
HK,2022-01,96.05
HK,2022-02,95.77
HK,2022-03,95.94
HK,2022-04,96.15
HK,2022-05,97.46
HK,2022-06,97.5
HK,2022-07,98.55
HK,2022-08,98.19
HK,2022-09,100.3
HK,2022-10,101.99
HK,2022-11,100.22
HK,2022-12,98.31
HK,2023-01,96.45
HK,2023-02,96.4
HK,2023-03,96.83
HK,2023-04,96.27
HK,2023-05,96.95
HK,2023-06,98
HK,2023-07,97.37
HK,2023-08,97.86
HK,2023-09,98.96
HK,2023-10,100.55
HK,2023-11,99.64
HK,2023-12,98.27
HK,2024-01,98.53
HK,2024-02,98.71
HK,2024-03,98.7
HK,2024-04,98.99
HK,2024-05,98.58
HK,2024-06,99.16
HK,2024-07,99.69
HK,2024-08,97.42
HK,2024-09,96.28
HK,2024-10,97.77
HK,2024-11,99.53
HK,2024-12,100.3
HK,2025-01,101.51
HK,2025-02,100.27
HK,2025-03,99.38
HK,2025-04,98.32
HK,2025-05,96.15
HK,2025-06,94.92
HK,2025-07,95.1
HK,2025-08,95.57
HK,2025-09,95.69
HK,2025-10,96.53
HK,2025-11,96.82
HK,2025-12,96.16
HK,2026-01,95.85
HK,2026-02,94.47
HK,2026-03,95.11
HK,2026-04,94.34
HK,2026-05,94.01
HK,2026-06,94.55
HK,2026-07,95.15
HK,2026-08,94.01
ID,1994-01,120.02
ID,1994-02,119.07
ID,1994-03,117.22
ID,1994-04,116.19
ID,1994-05,115.63
ID,1994-06,114.43
ID,1994-07,113.55
ID,1994-08,114.32
ID,1994-09,113.08
ID,1994-10,113.26
ID,1994-11,113.65
ID,1994-12,114.77
ID,1995-01,113.64
ID,1995-02,113.87
ID,1995-03,110.09
ID,1995-04,107.99
ID,1995-05,108.89
ID,1995-06,108.66
ID,1995-07,110.11
ID,1995-08,112.63
ID,1995-09,113.81
ID,1995-10,114.04
ID,1995-11,114.2
ID,1995-12,115.29
ID,1996-01,118.69
ID,1996-02,119.71
ID,1996-03,117.21
ID,1996-04,118.16
ID,1996-05,118.11
ID,1996-06,118.71
ID,1996-07,119.24
ID,1996-08,118.22
ID,1996-09,119.24
ID,1996-10,120.69
ID,1996-11,120.06
ID,1996-12,120.76
ID,1997-01,122.93
ID,1997-02,125.88
ID,1997-03,124.92
ID,1997-04,124.94
ID,1997-05,122.65
ID,1997-06,121.04
ID,1997-07,120.28
ID,1997-08,113.94
ID,1997-09,104.88
ID,1997-10,89.71
ID,1997-11,96.79
ID,1997-12,73.69
ID,1998-01,42.02
ID,1998-02,48.14
ID,1998-03,47.93
ID,1998-04,58.95
ID,1998-05,51.98
ID,1998-06,40.17
ID,1998-07,41.43
ID,1998-08,51.05
ID,1998-09,56.78
ID,1998-10,69.34
ID,1998-11,77.05
ID,1998-12,77.75
ID,1999-01,71.55
ID,1999-02,71.77
ID,1999-03,71.5
ID,1999-04,73.14
ID,1999-05,79.26
ID,1999-06,85.68
ID,1999-07,92.16
ID,1999-08,81.62
ID,1999-09,71.83
ID,1999-10,78.26
ID,1999-11,84.67
ID,1999-12,84.18
ID,2000-01,83.77
ID,2000-02,83.17
ID,2000-03,82.09
ID,2000-04,79.4
ID,2000-05,75.83
ID,2000-06,72.84
ID,2000-07,69.75
ID,2000-08,76.6
ID,2000-09,75.16
ID,2000-10,74.18
ID,2000-11,72.22
ID,2000-12,72.63
ID,2001-01,72.65
ID,2001-02,72.15
ID,2001-03,69.93
ID,2001-04,65.01
ID,2001-05,64.7
ID,2001-06,66.04
ID,2001-07,70.63
ID,2001-08,83.82
ID,2001-09,80.75
ID,2001-10,75.61
ID,2001-11,73.89
ID,2001-12,77.95
ID,2002-01,79.32
ID,2002-02,82.01
ID,2002-03,83.96
ID,2002-04,86.87
ID,2002-05,89.43
ID,2002-06,92.34
ID,2002-07,88.64
ID,2002-08,90.01
ID,2002-09,90.41
ID,2002-10,89.74
ID,2002-11,91.01
ID,2002-12,93.14
ID,2003-01,92.42
ID,2003-02,92.36
ID,2003-03,91.6
ID,2003-04,92.92
ID,2003-05,95.3
ID,2003-06,97.62
ID,2003-07,96.95
ID,2003-08,95.98
ID,2003-09,95.57
ID,2003-10,94.22
ID,2003-11,94.42
ID,2003-12,94
ID,2004-01,94.34
ID,2004-02,93.22
ID,2004-03,92.78
ID,2004-04,92.93
ID,2004-05,90.87
ID,2004-06,86.92
ID,2004-07,90.3
ID,2004-08,88.56
ID,2004-09,88.7
ID,2004-10,88.86
ID,2004-11,88.32
ID,2004-12,86.1
ID,2005-01,87.82
ID,2005-02,86.85
ID,2005-03,86.77
ID,2005-04,86.05
ID,2005-05,87.04
ID,2005-06,87.48
ID,2005-07,87.15
ID,2005-08,84.73
ID,2005-09,83.16
ID,2005-10,92.67
ID,2005-11,95.44
ID,2005-12,96.71
ID,2006-01,99.78
ID,2006-02,102.97
ID,2006-03,103.65
ID,2006-04,104.83
ID,2006-05,101.76
ID,2006-06,99.84
ID,2006-07,102.62
ID,2006-08,102.75
ID,2006-09,102.69
ID,2006-10,103.65
ID,2006-11,103.14
ID,2006-12,103.55
ID,2007-01,105.64
ID,2007-02,105.6
ID,2007-03,103.42
ID,2007-04,102.89
ID,2007-05,105.81
ID,2007-06,104.39
ID,2007-07,102.33
ID,2007-08,99.62
ID,2007-09,100.03
ID,2007-10,100.99
ID,2007-11,97.28
ID,2007-12,97.64
ID,2008-01,97.14
ID,2008-02,98.78
ID,2008-03,97.47
ID,2008-04,96.81
ID,2008-05,97.66
ID,2008-06,99.79
ID,2008-07,101.55
ID,2008-08,104.65
ID,2008-09,105.22
ID,2008-10,101.74
ID,2008-11,88.22
ID,2008-12,90.18
ID,2009-01,91.84
ID,2009-02,87.94
ID,2009-03,89.32
ID,2009-04,94.34
ID,2009-05,98.05
ID,2009-06,98.76
ID,2009-07,99.75
ID,2009-08,100.43
ID,2009-09,101.55
ID,2009-10,104.17
ID,2009-11,103.62
ID,2009-12,104.47
ID,2010-01,107.21
ID,2010-02,107.5
ID,2010-03,108.79
ID,2010-04,110.07
ID,2010-05,110.35
ID,2010-06,112.55
ID,2010-07,113.36
ID,2010-08,113.35
ID,2010-09,112.31
ID,2010-10,109.59
ID,2010-11,110.08
ID,2010-12,110.73
ID,2011-01,109.98
ID,2011-02,110.54
ID,2011-03,110.92
ID,2011-04,110.42
ID,2011-05,110.87
ID,2011-06,111.21
ID,2011-07,111.38
ID,2011-08,111.38
ID,2011-09,110.26
ID,2011-10,110.02
ID,2011-11,109.04
ID,2011-12,109.51
ID,2012-01,109.52
ID,2012-02,108.83
ID,2012-03,107.78
ID,2012-04,107.44
ID,2012-05,106.79
ID,2012-06,107.04
ID,2012-07,107.38
ID,2012-08,106.51
ID,2012-09,104.21
ID,2012-10,103.41
ID,2012-11,103.77
ID,2012-12,103.69
ID,2013-01,104.88
ID,2013-02,105.81
ID,2013-03,106.95
ID,2013-04,107.06
ID,2013-05,107.47
ID,2013-06,107.38
ID,2013-07,109.18
ID,2013-08,103.97
ID,2013-09,97.08
ID,2013-10,97.81
ID,2013-11,94.71
ID,2013-12,91.95
ID,2014-01,92.6
ID,2014-02,93.82
ID,2014-03,97.86
ID,2014-04,97.16
ID,2014-05,96.14
ID,2014-06,93.64
ID,2014-07,96.11
ID,2014-08,96.38
ID,2014-09,96.17
ID,2014-10,95.64
ID,2014-11,98.88
ID,2014-12,100.62
ID,2015-01,100.75
ID,2015-02,99.12
ID,2015-03,98.13
ID,2015-04,98.53
ID,2015-05,97.01
ID,2015-06,97.01
ID,2015-07,98.2
ID,2015-08,97.08
ID,2015-09,93.29
ID,2015-10,96.83
ID,2015-11,99.11
ID,2015-12,98.91
ID,2016-01,100.45
ID,2016-02,101.36
ID,2016-03,102.63
ID,2016-04,100.54
ID,2016-05,99.6
ID,2016-06,100.57
ID,2016-07,103.07
ID,2016-08,101.61
ID,2016-09,102.35
ID,2016-10,104.15
ID,2016-11,104.2
ID,2016-12,106.09
ID,2017-01,106.7
ID,2017-02,105.87
ID,2017-03,105.68
ID,2017-04,105.22
ID,2017-05,105.13
ID,2017-06,105.14
ID,2017-07,104.59
ID,2017-08,102.92
ID,2017-09,102.32
ID,2017-10,101.48
ID,2017-11,101.33
ID,2017-12,101
ID,2018-01,100.84
ID,2018-02,97.74
ID,2018-03,96.91
ID,2018-04,96.83
ID,2018-05,96.96
ID,2018-06,98.61
ID,2018-07,97.92
ID,2018-08,97.29
ID,2018-09,95.01
ID,2018-10,93.84
ID,2018-11,97.8
ID,2018-12,99.08
ID,2019-01,100.76
ID,2019-02,100.75
ID,2019-03,99.75
ID,2019-04,100.64
ID,2019-05,100.37
ID,2019-06,101.68
ID,2019-07,103.04
ID,2019-08,102.79
ID,2019-09,103.51
ID,2019-10,102.65
ID,2019-11,102.55
ID,2019-12,102.96
ID,2020-01,104.56
ID,2020-02,105.44
ID,2020-03,97.01
ID,2020-04,95.15
ID,2020-05,101.42
ID,2020-06,104.89
ID,2020-07,101.23
ID,2020-08,98.38
ID,2020-09,96.82
ID,2020-10,96.88
ID,2020-11,99.54
ID,2020-12,98.69
ID,2021-01,98.75
ID,2021-02,98.39
ID,2021-03,97.45
ID,2021-04,96.75
ID,2021-05,97.58
ID,2021-06,97.4
ID,2021-07,97.44
ID,2021-08,98.13
ID,2021-09,98.56
ID,2021-10,99.1
ID,2021-11,98.61
ID,2021-12,99.01
ID,2022-01,98.95
ID,2022-02,97.81
ID,2022-03,99.15
ID,2022-04,100.66
ID,2022-05,101.95
ID,2022-06,101.93
ID,2022-07,101.7
ID,2022-08,102.38
ID,2022-09,105.36
ID,2022-10,104.06
ID,2022-11,100.63
ID,2022-12,98.56
ID,2023-01,98.31
ID,2023-02,99.83
ID,2023-03,99.94
ID,2023-04,102.6
ID,2023-05,104.16
ID,2023-06,104.92
ID,2023-07,103.74
ID,2023-08,103.27
ID,2023-09,103.5
ID,2023-10,101.77
ID,2023-11,102.16
ID,2023-12,101.6
ID,2024-01,101.4
ID,2024-02,101.49
ID,2024-03,102.02
ID,2024-04,100.89
ID,2024-05,100.67
ID,2024-06,99.13
ID,2024-07,99.04
ID,2024-08,99.39
ID,2024-09,100.58
ID,2024-10,100.12
ID,2024-11,101.06
ID,2024-12,100.79
ID,2025-01,99.23
ID,2025-02,97.05
ID,2025-03,97.17
ID,2025-04,95.47
ID,2025-05,95.92
ID,2025-06,95.98
ID,2025-07,95.99
ID,2025-08,96.05
ID,2025-09,94.41
ID,2025-10,94.74
ID,2025-11,94.78
ID,2025-12,94.48
ID,2026-01,93.17
ID,2026-02,92.3
ID,2026-03,93.22
ID,2026-04,91.27
ID,2026-05,88.88
ID,2026-06,88.35
ID,2026-07,87.93
ID,2026-08,87.77
JP,1994-01,164.24
JP,1994-02,170.81
JP,1994-03,172.33
JP,1994-04,174.96
JP,1994-05,172.85
JP,1994-06,172.6
JP,1994-07,176.74
JP,1994-08,173.47
JP,1994-09,173.79
JP,1994-10,174.01
JP,1994-11,174.31
JP,1994-12,170.66
JP,1995-01,169.7
JP,1995-02,170.61
JP,1995-03,182.21
JP,1995-04,194.05
JP,1995-05,191.48
JP,1995-06,191.36
JP,1995-07,184.24
JP,1995-08,171.17
JP,1995-09,162.01
JP,1995-10,159.55
JP,1995-11,157.65
JP,1995-12,158.22
JP,1996-01,151.85
JP,1996-02,150.67
JP,1996-03,150.19
JP,1996-04,148.55
JP,1996-05,150.3
JP,1996-06,146.36
JP,1996-07,145.5
JP,1996-08,146.36
JP,1996-09,143.92
JP,1996-10,141.18
JP,1996-11,140.01
JP,1996-12,138.82
JP,1997-01,134.42
JP,1997-02,129.41
JP,1997-03,130.61
JP,1997-04,129.94
JP,1997-05,137.61
JP,1997-06,142.82
JP,1997-07,143.35
JP,1997-08,142.19
JP,1997-09,139.9
JP,1997-10,141.07
JP,1997-11,136.5
JP,1997-12,137.79
JP,1998-01,142.98
JP,1998-02,143.79
JP,1998-03,138.85
JP,1998-04,134.17
JP,1998-05,132.17
JP,1998-06,128.84
JP,1998-07,127.5
JP,1998-08,123.91
JP,1998-09,132.29
JP,1998-10,145.28
JP,1998-11,145.13
JP,1998-12,147.96
JP,1999-01,152.49
JP,1999-02,148.47
JP,1999-03,146.55
JP,1999-04,146.52
JP,1999-05,143.46
JP,1999-06,145.01
JP,1999-07,146.07
JP,1999-08,153.86
JP,1999-09,163.2
JP,1999-10,163.84
JP,1999-11,165.69
JP,1999-12,168.7
JP,2000-01,163.14
JP,2000-02,156.68
JP,2000-03,161.92
JP,2000-04,164.2
JP,2000-05,162.78
JP,2000-06,163.94
JP,2000-07,161.36
JP,2000-08,162.25
JP,2000-09,164.83
JP,2000-10,163.73
JP,2000-11,163.14
JP,2000-12,157.39
JP,2001-01,149.54
JP,2001-02,149.99
JP,2001-03,144.42
JP,2001-04,142.83
JP,2001-05,145.24
JP,2001-06,145.28
JP,2001-07,142.51
JP,2001-08,144.3
JP,2001-09,146.82
JP,2001-10,144.51
JP,2001-11,142.99
JP,2001-12,137.49
JP,2002-01,131.71
JP,2002-02,129.79
JP,2002-03,132.22
JP,2002-04,131.84
JP,2002-05,134.93
JP,2002-06,136.52
JP,2002-07,140.63
JP,2002-08,140.69
JP,2002-09,138.45
JP,2002-10,135.06
JP,2002-11,136.42
JP,2002-12,135.03
JP,2003-01,135.81
JP,2003-02,133.8
JP,2003-03,135.04
JP,2003-04,133.54
JP,2003-05,134.15
JP,2003-06,132.44
JP,2003-07,132.57
JP,2003-08,133.13
JP,2003-09,136.44
JP,2003-10,141.14
JP,2003-11,140.49
JP,2003-12,140.58
JP,2004-01,140.12
JP,2004-02,139.17
JP,2004-03,137.49
JP,2004-04,138.43
JP,2004-05,133.87
JP,2004-06,136.85
JP,2004-07,135.85
JP,2004-08,134.7
JP,2004-09,134.95
JP,2004-10,135.7
JP,2004-11,138.2
JP,2004-12,137.11
JP,2005-01,137.45
JP,2005-02,133.9
JP,2005-03,132.91
JP,2005-04,130.91
JP,2005-05,132.26
JP,2005-06,130.95
JP,2005-07,127.23
JP,2005-08,127.12
JP,2005-09,126.42
JP,2005-10,122.68
JP,2005-11,119.37
JP,2005-12,118.66
JP,2006-01,119.58
JP,2006-02,116.53
JP,2006-03,117.25
JP,2006-04,115.92
JP,2006-05,120.04
JP,2006-06,118.03
JP,2006-07,116.21
JP,2006-08,116.05
JP,2006-09,114.89
JP,2006-10,113.32
JP,2006-11,112.77
JP,2006-12,111.29
JP,2007-01,108.3
JP,2007-02,106.67
JP,2007-03,109.42
JP,2007-04,106.66
JP,2007-05,104.6
JP,2007-06,102.48
JP,2007-07,101.73
JP,2007-08,106.93
JP,2007-09,107.31
JP,2007-10,104.79
JP,2007-11,107.54
JP,2007-12,106.39
JP,2008-01,109.17
JP,2008-02,107.93
JP,2008-03,113.37
JP,2008-04,110.12
JP,2008-05,109.35
JP,2008-06,106.42
JP,2008-07,105.55
JP,2008-08,105.57
JP,2008-09,110.57
JP,2008-10,123.02
JP,2008-11,130.12
JP,2008-12,137.15
JP,2009-01,137.58
JP,2009-02,136.22
JP,2009-03,128.88
JP,2009-04,125.35
JP,2009-05,124.98
JP,2009-06,123.7
JP,2009-07,125.87
JP,2009-08,124.51
JP,2009-09,127.86
JP,2009-10,127.18
JP,2009-11,128.03
JP,2009-12,127.01
JP,2010-01,124.68
JP,2010-02,126.85
JP,2010-03,126.03
JP,2010-04,121.32
JP,2010-05,125.71
JP,2010-06,128.47
JP,2010-07,130.64
JP,2010-08,132.72
JP,2010-09,132.81
JP,2010-10,133.86
JP,2010-11,131.98
JP,2010-12,130.76
JP,2011-01,129.95
JP,2011-02,128.24
JP,2011-03,128.67
JP,2011-04,124.01
JP,2011-05,126.96
JP,2011-06,127.69
JP,2011-07,128.68
JP,2011-08,132.36
JP,2011-09,134.93
JP,2011-10,136.04
JP,2011-11,133.99
JP,2011-12,134.08
JP,2012-01,135.08
JP,2012-02,130.76
JP,2012-03,124.75
JP,2012-04,126.48
JP,2012-05,130.38
JP,2012-06,132
JP,2012-07,132.06
JP,2012-08,131.42
JP,2012-09,130.42
JP,2012-10,128.2
JP,2012-11,124.62
JP,2012-12,119.76
JP,2013-01,111.75
JP,2013-02,106.22
JP,2013-03,105.32
JP,2013-04,101.92
JP,2013-05,99.03
JP,2013-06,103.2
JP,2013-07,101.3
JP,2013-08,103.09
JP,2013-09,101.31
JP,2013-10,101.88
JP,2013-11,100.07
JP,2013-12,96.62
JP,2014-01,96.22
JP,2014-02,97.79
JP,2014-03,97.66
JP,2014-04,99.38
JP,2014-05,100.18
JP,2014-06,100.01
JP,2014-07,100.07
JP,2014-08,99.28
JP,2014-09,96.06
JP,2014-10,96
JP,2014-11,89.69
JP,2014-12,88.62
JP,2015-01,90.74
JP,2015-02,90.37
JP,2015-03,90.23
JP,2015-04,90.55
JP,2015-05,89.17
JP,2015-06,87.15
JP,2015-07,88.05
JP,2015-08,89.6
JP,2015-09,92.52
JP,2015-10,91.98
JP,2015-11,90.72
JP,2015-12,91.87
JP,2016-01,95.6
JP,2016-02,97.19
JP,2016-03,97.73
JP,2016-04,99.76
JP,2016-05,101.18
JP,2016-06,104.56
JP,2016-07,106.16
JP,2016-08,108.34
JP,2016-09,107.78
JP,2016-10,107.11
JP,2016-11,104.2
JP,2016-12,97.91
JP,2017-01,97.88
JP,2017-02,98.54
JP,2017-03,98.44
JP,2017-04,100.91
JP,2017-05,98.51
JP,2017-06,98.74
JP,2017-07,96.5
JP,2017-08,97.71
JP,2017-09,95.98
JP,2017-10,94.88
JP,2017-11,95.13
JP,2017-12,94.48
JP,2018-01,94.24
JP,2018-02,95.42
JP,2018-03,97.1
JP,2018-04,95.62
JP,2018-05,95.47
JP,2018-06,96.02
JP,2018-07,96.27
JP,2018-08,97.91
JP,2018-09,96.86
JP,2018-10,96.89
JP,2018-11,96.69
JP,2018-12,97.14
JP,2019-01,99.35
JP,2019-02,97.07
JP,2019-03,96.37
JP,2019-04,96.08
JP,2019-05,98.59
JP,2019-06,99.96
JP,2019-07,99.39
JP,2019-08,103.07
JP,2019-09,101.74
JP,2019-10,100.61
JP,2019-11,99.34
JP,2019-12,98.59
JP,2020-01,97.53
JP,2020-02,97.44
JP,2020-03,101.59
JP,2020-04,103.12
JP,2020-05,103.7
JP,2020-06,101.13
JP,2020-07,100.72
JP,2020-08,100.12
JP,2020-09,99.63
JP,2020-10,99.33
JP,2020-11,98.55
JP,2020-12,97.15
JP,2021-01,96.77
JP,2021-02,94.57
JP,2021-03,92.89
JP,2021-04,91.65
JP,2021-05,90.84
JP,2021-06,90.09
JP,2021-07,91.07
JP,2021-08,91.37
JP,2021-09,90.99
JP,2021-10,88.23
JP,2021-11,87.55
JP,2021-12,87.73
JP,2022-01,86.59
JP,2022-02,85.85
JP,2022-03,84.07
JP,2022-04,79.54
JP,2022-05,79.98
JP,2022-06,76.52
JP,2022-07,76.25
JP,2022-08,77.55
JP,2022-09,75.26
JP,2022-10,74.52
JP,2022-11,75.92
JP,2022-12,78.18
JP,2023-01,79.33
JP,2023-02,77.6
JP,2023-03,78
JP,2023-04,77.91
JP,2023-05,76.6
JP,2023-06,75.05
JP,2023-07,75.02
JP,2023-08,73.78
JP,2023-09,73.15
JP,2023-10,73.29
JP,2023-11,72.15
JP,2023-12,74.01
JP,2024-01,73.22
JP,2024-02,71.36
JP,2024-03,71.56
JP,2024-04,70.65
JP,2024-05,69.6
JP,2024-06,69
JP,2024-07,68.92
JP,2024-08,73.42
JP,2024-09,73.92
JP,2024-10,71.75
JP,2024-11,71.67
JP,2024-12,72.4
JP,2025-01,71.89
JP,2025-02,73.07
JP,2025-03,73.93
JP,2025-04,76.38
JP,2025-05,74.98
JP,2025-06,74.11
JP,2025-07,72.58
JP,2025-08,72.52
JP,2025-09,71.82
JP,2025-10,70.76
JP,2025-11,69.57
JP,2025-12,68.42
JP,2026-01,67.67
JP,2026-02,66.82
JP,2026-03,66.25
JP,2026-04,65.57
JP,2026-05,66.09
JP,2026-06,65.49
JP,2026-07,65.24
JP,2026-08,66.02
KR,1994-01,117.23
KR,1994-02,116.65
KR,1994-03,116.79
KR,1994-04,115.92
KR,1994-05,115.42
KR,1994-06,115.25
KR,1994-07,114.3
KR,1994-08,114.84
KR,1994-09,113.54
KR,1994-10,112.53
KR,1994-11,112.89
KR,1994-12,114.74
KR,1995-01,115.07
KR,1995-02,114.46
KR,1995-03,113.69
KR,1995-04,112.3
KR,1995-05,113.54
KR,1995-06,112.75
KR,1995-07,114.49
KR,1995-08,117.06
KR,1995-09,119.01
KR,1995-10,118.55
KR,1995-11,118.4
KR,1995-12,119.29
KR,1996-01,118.66
KR,1996-02,119.8
KR,1996-03,120.14
KR,1996-04,120.92
KR,1996-05,121.43
KR,1996-06,119.35
KR,1996-07,117.68
KR,1996-08,116.68
KR,1996-09,116.34
KR,1996-10,116.07
KR,1996-11,115.24
KR,1996-12,114.82
KR,1997-01,115.23
KR,1997-02,115.71
KR,1997-03,114.57
KR,1997-04,113.38
KR,1997-05,112.02
KR,1997-06,111.87
KR,1997-07,113.22
KR,1997-08,115.07
KR,1997-09,113.97
KR,1997-10,112.22
KR,1997-11,102.17
KR,1997-12,73.62
KR,1998-01,68.24
KR,1998-02,71.1
KR,1998-03,77.57
KR,1998-04,83.4
KR,1998-05,82.87
KR,1998-06,84.41
KR,1998-07,91.5
KR,1998-08,91.15
KR,1998-09,84.98
KR,1998-10,83.87
KR,1998-11,86.87
KR,1998-12,91.95
KR,1999-01,94.53
KR,1999-02,95.17
KR,1999-03,93.24
KR,1999-04,94.76
KR,1999-05,95.7
KR,1999-06,97.72
KR,1999-07,95.66
KR,1999-08,94.31
KR,1999-09,93.06
KR,1999-10,92.62
KR,1999-11,95.07
KR,1999-12,98.08
KR,2000-01,99.03
KR,2000-02,100.52
KR,2000-03,101.96
KR,2000-04,102.18
KR,2000-05,102.51
KR,2000-06,101.99
KR,2000-07,103.3
KR,2000-08,104.36
KR,2000-09,105.73
KR,2000-10,105.45
KR,2000-11,102.46
KR,2000-12,97.69
KR,2001-01,93.91
KR,2001-02,96.24
KR,2001-03,95.59
KR,2001-04,94
KR,2001-05,95.84
KR,2001-06,97.06
KR,2001-07,97.28
KR,2001-08,97.42
KR,2001-09,95.69
KR,2001-10,95.91
KR,2001-11,97.52
KR,2001-12,98.07
KR,2002-01,97.3
KR,2002-02,97.62
KR,2002-03,97.31
KR,2002-04,97.73
KR,2002-05,101.16
KR,2002-06,103.09
KR,2002-07,104.39
KR,2002-08,104.28
KR,2002-09,103.94
KR,2002-10,101.8
KR,2002-11,103.15
KR,2002-12,103.34
KR,2003-01,104.57
KR,2003-02,103.5
KR,2003-03,100.47
KR,2003-04,100.37
KR,2003-05,100.88
KR,2003-06,101.29
KR,2003-07,103.07
KR,2003-08,104.01
KR,2003-09,104.7
KR,2003-10,102.33
KR,2003-11,100.29
KR,2003-12,98.77
KR,2004-01,98.67
KR,2004-02,100.32
KR,2004-03,102.06
KR,2004-04,103.03
KR,2004-05,101.93
KR,2004-06,102.76
KR,2004-07,103.04
KR,2004-08,104.31
KR,2004-09,104.53
KR,2004-10,103.9
KR,2004-11,106.38
KR,2004-12,109.1
KR,2005-01,111.76
KR,2005-02,113.53
KR,2005-03,115.38
KR,2005-04,115.91
KR,2005-05,116.91
KR,2005-06,117.11
KR,2005-07,115.37
KR,2005-08,115.94
KR,2005-09,115.19
KR,2005-10,114.23
KR,2005-11,115.75
KR,2005-12,117.67
KR,2006-01,120.93
KR,2006-02,123.16
KR,2006-03,122.95
KR,2006-04,124.49
KR,2006-05,123.53
KR,2006-06,123.04
KR,2006-07,123.96
KR,2006-08,122.52
KR,2006-09,124.19
KR,2006-10,124.02
KR,2006-11,124.41
KR,2006-12,124.47
KR,2007-01,124.07
KR,2007-02,124
KR,2007-03,122.6
KR,2007-04,123.53
KR,2007-05,123.62
KR,2007-06,123.62
KR,2007-07,123.72
KR,2007-08,120.91
KR,2007-09,120.73
KR,2007-10,121.01
KR,2007-11,117.87
KR,2007-12,116.67
KR,2008-01,113.66
KR,2008-02,111.99
KR,2008-03,105.89
KR,2008-04,104.87
KR,2008-05,100.85
KR,2008-06,101.65
KR,2008-07,102.84
KR,2008-08,101.84
KR,2008-09,95.1
KR,2008-10,83.37
KR,2008-11,80.04
KR,2008-12,80.45
KR,2009-01,81.67
KR,2009-02,78.88
KR,2009-03,79.33
KR,2009-04,85.73
KR,2009-05,89.56
KR,2009-06,88.09
KR,2009-07,87.99
KR,2009-08,89.14
KR,2009-09,89.85
KR,2009-10,91.73
KR,2009-11,92.09
KR,2009-12,92.57
KR,2010-01,95.71
KR,2010-02,94.74
KR,2010-03,96.33
KR,2010-04,98.61
KR,2010-05,95.71
KR,2010-06,92.42
KR,2010-07,91.57
KR,2010-08,92.82
KR,2010-09,93.96
KR,2010-10,94.42
KR,2010-11,93.29
KR,2010-12,92.84
KR,2011-01,94.99
KR,2011-02,94.66
KR,2011-03,93.75
KR,2011-04,95.67
KR,2011-05,95.3
KR,2011-06,95.53
KR,2011-07,97.53
KR,2011-08,95.95
KR,2011-09,93
KR,2011-10,90.64
KR,2011-11,92.54
KR,2011-12,92.24
KR,2012-01,92.36
KR,2012-02,93.29
KR,2012-03,93.45
KR,2012-04,92.43
KR,2012-05,91.66
KR,2012-06,92.11
KR,2012-07,93.71
KR,2012-08,94.17
KR,2012-09,94.12
KR,2012-10,95.01
KR,2012-11,96.85
KR,2012-12,97.69
KR,2013-01,99.49
KR,2013-02,97.99
KR,2013-03,97.38
KR,2013-04,95.67
KR,2013-05,96.96
KR,2013-06,94.6
KR,2013-07,96.22
KR,2013-08,96.93
KR,2013-09,99.57
KR,2013-10,99.74
KR,2013-11,100.89
KR,2013-12,101.87
KR,2014-01,101.51
KR,2014-02,101.01
KR,2014-03,101.28
KR,2014-04,103.83
KR,2014-05,105.56
KR,2014-06,106.17
KR,2014-07,105.9
KR,2014-08,106.03
KR,2014-09,105.76
KR,2014-10,103.6
KR,2014-11,101.56
KR,2014-12,102.74
KR,2015-01,106.42
KR,2015-02,105.31
KR,2015-03,105.3
KR,2015-04,107.22
KR,2015-05,106
KR,2015-06,104.6
KR,2015-07,102.43
KR,2015-08,100.89
KR,2015-09,100.35
KR,2015-10,103.43
KR,2015-11,103.78
KR,2015-12,102.63
KR,2016-01,101.47
KR,2016-02,98.95
KR,2016-03,100.35
KR,2016-04,102.36
KR,2016-05,100.49
KR,2016-06,101.1
KR,2016-07,103.64
KR,2016-08,105.89
KR,2016-09,106.59
KR,2016-10,105.84
KR,2016-11,104.21
KR,2016-12,104.13
KR,2017-01,104.81
KR,2017-02,107.59
KR,2017-03,108.36
KR,2017-04,107.35
KR,2017-05,107.76
KR,2017-06,106.03
KR,2017-07,105.47
KR,2017-08,104.6
KR,2017-09,103.46
KR,2017-10,104.28
KR,2017-11,106.35
KR,2017-12,107.74
KR,2018-01,107.58
KR,2018-02,105.24
KR,2018-03,106.11
KR,2018-04,106.74
KR,2018-05,107.8
KR,2018-06,106.88
KR,2018-07,105.49
KR,2018-08,107.46
KR,2018-09,108.26
KR,2018-10,107.37
KR,2018-11,107.59
KR,2018-12,107.24
KR,2019-01,106.12
KR,2019-02,105.62
KR,2019-03,104.52
KR,2019-04,103.86
KR,2019-05,101.19
KR,2019-06,101.62
KR,2019-07,100.67
KR,2019-08,99.17
KR,2019-09,100.95
KR,2019-10,101.39
KR,2019-11,101.59
KR,2019-12,100.94
KR,2020-01,101.05
KR,2020-02,99.47
KR,2020-03,98.38
KR,2020-04,99.11
KR,2020-05,98.53
KR,2020-06,99.14
KR,2020-07,98.58
KR,2020-08,98.76
KR,2020-09,99.46
KR,2020-10,101.32
KR,2020-11,102.92
KR,2020-12,103.28
KR,2021-01,102.64
KR,2021-02,101.59
KR,2021-03,101.52
KR,2021-04,102.79
KR,2021-05,101.19
KR,2021-06,101.3
KR,2021-07,100.2
KR,2021-08,99.16
KR,2021-09,98.15
KR,2021-10,97.58
KR,2021-11,97.92
KR,2021-12,98.24
KR,2022-01,97.42
KR,2022-02,96.92
KR,2022-03,96.3
KR,2022-04,96.79
KR,2022-05,97.03
KR,2022-06,96.76
KR,2022-07,96.2
KR,2022-08,95.14
KR,2022-09,92.32
KR,2022-10,91.77
KR,2022-11,94.73
KR,2022-12,96.72
KR,2023-01,98.83
KR,2023-02,96.87
KR,2023-03,95.29
KR,2023-04,93.49
KR,2023-05,94.46
KR,2023-06,97.9
KR,2023-07,98.51
KR,2023-08,97.26
KR,2023-09,97.87
KR,2023-10,97.51
KR,2023-11,99.32
KR,2023-12,97.99
KR,2024-01,97.09
KR,2024-02,97.22
KR,2024-03,97.39
KR,2024-04,95.74
KR,2024-05,95.85
KR,2024-06,94.84
KR,2024-07,94.46
KR,2024-08,94.63
KR,2024-09,95.08
KR,2024-10,94.04
KR,2024-11,93.43
KR,2024-12,91.37
KR,2025-01,91.71
KR,2025-02,91.37
KR,2025-03,89.59
KR,2025-04,89.66
KR,2025-05,91.65
KR,2025-06,92.43
KR,2025-07,91.34
KR,2025-08,90.68
KR,2025-09,90.53
KR,2025-10,89.16
KR,2025-11,87.25
KR,2025-12,86.5
KR,2026-01,87.03
KR,2026-02,86.49
KR,2026-03,85.08
KR,2026-04,85.04
KR,2026-05,84.71
KR,2026-06,83.04
KR,2026-07,85.45
KR,2026-08,89.89
MY,1994-01,136.87
MY,1994-02,133.49
MY,1994-03,134.2
MY,1994-04,134.45
MY,1994-05,137.29
MY,1994-06,137.1
MY,1994-07,135.64
MY,1994-08,136.93
MY,1994-09,136.42
MY,1994-10,135.4
MY,1994-11,135.99
MY,1994-12,137.61
MY,1995-01,137.44
MY,1995-02,137.36
MY,1995-03,133.24
MY,1995-04,132.67
MY,1995-05,134.39
MY,1995-06,135.48
MY,1995-07,136.14
MY,1995-08,138.05
MY,1995-09,138.96
MY,1995-10,137.21
MY,1995-11,137.84
MY,1995-12,138.6
MY,1996-01,139.48
MY,1996-02,140.22
MY,1996-03,139.78
MY,1996-04,142.14
MY,1996-05,143.51
MY,1996-06,144.29
MY,1996-07,145.04
MY,1996-08,143.83
MY,1996-09,144.31
MY,1996-10,144.59
MY,1996-11,143.33
MY,1996-12,144.46
MY,1997-01,148.72
MY,1997-02,152.06
MY,1997-03,153.15
MY,1997-04,151.42
MY,1997-05,149.68
MY,1997-06,147.51
MY,1997-07,146.16
MY,1997-08,139.58
MY,1997-09,128.23
MY,1997-10,119.02
MY,1997-11,118.27
MY,1997-12,110.89
MY,1998-01,99.51
MY,1998-02,113.6
MY,1998-03,115.69
MY,1998-04,115.31
MY,1998-05,114.09
MY,1998-06,112.36
MY,1998-07,107.79
MY,1998-08,107.85
MY,1998-09,116.06
MY,1998-10,111.01
MY,1998-11,111.47
MY,1998-12,110.84
MY,1999-01,111.62
MY,1999-02,113.27
MY,1999-03,114.78
MY,1999-04,114.14
MY,1999-05,114.68
MY,1999-06,114.54
MY,1999-07,114.37
MY,1999-08,112.59
MY,1999-09,111.65
MY,1999-10,110.54
MY,1999-11,110.99
MY,1999-12,111.88
MY,2000-01,111.72
MY,2000-02,113.26
MY,2000-03,112.86
MY,2000-04,112.86
MY,2000-05,115.09
MY,2000-06,113.73
MY,2000-07,114.65
MY,2000-08,114.87
MY,2000-09,115.32
MY,2000-10,116.8
MY,2000-11,117.61
MY,2000-12,117.82
MY,2001-01,118.25
MY,2001-02,118.55
MY,2001-03,120.4
MY,2001-04,121.81
MY,2001-05,121.42
MY,2001-06,122.29
MY,2001-07,122.93
MY,2001-08,119.96
MY,2001-09,119.24
MY,2001-10,120.57
MY,2001-11,122.39
MY,2001-12,123.45
MY,2002-01,124.75
MY,2002-02,125.13
MY,2002-03,125.15
MY,2002-04,123.99
MY,2002-05,121.91
MY,2002-06,120.31
MY,2002-07,118.38
MY,2002-08,118.88
MY,2002-09,119.33
MY,2002-10,120.08
MY,2002-11,118.99
MY,2002-12,118.58
MY,2003-01,116.78
MY,2003-02,116.81
MY,2003-03,116.25
MY,2003-04,116.45
MY,2003-05,114.16
MY,2003-06,114.09
MY,2003-07,114.91
MY,2003-08,115.16
MY,2003-09,113.84
MY,2003-10,111.78
MY,2003-11,111.87
MY,2003-12,110.64
MY,2004-01,109.1
MY,2004-02,108.6
MY,2004-03,109.3
MY,2004-04,109.2
MY,2004-05,110.7
MY,2004-06,110.16
MY,2004-07,109.93
MY,2004-08,110.26
MY,2004-09,109.99
MY,2004-10,109.35
MY,2004-11,107.35
MY,2004-12,106.31
MY,2005-01,106.82
MY,2005-02,106.42
MY,2005-03,105.71
MY,2005-04,106.64
MY,2005-05,107.65
MY,2005-06,109.35
MY,2005-07,110.35
MY,2005-08,110.46
MY,2005-09,110.21
MY,2005-10,111.1
MY,2005-11,112.5
MY,2005-12,111.99
MY,2006-01,110.81
MY,2006-02,111.81
MY,2006-03,113.79
MY,2006-04,113.5
MY,2006-05,113.1
MY,2006-06,112.99
MY,2006-07,112.66
MY,2006-08,111.66
MY,2006-09,112.2
MY,2006-10,112.34
MY,2006-11,112.57
MY,2006-12,114.26
MY,2007-01,117.01
MY,2007-02,116.52
MY,2007-03,115.4
MY,2007-04,115.9
MY,2007-05,116.76
MY,2007-06,115.59
MY,2007-07,114.36
MY,2007-08,113.03
MY,2007-09,112.29
MY,2007-10,113.54
MY,2007-11,112.75
MY,2007-12,113.84
MY,2008-01,114.92
MY,2008-02,115.22
MY,2008-03,113.95
MY,2008-04,114.09
MY,2008-05,113.27
MY,2008-06,116.1
MY,2008-07,116.45
MY,2008-08,116.5
MY,2008-09,114.29
MY,2008-10,114.72
MY,2008-11,114.14
MY,2008-12,112.91
MY,2009-01,112.34
MY,2009-02,112.69
MY,2009-03,111.91
MY,2009-04,111.96
MY,2009-05,112.15
MY,2009-06,111.35
MY,2009-07,110.06
MY,2009-08,110.04
MY,2009-09,109.67
MY,2009-10,111.16
MY,2009-11,111.09
MY,2009-12,111.03
MY,2010-01,112.5
MY,2010-02,111.75
MY,2010-03,114.31
MY,2010-04,118.13
MY,2010-05,118.4
MY,2010-06,119.05
MY,2010-07,119.36
MY,2010-08,120.06
MY,2010-09,120.4
MY,2010-10,117.36
MY,2010-11,116.94
MY,2010-12,117.67
MY,2011-01,119.36
MY,2011-02,119.34
MY,2011-03,118.49
MY,2011-04,117.84
MY,2011-05,117.25
MY,2011-06,116.81
MY,2011-07,117.49
MY,2011-08,117.19
MY,2011-09,115.56
MY,2011-10,114.52
MY,2011-11,114.4
MY,2011-12,115
MY,2012-01,116.33
MY,2012-02,118.25
MY,2012-03,117.76
MY,2012-04,116.89
MY,2012-05,116.6
MY,2012-06,115.09
MY,2012-07,115.41
MY,2012-08,116.38
MY,2012-09,116.18
MY,2012-10,116.78
MY,2012-11,117.37
MY,2012-12,116.94
MY,2013-01,118.26
MY,2013-02,116.42
MY,2013-03,117.18
MY,2013-04,119.82
MY,2013-05,122
MY,2013-06,117.15
MY,2013-07,116.31
MY,2013-08,112.87
MY,2013-09,114.17
MY,2013-10,116.01
MY,2013-11,116.26
MY,2013-12,115.14
MY,2014-01,114.32
MY,2014-02,113.92
MY,2014-03,114.75
MY,2014-04,115.16
MY,2014-05,115.81
MY,2014-06,116.57
MY,2014-07,117.65
MY,2014-08,118.41
MY,2014-09,118.29
MY,2014-10,118.12
MY,2014-11,118
MY,2014-12,114.94
MY,2015-01,112.11
MY,2015-02,111.18
MY,2015-03,110.69
MY,2015-04,112.45
MY,2015-05,112.97
MY,2015-06,110.03
MY,2015-07,110.01
MY,2015-08,104.19
MY,2015-09,98.52
MY,2015-10,99.34
MY,2015-11,99.9
MY,2015-12,100.86
MY,2016-01,100.44
MY,2016-02,102.59
MY,2016-03,103.57
MY,2016-04,106.94
MY,2016-05,104.11
MY,2016-06,103.19
MY,2016-07,105.22
MY,2016-08,104.41
MY,2016-09,101.9
MY,2016-10,101.54
MY,2016-11,100.36
MY,2016-12,99.23
MY,2017-01,99.71
MY,2017-02,100.14
MY,2017-03,99.95
MY,2017-04,99.78
MY,2017-05,101.21
MY,2017-06,101.03
MY,2017-07,100.23
MY,2017-08,99.86
MY,2017-09,100.85
MY,2017-10,101.2
MY,2017-11,103.12
MY,2017-12,104.79
MY,2018-01,106.2
MY,2018-02,105.78
MY,2018-03,105.9
MY,2018-04,106.45
MY,2018-05,106.08
MY,2018-06,104.86
MY,2018-07,105.26
MY,2018-08,104.85
MY,2018-09,103.93
MY,2018-10,104.21
MY,2018-11,104.16
MY,2018-12,104.28
MY,2019-01,104.1
MY,2019-02,104.62
MY,2019-03,104.93
MY,2019-04,103.84
MY,2019-05,103.53
MY,2019-06,103.38
MY,2019-07,104.08
MY,2019-08,103.8
MY,2019-09,103.81
MY,2019-10,103.19
MY,2019-11,103.45
MY,2019-12,103.46
MY,2020-01,104.4
MY,2020-02,103.38
MY,2020-03,100.4
MY,2020-04,97.88
MY,2020-05,98.22
MY,2020-06,99.07
MY,2020-07,99.02
MY,2020-08,99.72
MY,2020-09,100
MY,2020-10,99.42
MY,2020-11,99.09
MY,2020-12,99.42
MY,2021-01,100.2
MY,2021-02,99.95
MY,2021-03,100.06
MY,2021-04,99.85
MY,2021-05,98.64
MY,2021-06,98.59
MY,2021-07,97.37
MY,2021-08,96.8
MY,2021-09,97.77
MY,2021-10,98.57
MY,2021-11,98.32
MY,2021-12,98.1
MY,2022-01,98.26
MY,2022-02,97.66
MY,2022-03,98.29
MY,2022-04,97.73
MY,2022-05,97.51
MY,2022-06,97.63
MY,2022-07,98.27
MY,2022-08,97.78
MY,2022-09,98.48
MY,2022-10,97.03
MY,2022-11,97.08
MY,2022-12,98.7
MY,2023-01,98.42
MY,2023-02,98.07
MY,2023-03,96.45
MY,2023-04,96.74
MY,2023-05,95.61
MY,2023-06,94.26
MY,2023-07,94.68
MY,2023-08,95.22
MY,2023-09,94.57
MY,2023-10,93.9
MY,2023-11,94.03
MY,2023-12,93.42
MY,2024-01,93.45
MY,2024-02,92.21
MY,2024-03,93.46
MY,2024-04,93.65
MY,2024-05,94.61
MY,2024-06,95.18
MY,2024-07,95.48
MY,2024-08,98.89
MY,2024-09,101.06
MY,2024-10,101.43
MY,2024-11,100.12
MY,2024-12,100.27
MY,2025-01,100.9
MY,2025-02,100.76
MY,2025-03,100.08
MY,2025-04,99.73
MY,2025-05,101.47
MY,2025-06,101.07
MY,2025-07,100.96
MY,2025-08,101.63
MY,2025-09,101.81
MY,2025-10,102.17
MY,2025-11,104.32
MY,2025-12,105.42
MY,2026-01,106.93
MY,2026-02,108.81
MY,2026-03,109.13
MY,2026-04,107.91
MY,2026-05,108.37
MY,2026-06,105.93
MY,2026-07,106
MY,2026-08,105.04
SG,1994-01,95.35
SG,1994-02,95.31
SG,1994-03,94.19
SG,1994-04,95.4
SG,1994-05,95.99
SG,1994-06,96.67
SG,1994-07,96.33
SG,1994-08,96.49
SG,1994-09,96.58
SG,1994-10,97.05
SG,1994-11,97.87
SG,1994-12,98.56
SG,1995-01,98.76
SG,1995-02,97.96
SG,1995-03,97.19
SG,1995-04,96.34
SG,1995-05,97.02
SG,1995-06,96.61
SG,1995-07,96.82
SG,1995-08,98.17
SG,1995-09,97.83
SG,1995-10,98.14
SG,1995-11,99.42
SG,1995-12,99.11
SG,1996-01,99.47
SG,1996-02,100.54
SG,1996-03,100.04
SG,1996-04,99.91
SG,1996-05,100.29
SG,1996-06,100.73
SG,1996-07,100.11
SG,1996-08,99.78
SG,1996-09,100.27
SG,1996-10,100.43
SG,1996-11,101
SG,1996-12,101.96
SG,1997-01,102.53
SG,1997-02,103.43
SG,1997-03,101.84
SG,1997-04,102.17
SG,1997-05,101.48
SG,1997-06,101.63
SG,1997-07,102.22
SG,1997-08,101.65
SG,1997-09,102.04
SG,1997-10,100.74
SG,1997-11,100.78
SG,1997-12,101.78
SG,1998-01,100.79
SG,1998-02,102.49
SG,1998-03,103.04
SG,1998-04,103.32
SG,1998-05,101.58
SG,1998-06,100.69
SG,1998-07,100.25
SG,1998-08,97.68
SG,1998-09,95.95
SG,1998-10,96.81
SG,1998-11,96.49
SG,1998-12,94.76
SG,1999-01,92.99
SG,1999-02,93.1
SG,1999-03,92.44
SG,1999-04,93.18
SG,1999-05,93.41
SG,1999-06,93.4
SG,1999-07,94.17
SG,1999-08,94.23
SG,1999-09,92.59
SG,1999-10,92.74
SG,1999-11,93.13
SG,1999-12,92.69
SG,2000-01,92.97
SG,2000-02,92.85
SG,2000-03,91.62
SG,2000-04,92.16
SG,2000-05,92.44
SG,2000-06,91.61
SG,2000-07,92.1
SG,2000-08,93.98
SG,2000-09,93.33
SG,2000-10,93.71
SG,2000-11,94.52
SG,2000-12,95.08
SG,2001-01,95.26
SG,2001-02,94.8
SG,2001-03,94.82
SG,2001-04,93.85
SG,2001-05,93.15
SG,2001-06,93.09
SG,2001-07,93.66
SG,2001-08,94.89
SG,2001-09,94.84
SG,2001-10,92.11
SG,2001-11,91.41
SG,2001-12,91.38
SG,2002-01,91.74
SG,2002-02,92.41
SG,2002-03,91.74
SG,2002-04,91.08
SG,2002-05,91.16
SG,2002-06,90.65
SG,2002-07,90.88
SG,2002-08,91.2
SG,2002-09,90.63
SG,2002-10,90.21
SG,2002-11,90.49
SG,2002-12,90.58
SG,2003-01,90.22
SG,2003-02,89.25
SG,2003-03,88.9
SG,2003-04,87.67
SG,2003-05,87.53
SG,2003-06,87.13
SG,2003-07,87.23
SG,2003-08,87.67
SG,2003-09,87.01
SG,2003-10,85.91
SG,2003-11,86.29
SG,2003-12,86.17
SG,2004-01,85.85
SG,2004-02,87.2
SG,2004-03,86.42
SG,2004-04,87.59
SG,2004-05,87.29
SG,2004-06,86.05
SG,2004-07,86.38
SG,2004-08,86.37
SG,2004-09,87.12
SG,2004-10,87.09
SG,2004-11,86.7
SG,2004-12,86.04
SG,2005-01,85.55
SG,2005-02,85.81
SG,2005-03,85.43
SG,2005-04,85.3
SG,2005-05,85.25
SG,2005-06,84.47
SG,2005-07,85.33
SG,2005-08,85.74
SG,2005-09,84.74
SG,2005-10,84.86
SG,2005-11,85.18
SG,2005-12,85.99
SG,2006-01,86.22
SG,2006-02,86.54
SG,2006-03,86.25
SG,2006-04,86.6
SG,2006-05,86.16
SG,2006-06,85.83
SG,2006-07,86.69
SG,2006-08,86.71
SG,2006-09,86.47
SG,2006-10,87.14
SG,2006-11,87.4
SG,2006-12,87.26
SG,2007-01,86.38
SG,2007-02,86.66
SG,2007-03,86.35
SG,2007-04,86.56
SG,2007-05,86.16
SG,2007-06,85.3
SG,2007-07,87.13
SG,2007-08,87.22
SG,2007-09,86.4
SG,2007-10,88.85
SG,2007-11,89.18
SG,2007-12,88.36
SG,2008-01,89.15
SG,2008-02,89.74
SG,2008-03,89.65
SG,2008-04,91.71
SG,2008-05,92.56
SG,2008-06,91.71
SG,2008-07,92.32
SG,2008-08,91.62
SG,2008-09,91.53
SG,2008-10,92.7
SG,2008-11,93.73
SG,2008-12,93.55
SG,2009-01,92.88
SG,2009-02,92.7
SG,2009-03,91.98
SG,2009-04,91.21
SG,2009-05,91.99
SG,2009-06,91.29
SG,2009-07,91.99
SG,2009-08,91.9
SG,2009-09,91.58
SG,2009-10,92.38
SG,2009-11,92.47
SG,2009-12,91.72
SG,2010-01,92.12
SG,2010-02,92.04
SG,2010-03,92.36
SG,2010-04,93.92
SG,2010-05,95.33
SG,2010-06,94.71
SG,2010-07,95.72
SG,2010-08,96.42
SG,2010-09,96.72
SG,2010-10,96.85
SG,2010-11,97.62
SG,2010-12,97.6
SG,2011-01,99.42
SG,2011-02,99
SG,2011-03,98.74
SG,2011-04,99.22
SG,2011-05,100.1
SG,2011-06,99.87
SG,2011-07,102.23
SG,2011-08,103.05
SG,2011-09,101.08
SG,2011-10,100
SG,2011-11,99.95
SG,2011-12,100.1
SG,2012-01,101.67
SG,2012-02,102.06
SG,2012-03,102.82
SG,2012-04,103.9
SG,2012-05,104.18
SG,2012-06,104.06
SG,2012-07,105.79
SG,2012-08,106.52
SG,2012-09,107
SG,2012-10,106.82
SG,2012-11,107.43
SG,2012-12,107.97
SG,2013-01,107.53
SG,2013-02,107.94
SG,2013-03,107.56
SG,2013-04,106.59
SG,2013-05,106.32
SG,2013-06,105.89
SG,2013-07,105.95
SG,2013-08,106.44
SG,2013-09,106.88
SG,2013-10,107.3
SG,2013-11,108.58
SG,2013-12,107.56
SG,2014-01,106.88
SG,2014-02,106.88
SG,2014-03,106.77
SG,2014-04,106.83
SG,2014-05,107.13
SG,2014-06,107.12
SG,2014-07,107.11
SG,2014-08,107.53
SG,2014-09,106.99
SG,2014-10,106.6
SG,2014-11,106.67
SG,2014-12,106.51
SG,2015-01,106.17
SG,2015-02,105.07
SG,2015-03,104.79
SG,2015-04,105.36
SG,2015-05,106.37
SG,2015-06,105.97
SG,2015-07,105.14
SG,2015-08,104.08
SG,2015-09,103.57
SG,2015-10,103.32
SG,2015-11,103.82
SG,2015-12,104.47
SG,2016-01,103.69
SG,2016-02,103.72
SG,2016-03,104.91
SG,2016-04,105.11
SG,2016-05,103.72
SG,2016-06,105.55
SG,2016-07,105.64
SG,2016-08,105.43
SG,2016-09,104.5
SG,2016-10,103.1
SG,2016-11,103.23
SG,2016-12,103.15
SG,2017-01,103.12
SG,2017-02,103.03
SG,2017-03,103.68
SG,2017-04,103.08
SG,2017-05,103.08
SG,2017-06,103
SG,2017-07,103.26
SG,2017-08,103.05
SG,2017-09,102.86
SG,2017-10,102.52
SG,2017-11,103.07
SG,2017-12,102.87
SG,2018-01,102.44
SG,2018-02,101.7
SG,2018-03,102.06
SG,2018-04,101.58
SG,2018-05,102.03
SG,2018-06,102.33
SG,2018-07,102.39
SG,2018-08,102.99
SG,2018-09,102.65
SG,2018-10,102.27
SG,2018-11,103.03
SG,2018-12,103.2
SG,2019-01,103.07
SG,2019-02,103.13
SG,2019-03,103.14
SG,2019-04,102.68
SG,2019-05,102.95
SG,2019-06,102.8
SG,2019-07,102.11
SG,2019-08,102.03
SG,2019-09,102.29
SG,2019-10,102.05
SG,2019-11,102.52
SG,2019-12,102.65
SG,2020-01,101.88
SG,2020-02,100.12
SG,2020-03,99.5
SG,2020-04,99.72
SG,2020-05,100.36
SG,2020-06,100.28
SG,2020-07,99.31
SG,2020-08,99.94
SG,2020-09,100.04
SG,2020-10,99.42
SG,2020-11,99.79
SG,2020-12,99.63
SG,2021-01,99.16
SG,2021-02,99.29
SG,2021-03,99.67
SG,2021-04,99.87
SG,2021-05,100.03
SG,2021-06,99.7
SG,2021-07,98.93
SG,2021-08,99.34
SG,2021-09,99.76
SG,2021-10,99.76
SG,2021-11,100.26
SG,2021-12,100.47
SG,2022-01,100.71
SG,2022-02,101.27
SG,2022-03,102.23
SG,2022-04,102.44
SG,2022-05,104.02
SG,2022-06,104.8
SG,2022-07,105.3
SG,2022-08,107.33
SG,2022-09,107.96
SG,2022-10,108.28
SG,2022-11,110.17
SG,2022-12,109.97
SG,2023-01,109.8
SG,2023-02,110.37
SG,2023-03,110.8
SG,2023-04,110.61
SG,2023-05,111.31
SG,2023-06,112.16
SG,2023-07,112.22
SG,2023-08,112.77
SG,2023-09,113.29
SG,2023-10,113.83
SG,2023-11,114.06
SG,2023-12,114.4
SG,2024-01,113.91
SG,2024-02,114.44
SG,2024-03,114.68
SG,2024-04,114.19
SG,2024-05,115.08
SG,2024-06,115.15
SG,2024-07,114.8
SG,2024-08,115.23
SG,2024-09,115.56
SG,2024-10,114.82
SG,2024-11,115.02
SG,2024-12,114.86
SG,2025-01,113.59
SG,2025-02,114.76
SG,2025-03,114.56
SG,2025-04,113.89
SG,2025-05,114.73
SG,2025-06,114.34
SG,2025-07,113.43
SG,2025-08,114.04
SG,2025-09,114.13
SG,2025-10,113.65
SG,2025-11,113.95
SG,2025-12,114.42
SG,2026-01,114.3
SG,2026-02,114.43
SG,2026-03,114.99
SG,2026-04,113.84
SG,2026-05,114.39
SG,2026-06,114.42
SG,2026-07,114.37
SG,2026-08,114.81
TH,1994-01,99.51
TH,1994-02,98.43
TH,1994-03,98.41
TH,1994-04,98.13
TH,1994-05,98.34
TH,1994-06,98.55
TH,1994-07,97.34
TH,1994-08,97.17
TH,1994-09,97.41
TH,1994-10,96.68
TH,1994-11,96.27
TH,1994-12,96.51
TH,1995-01,96.2
TH,1995-02,96.13
TH,1995-03,94.18
TH,1995-04,92.21
TH,1995-05,92.95
TH,1995-06,93.09
TH,1995-07,93.96
TH,1995-08,96.97
TH,1995-09,98.87
TH,1995-10,99.39
TH,1995-11,99.56
TH,1995-12,99.86
TH,1996-01,100.79
TH,1996-02,101.32
TH,1996-03,101.32
TH,1996-04,101.63
TH,1996-05,101.82
TH,1996-06,102.21
TH,1996-07,102.34
TH,1996-08,102.83
TH,1996-09,102.86
TH,1996-10,103.57
TH,1996-11,103.91
TH,1996-12,104.07
TH,1997-01,105.05
TH,1997-02,106.74
TH,1997-03,107.65
TH,1997-04,107.48
TH,1997-05,107.33
TH,1997-06,111.84
TH,1997-07,92.2
TH,1997-08,90.06
TH,1997-09,83.53
TH,1997-10,79.65
TH,1997-11,78.17
TH,1997-12,71.81
TH,1998-01,62.48
TH,1998-02,70.84
TH,1998-03,79.28
TH,1998-04,83.17
TH,1998-05,85.33
TH,1998-06,81.11
TH,1998-07,83.55
TH,1998-08,83.92
TH,1998-09,83.46
TH,1998-10,84.29
TH,1998-11,87.46
TH,1998-12,87.25
TH,1999-01,86.11
TH,1999-02,86.45
TH,1999-03,86.49
TH,1999-04,85.81
TH,1999-05,86.98
TH,1999-06,87.13
TH,1999-07,86.77
TH,1999-08,83.55
TH,1999-09,78.38
TH,1999-10,78.71
TH,1999-11,80.4
TH,1999-12,81.67
TH,2000-01,83.89
TH,2000-02,84.5
TH,2000-03,83.87
TH,2000-04,83.46
TH,2000-05,83.02
TH,2000-06,81.79
TH,2000-07,80.06
TH,2000-08,79.72
TH,2000-09,78.06
TH,2000-10,76.15
TH,2000-11,75.75
TH,2000-12,76.48
TH,2001-01,76.87
TH,2001-02,78.28
TH,2001-03,77.26
TH,2001-04,75.89
TH,2001-05,75.81
TH,2001-06,76.59
TH,2001-07,76.48
TH,2001-08,76.03
TH,2001-09,76.6
TH,2001-10,76.36
TH,2001-11,77.3
TH,2001-12,78.63
TH,2002-01,79.57
TH,2002-02,80.28
TH,2002-03,80.51
TH,2002-04,80.25
TH,2002-05,79.99
TH,2002-06,79.73
TH,2002-07,80.01
TH,2002-08,78.67
TH,2002-09,78.01
TH,2002-10,77.55
TH,2002-11,76.9
TH,2002-12,76.56
TH,2003-01,76.76
TH,2003-02,76.27
TH,2003-03,76.22
TH,2003-04,76.18
TH,2003-05,76.18
TH,2003-06,76.89
TH,2003-07,77.15
TH,2003-08,78.04
TH,2003-09,79.02
TH,2003-10,78.82
TH,2003-11,78.52
TH,2003-12,77.72
TH,2004-01,78.23
TH,2004-02,78.48
TH,2004-03,78.65
TH,2004-04,78.77
TH,2004-05,77.99
TH,2004-06,77
TH,2004-07,76.53
TH,2004-08,75.95
TH,2004-09,75.78
TH,2004-10,75.14
TH,2004-11,75.07
TH,2004-12,76.34
TH,2005-01,77.33
TH,2005-02,78.12
TH,2005-03,78.34
TH,2005-04,77.46
TH,2005-05,77.44
TH,2005-06,76.65
TH,2005-07,77.07
TH,2005-08,77.55
TH,2005-09,78.16
TH,2005-10,79.48
TH,2005-11,79.44
TH,2005-12,78.96
TH,2006-01,80.48
TH,2006-02,81.33
TH,2006-03,82.86
TH,2006-04,84.89
TH,2006-05,83.54
TH,2006-06,83.9
TH,2006-07,84.84
TH,2006-08,85.21
TH,2006-09,85.5
TH,2006-10,86.58
TH,2006-11,87.41
TH,2006-12,88.17
TH,2007-01,89.8
TH,2007-02,92.37
TH,2007-03,95.52
TH,2007-04,95.88
TH,2007-05,95.29
TH,2007-06,97.11
TH,2007-07,101.81
TH,2007-08,96.49
TH,2007-09,95.1
TH,2007-10,95.87
TH,2007-11,94.73
TH,2007-12,98.42
TH,2008-01,97.25
TH,2008-02,93.73
TH,2008-03,91.14
TH,2008-04,91.73
TH,2008-05,92.68
TH,2008-06,90.1
TH,2008-07,88.79
TH,2008-08,87.17
TH,2008-09,87.49
TH,2008-10,88.26
TH,2008-11,87.57
TH,2008-12,84.89
TH,2009-01,85.31
TH,2009-02,86.88
TH,2009-03,87.01
TH,2009-04,87.28
TH,2009-05,86.96
TH,2009-06,87.75
TH,2009-07,87.5
TH,2009-08,87.07
TH,2009-09,86.4
TH,2009-10,86.33
TH,2009-11,86.34
TH,2009-12,86.77
TH,2010-01,87.82
TH,2010-02,88.41
TH,2010-03,89.91
TH,2010-04,90.83
TH,2010-05,92.08
TH,2010-06,92.73
TH,2010-07,91.36
TH,2010-08,91.88
TH,2010-09,93.32
TH,2010-10,93.27
TH,2010-11,93.84
TH,2010-12,93.72
TH,2011-01,91.68
TH,2011-02,90.57
TH,2011-03,91.07
TH,2011-04,92.15
TH,2011-05,91.18
TH,2011-06,90.16
TH,2011-07,90.91
TH,2011-08,91.17
TH,2011-09,90.61
TH,2011-10,89.92
TH,2011-11,90.3
TH,2011-12,89.69
TH,2012-01,88.26
TH,2012-02,90.06
TH,2012-03,91.35
TH,2012-04,90.98
TH,2012-05,90.74
TH,2012-06,90.94
TH,2012-07,91.14
TH,2012-08,91.26
TH,2012-09,91.56
TH,2012-10,92.29
TH,2012-11,92.52
TH,2012-12,92.94
TH,2013-01,95.68
TH,2013-02,97.22
TH,2013-03,99.27
TH,2013-04,101.25
TH,2013-05,99.75
TH,2013-06,96.27
TH,2013-07,96.14
TH,2013-08,94.27
TH,2013-09,93.78
TH,2013-10,94.18
TH,2013-11,93.84
TH,2013-12,92.39
TH,2014-01,91.55
TH,2014-02,92.08
TH,2014-03,92.79
TH,2014-04,92.95
TH,2014-05,92.31
TH,2014-06,92.4
TH,2014-07,93.18
TH,2014-08,93.67
TH,2014-09,94.14
TH,2014-10,94.11
TH,2014-11,95.02
TH,2014-12,95.79
TH,2015-01,96.99
TH,2015-02,97.98
TH,2015-03,99.01
TH,2015-04,98.5
TH,2015-05,95.13
TH,2015-06,95.41
TH,2015-07,94.3
TH,2015-08,92.38
TH,2015-09,91.16
TH,2015-10,91.54
TH,2015-11,92.23
TH,2015-12,91.51
TH,2016-01,91.79
TH,2016-02,91.65
TH,2016-03,91.54
TH,2016-04,90.93
TH,2016-05,91.23
TH,2016-06,91.2
TH,2016-07,91.59
TH,2016-08,91.45
TH,2016-09,91.52
TH,2016-10,91.51
TH,2016-11,92.61
TH,2016-12,93.4
TH,2017-01,93.75
TH,2017-02,93.84
TH,2017-03,93.7
TH,2017-04,94.15
TH,2017-05,93.98
TH,2017-06,94.51
TH,2017-07,94.8
TH,2017-08,94.83
TH,2017-09,94.82
TH,2017-10,95.63
TH,2017-11,96.39
TH,2017-12,96.34
TH,2018-01,96.56
TH,2018-02,96.19
TH,2018-03,96.9
TH,2018-04,97.44
TH,2018-05,97.6
TH,2018-06,96.86
TH,2018-07,95.82
TH,2018-08,97.34
TH,2018-09,99
TH,2018-10,99.01
TH,2018-11,98.46
TH,2018-12,98.31
TH,2019-01,99.87
TH,2019-02,101.23
TH,2019-03,100.35
TH,2019-04,100.35
TH,2019-05,101.7
TH,2019-06,103.1
TH,2019-07,103.9
TH,2019-08,104.9
TH,2019-09,105.7
TH,2019-10,105.61
TH,2019-11,105.35
TH,2019-12,105.1
TH,2020-01,103.45
TH,2020-02,101.28
TH,2020-03,99.29
TH,2020-04,97.05
TH,2020-05,98.68
TH,2020-06,101.85
TH,2020-07,100.56
TH,2020-08,100.18
TH,2020-09,98.81
TH,2020-10,98.65
TH,2020-11,100.18
TH,2020-12,100.01
TH,2021-01,99.38
TH,2021-02,98.19
TH,2021-03,97.4
TH,2021-04,97.08
TH,2021-05,95.44
TH,2021-06,95.4
TH,2021-07,92.51
TH,2021-08,90.88
TH,2021-09,92.03
TH,2021-10,91.76
TH,2021-11,93.01
TH,2021-12,91.45
TH,2022-01,92.99
TH,2022-02,94.97
TH,2022-03,94.56
TH,2022-04,94.64
TH,2022-05,96.27
TH,2022-06,95.94
TH,2022-07,93.03
TH,2022-08,94.37
TH,2022-09,94.03
TH,2022-10,93.73
TH,2022-11,95.73
TH,2022-12,96.94
TH,2023-01,98.99
TH,2023-02,97.18
TH,2023-03,96.3
TH,2023-04,96.55
TH,2023-05,97.07
TH,2023-06,96.85
TH,2023-07,97.19
TH,2023-08,97.53
TH,2023-09,95.73
TH,2023-10,94.31
TH,2023-11,95.91
TH,2023-12,95.21
TH,2024-01,95.21
TH,2024-02,93.63
TH,2024-03,93.51
TH,2024-04,93.31
TH,2024-05,94.06
TH,2024-06,93.98
TH,2024-07,94.86
TH,2024-08,96.13
TH,2024-09,98.8
TH,2024-10,99.84
TH,2024-11,98.68
TH,2024-12,99.92
TH,2025-01,100.36
TH,2025-02,100.5
TH,2025-03,99.31
TH,2025-04,98.07
TH,2025-05,99.2
TH,2025-06,99.45
TH,2025-07,99.44
TH,2025-08,99.66
TH,2025-09,100.67
TH,2025-10,99.3
TH,2025-11,100.69
TH,2025-12,102.64
TH,2026-01,102.89
TH,2026-02,101.46
TH,2026-03,99.07
TH,2026-04,101.57
TH,2026-05,100.7
TH,2026-06,99.95
TH,2026-07,97.65
TH,2026-08,98.18
US,1994-01,88.66
US,1994-02,88.17
US,1994-03,88.27
US,1994-04,88.18
US,1994-05,87.42
US,1994-06,87.1
US,1994-07,85.91
US,1994-08,85.7
US,1994-09,84.74
US,1994-10,84.05
US,1994-11,84.23
US,1994-12,86.1
US,1995-01,88.01
US,1995-02,87.22
US,1995-03,86
US,1995-04,82.6
US,1995-05,82.16
US,1995-06,82.21
US,1995-07,82.17
US,1995-08,84.22
US,1995-09,85.21
US,1995-10,85.22
US,1995-11,86.15
US,1995-12,86.34
US,1996-01,86.78
US,1996-02,86.76
US,1996-03,86.81
US,1996-04,86.66
US,1996-05,86.76
US,1996-06,87.07
US,1996-07,87.12
US,1996-08,86.49
US,1996-09,86.82
US,1996-10,87.36
US,1996-11,86.95
US,1996-12,87.46
US,1997-01,88.2
US,1997-02,89.7
US,1997-03,90.56
US,1997-04,90.77
US,1997-05,89.46
US,1997-06,89.15
US,1997-07,90.09
US,1997-08,91.63
US,1997-09,91.77
US,1997-10,92.25
US,1997-11,93.77
US,1997-12,96.74
US,1998-01,99.12
US,1998-02,97.63
US,1998-03,97.23
US,1998-04,97.05
US,1998-05,97.76
US,1998-06,99.9
US,1998-07,100.33
US,1998-08,102.08
US,1998-09,100.34
US,1998-10,97.36
US,1998-11,97.05
US,1998-12,96.13
US,1999-01,96.19
US,1999-02,97.21
US,1999-03,98.41
US,1999-04,98.11
US,1999-05,97.86
US,1999-06,98.42
US,1999-07,98.73
US,1999-08,97.61
US,1999-09,96.98
US,1999-10,96.57
US,1999-11,96.78
US,1999-12,96.69
US,2000-01,96.51
US,2000-02,97.89
US,2000-03,98.5
US,2000-04,98.96
US,2000-05,101.3
US,2000-06,100.52
US,2000-07,100.71
US,2000-08,101.25
US,2000-09,102.3
US,2000-10,103.86
US,2000-11,104.37
US,2000-12,103.25
US,2001-01,103.7
US,2001-02,104.55
US,2001-03,106.28
US,2001-04,107.04
US,2001-05,106.89
US,2001-06,107.69
US,2001-07,108
US,2001-08,106.13
US,2001-09,106.56
US,2001-10,106.84
US,2001-11,107.37
US,2001-12,106.94
US,2002-01,108.04
US,2002-02,108.72
US,2002-03,108.47
US,2002-04,108.21
US,2002-05,106.71
US,2002-06,105.49
US,2002-07,104.06
US,2002-08,105.3
US,2002-09,105.8
US,2002-10,106.55
US,2002-11,105.2
US,2002-12,104.26
US,2003-01,102.9
US,2003-02,103.23
US,2003-03,103.09
US,2003-04,102.08
US,2003-05,98.45
US,2003-06,98.42
US,2003-07,99.5
US,2003-08,100.85
US,2003-09,99.75
US,2003-10,97.46
US,2003-11,96.77
US,2003-12,95.1
US,2004-01,93.74
US,2004-02,94.41
US,2004-03,95.66
US,2004-04,96.36
US,2004-05,98.24
US,2004-06,97.57
US,2004-07,96.66
US,2004-08,96.73
US,2004-09,96.17
US,2004-10,95.02
US,2004-11,92.39
US,2004-12,90.88
US,2005-01,91.58
US,2005-02,91.75
US,2005-03,91.67
US,2005-04,92.93
US,2005-05,93.17
US,2005-06,94.27
US,2005-07,94.89
US,2005-08,93.91
US,2005-09,94.49
US,2005-10,95.59
US,2005-11,95.53
US,2005-12,94.36
US,2006-01,93.49
US,2006-02,93.63
US,2006-03,94.2
US,2006-04,93.93
US,2006-05,92.26
US,2006-06,93.72
US,2006-07,93.68
US,2006-08,93
US,2006-09,92.62
US,2006-10,92.42
US,2006-11,91.3
US,2006-12,90.22
US,2007-01,91.43
US,2007-02,91.21
US,2007-03,91.29
US,2007-04,90.36
US,2007-05,89.98
US,2007-06,89.88
US,2007-07,88.5
US,2007-08,88.47
US,2007-09,87.2
US,2007-10,85.3
US,2007-11,84.03
US,2007-12,84.41
US,2008-01,83.89
US,2008-02,82.74
US,2008-03,81.48
US,2008-04,81.25
US,2008-05,81.87
US,2008-06,82.39
US,2008-07,81.9
US,2008-08,83.56
US,2008-09,85.32
US,2008-10,90.14
US,2008-11,91.06
US,2008-12,89.54
US,2009-01,90.47
US,2009-02,92.91
US,2009-03,93.46
US,2009-04,91.26
US,2009-05,88.69
US,2009-06,88.34
US,2009-07,87.96
US,2009-08,86.74
US,2009-09,85.97
US,2009-10,84.74
US,2009-11,84.15
US,2009-12,84.1
US,2010-01,84.36
US,2010-02,85.15
US,2010-03,84.66
US,2010-04,84.2
US,2010-05,86.72
US,2010-06,87.35
US,2010-07,85.84
US,2010-08,84.95
US,2010-09,83.93
US,2010-10,81.24
US,2010-11,81.2
US,2010-12,81.69
US,2011-01,80.9
US,2011-02,80.23
US,2011-03,79.87
US,2011-04,78.82
US,2011-05,78.98
US,2011-06,78.95
US,2011-07,78.42
US,2011-08,78.84
US,2011-09,80.96
US,2011-10,81.45
US,2011-11,81.77
US,2011-12,82.09
US,2012-01,81.81
US,2012-02,80.49
US,2012-03,81.21
US,2012-04,81.55
US,2012-05,83
US,2012-06,84.18
US,2012-07,83.62
US,2012-08,83.05
US,2012-09,81.79
US,2012-10,81.31
US,2012-11,81.47
US,2012-12,80.49
US,2013-01,80.69
US,2013-02,81.37
US,2013-03,82.26
US,2013-04,81.78
US,2013-05,82.37
US,2013-06,83.05
US,2013-07,83.5
US,2013-08,83.25
US,2013-09,82.85
US,2013-10,81.68
US,2013-11,82.09
US,2013-12,82.04
US,2014-01,82.95
US,2014-02,83.03
US,2014-03,83.32
US,2014-04,83.16
US,2014-05,83.08
US,2014-06,83.36
US,2014-07,83.13
US,2014-08,83.6
US,2014-09,84.61
US,2014-10,85.38
US,2014-11,86.33
US,2014-12,87.75
US,2015-01,89.44
US,2015-02,90.54
US,2015-03,92.42
US,2015-04,91.91
US,2015-05,91.51
US,2015-06,92.38
US,2015-07,93.86
US,2015-08,95.17
US,2015-09,95.53
US,2015-10,94.61
US,2015-11,95.93
US,2015-12,96.41
US,2016-01,98.72
US,2016-02,97.33
US,2016-03,95.71
US,2016-04,94.47
US,2016-05,95.8
US,2016-06,96.42
US,2016-07,96.83
US,2016-08,95.97
US,2016-09,96.59
US,2016-10,97.37
US,2016-11,99.63
US,2016-12,101.14
US,2017-01,101.34
US,2017-02,99.82
US,2017-03,99.27
US,2017-04,98.53
US,2017-05,98.12
US,2017-06,96.83
US,2017-07,95.45
US,2017-08,94.26
US,2017-09,93.56
US,2017-10,95.01
US,2017-11,94.99
US,2017-12,94.37
US,2018-01,92.68
US,2018-02,91.67
US,2018-03,92.16
US,2018-04,92.41
US,2018-05,95.28
US,2018-06,96.89
US,2018-07,97.14
US,2018-08,97.62
US,2018-09,97.61
US,2018-10,98.15
US,2018-11,99.03
US,2018-12,98.54
US,2019-01,97.37
US,2019-02,97.09
US,2019-03,97.67
US,2019-04,98.01
US,2019-05,99.1
US,2019-06,98.73
US,2019-07,98.37
US,2019-08,99.96
US,2019-09,100.09
US,2019-10,99.41
US,2019-11,98.87
US,2019-12,98.11
US,2020-01,97.58
US,2020-02,98.71
US,2020-03,102.43
US,2020-04,104.59
US,2020-05,103.99
US,2020-06,101.81
US,2020-07,101.25
US,2020-08,99.92
US,2020-09,99.26
US,2020-10,98.53
US,2020-11,96.95
US,2020-12,94.98
US,2021-01,94.52
US,2021-02,94.89
US,2021-03,96.81
US,2021-04,96.84
US,2021-05,96.29
US,2021-06,97.26
US,2021-07,98.63
US,2021-08,98.82
US,2021-09,98.69
US,2021-10,99.6
US,2021-11,100.45
US,2021-12,101.15
US,2022-01,100.94
US,2022-02,100.89
US,2022-03,102.7
US,2022-04,103.37
US,2022-05,106.44
US,2022-06,107.65
US,2022-07,109.45
US,2022-08,108.94
US,2022-09,111.42
US,2022-10,113.14
US,2022-11,110.21
US,2022-12,107.33
US,2023-01,105.47
US,2023-02,105.94
US,2023-03,106.52
US,2023-04,105.65
US,2023-05,106.43
US,2023-06,106.99
US,2023-07,105.95
US,2023-08,107.34
US,2023-09,108.83
US,2023-10,110.16
US,2023-11,108.04
US,2023-12,106.23
US,2024-01,106.93
US,2024-02,107.58
US,2024-03,107.95
US,2024-04,109.29
US,2024-05,109.09
US,2024-06,110.61
US,2024-07,109.92
US,2024-08,108.86
US,2024-09,108.29
US,2024-10,109.47
US,2024-11,111.98
US,2024-12,112.85
US,2025-01,114.5
US,2025-02,113.71
US,2025-03,112.36
US,2025-04,110.86
US,2025-05,109.25
US,2025-06,108.04
US,2025-07,107.28
US,2025-08,107.94
US,2025-09,107.49
US,2025-10,107.69
US,2025-11,108.02
US,2025-12,106.71
US,2026-01,106.36
US,2026-02,104.94
US,2026-03,107.39
US,2026-04,106.97
US,2026-05,107.2
US,2026-06,107.83
US,2026-07,108.22
US,2026-08,106.7
XM,1994-01,109.08
XM,1994-02,108.77
XM,1994-03,110.58
XM,1994-04,110.46
XM,1994-05,111.99
XM,1994-06,112.63
XM,1994-07,114.87
XM,1994-08,114.66
XM,1994-09,114.27
XM,1994-10,115.32
XM,1994-11,113.78
XM,1994-12,112.37
XM,1995-01,113.53
XM,1995-02,114.72
XM,1995-03,117.37
XM,1995-04,117.08
XM,1995-05,115.45
XM,1995-06,115.82
XM,1995-07,117.19
XM,1995-08,115.6
XM,1995-09,114.7
XM,1995-10,116.38
XM,1995-11,116.9
XM,1995-12,116.2
XM,1996-01,115.36
XM,1996-02,115.39
XM,1996-03,114.83
XM,1996-04,113.36
XM,1996-05,112.27
XM,1996-06,112.71
XM,1996-07,114.02
XM,1996-08,114.41
XM,1996-09,113.21
XM,1996-10,112.28
XM,1996-11,112.82
XM,1996-12,111.53
XM,1997-01,109.83
XM,1997-02,107.19
XM,1997-03,106.34
XM,1997-04,105.34
XM,1997-05,105.29
XM,1997-06,103.78
XM,1997-07,101.85
XM,1997-08,100.81
XM,1997-09,102.88
XM,1997-10,104.32
XM,1997-11,106.29
XM,1997-12,106.8
XM,1998-01,106.5
XM,1998-02,105.32
XM,1998-03,104.37
XM,1998-04,104.66
XM,1998-05,106.98
XM,1998-06,107.67
XM,1998-07,107.66
XM,1998-08,108.92
XM,1998-09,111.89
XM,1998-10,112.6
XM,1998-11,110.23
XM,1998-12,110.77
XM,1999-01,109.93
XM,1999-02,108.2
XM,1999-03,106.58
XM,1999-04,104.94
XM,1999-05,104.2
XM,1999-06,102.12
XM,1999-07,102.23
XM,1999-08,103.46
XM,1999-09,101.64
XM,1999-10,102.57
XM,1999-11,100.03
XM,1999-12,98.13
XM,2000-01,97.97
XM,2000-02,96.31
XM,2000-03,94.76
XM,2000-04,93.22
XM,2000-05,91.43
XM,2000-06,94.76
XM,2000-07,94.21
XM,2000-08,91.56
XM,2000-09,89.36
XM,2000-10,88.06
XM,2000-11,88.61
XM,2000-12,92.19
XM,2001-01,95.22
XM,2001-02,94.48
XM,2001-03,94.91
XM,2001-04,94.34
XM,2001-05,92.49
XM,2001-06,91.11
XM,2001-07,92.2
XM,2001-08,94.92
XM,2001-09,95.59
XM,2001-10,95.61
XM,2001-11,93.86
XM,2001-12,94.73
XM,2002-01,93.96
XM,2002-02,93.03
XM,2002-03,93.52
XM,2002-04,93.78
XM,2002-05,95.98
XM,2002-06,98.77
XM,2002-07,100.92
XM,2002-08,100.27
XM,2002-09,100.32
XM,2002-10,100.67
XM,2002-11,101.11
XM,2002-12,102.57
XM,2003-01,104.91
XM,2003-02,106.27
XM,2003-03,107.21
XM,2003-04,107.39
XM,2003-05,111.34
XM,2003-06,112.06
XM,2003-07,110.36
XM,2003-08,108.98
XM,2003-09,108.81
XM,2003-10,110.94
XM,2003-11,110.9
XM,2003-12,114.33
XM,2004-01,114.89
XM,2004-02,114.76
XM,2004-03,112.83
XM,2004-04,111.08
XM,2004-05,112.34
XM,2004-06,112.31
XM,2004-07,112.5
XM,2004-08,112.37
XM,2004-09,112.51
XM,2004-10,113.7
XM,2004-11,115.06
XM,2004-12,116.79
XM,2005-01,114.17
XM,2005-02,112.9
XM,2005-03,114.38
XM,2005-04,113.47
XM,2005-05,112.27
XM,2005-06,109.4
XM,2005-07,109.17
XM,2005-08,109.78
XM,2005-09,109.21
XM,2005-10,108.58
XM,2005-11,107.51
XM,2005-12,107.79
XM,2006-01,107.51
XM,2006-02,106.41
XM,2006-03,107.74
XM,2006-04,109.04
XM,2006-05,110.81
XM,2006-06,111.5
XM,2006-07,111.41
XM,2006-08,111.18
XM,2006-09,110.78
XM,2006-10,110.1
XM,2006-11,110.63
XM,2006-12,111.78
XM,2007-01,110.26
XM,2007-02,110.4
XM,2007-03,111.56
XM,2007-04,112.55
XM,2007-05,112.21
XM,2007-06,111.59
XM,2007-07,111.84
XM,2007-08,111.53
XM,2007-09,112.48
XM,2007-10,113.24
XM,2007-11,114.93
XM,2007-12,114.8
XM,2008-01,114.19
XM,2008-02,113.31
XM,2008-03,117.2
XM,2008-04,118.04
XM,2008-05,117.29
XM,2008-06,116.83
XM,2008-07,116.44
XM,2008-08,113.44
XM,2008-09,112.04
XM,2008-10,109.48
XM,2008-11,108.65
XM,2008-12,114.4
XM,2009-01,113.39
XM,2009-02,112.8
XM,2009-03,115.36
XM,2009-04,114.31
XM,2009-05,114.74
XM,2009-06,116.13
XM,2009-07,115.09
XM,2009-08,115.28
XM,2009-09,116.35
XM,2009-10,117.38
XM,2009-11,117.2
XM,2009-12,116.08
XM,2010-01,112.13
XM,2010-02,109.07
XM,2010-03,108.93
XM,2010-04,107.42
XM,2010-05,104
XM,2010-06,102.12
XM,2010-07,103.74
XM,2010-08,103.36
XM,2010-09,103.65
XM,2010-10,107.12
XM,2010-11,105.64
XM,2010-12,103.6
XM,2011-01,102.22
XM,2011-02,103.32
XM,2011-03,105.98
XM,2011-04,107.69
XM,2011-05,106.52
XM,2011-06,106.74
XM,2011-07,105.08
XM,2011-08,105.52
XM,2011-09,105.09
XM,2011-10,105.65
XM,2011-11,105.11
XM,2011-12,103.56
XM,2012-01,100.04
XM,2012-02,100.6
XM,2012-03,101.76
XM,2012-04,101.75
XM,2012-05,100.49
XM,2012-06,99.95
XM,2012-07,97.44
XM,2012-08,97.43
XM,2012-09,99.91
XM,2012-10,100.46
XM,2012-11,99.73
XM,2012-12,101.33
XM,2013-01,101.37
XM,2013-02,102.17
XM,2013-03,101.72
XM,2013-04,101.74
XM,2013-05,101.98
XM,2013-06,103.86
XM,2013-07,103.15
XM,2013-08,104.43
XM,2013-09,104.52
XM,2013-10,105.13
XM,2013-11,104.95
XM,2013-12,106.68
XM,2014-01,105.25
XM,2014-02,105.51
XM,2014-03,107.44
XM,2014-04,106.96
XM,2014-05,105.84
XM,2014-06,104.98
XM,2014-07,103.78
XM,2014-08,103.18
XM,2014-09,101.81
XM,2014-10,101.05
XM,2014-11,100.98
XM,2014-12,101.6
XM,2015-01,96.5
XM,2015-02,94.82
XM,2015-03,92.85
XM,2015-04,92.07
XM,2015-05,94.07
XM,2015-06,95.11
XM,2015-07,93.58
XM,2015-08,95.99
XM,2015-09,97.53
XM,2015-10,97.08
XM,2015-11,93.86
XM,2015-12,95.66
XM,2016-01,95.66
XM,2016-02,96.58
XM,2016-03,96.69
XM,2016-04,97.32
XM,2016-05,98.01
XM,2016-06,97.61
XM,2016-07,96.82
XM,2016-08,97.26
XM,2016-09,97.61
XM,2016-10,97.39
XM,2016-11,96.62
XM,2016-12,95.98
XM,2017-01,95.13
XM,2017-02,94.49
XM,2017-03,95.6
XM,2017-04,95.55
XM,2017-05,97.35
XM,2017-06,98.26
XM,2017-07,99.38
XM,2017-08,100.89
XM,2017-09,101
XM,2017-10,100.57
XM,2017-11,100.27
XM,2017-12,100.71
XM,2018-01,100.19
XM,2018-02,100.23
XM,2018-03,101.7
XM,2018-04,101.9
XM,2018-05,101.15
XM,2018-06,101.05
XM,2018-07,101.92
XM,2018-08,102.23
XM,2018-09,103.29
XM,2018-10,102.16
XM,2018-11,100.87
XM,2018-12,100.93
XM,2019-01,99.27
XM,2019-02,98.39
XM,2019-03,98.87
XM,2019-04,99.09
XM,2019-05,99.64
XM,2019-06,100.16
XM,2019-07,98.78
XM,2019-08,99.49
XM,2019-09,98.74
XM,2019-10,98.49
XM,2019-11,97.49
XM,2019-12,97.67
XM,2020-01,95.74
XM,2020-02,94.99
XM,2020-03,99
XM,2020-04,99.78
XM,2020-05,99.84
XM,2020-06,100.96
XM,2020-07,101.02
XM,2020-08,101.98
XM,2020-09,101.97
XM,2020-10,101.97
XM,2020-11,100.89
XM,2020-12,101.88
XM,2021-01,100.97
XM,2021-02,99.85
XM,2021-03,100.78
XM,2021-04,101.46
XM,2021-05,101.67
XM,2021-06,101.04
XM,2021-07,100.07
XM,2021-08,99.68
XM,2021-09,99.78
XM,2021-10,99.27
XM,2021-11,98.78
XM,2021-12,98.79
XM,2022-01,97.48
XM,2022-02,97.71
XM,2022-03,98.62
XM,2022-04,96.7
XM,2022-05,97.17
XM,2022-06,97.45
XM,2022-07,95.43
XM,2022-08,95.33
XM,2022-09,96.15
XM,2022-10,97.97
XM,2022-11,98.8
XM,2022-12,99.43
XM,2023-01,98.19
XM,2023-02,98.36
XM,2023-03,99.24
XM,2023-04,100.72
XM,2023-05,100.45
XM,2023-06,101.39
XM,2023-07,102.39
XM,2023-08,102.37
XM,2023-09,101.94
XM,2023-10,101.43
XM,2023-11,101.41
XM,2023-12,101.09
XM,2024-01,100.63
XM,2024-02,100.26
XM,2024-03,101.68
XM,2024-04,101.7
XM,2024-05,101.9
XM,2024-06,101.79
XM,2024-07,101.83
XM,2024-08,101.78
XM,2024-09,101.43
XM,2024-10,101.03
XM,2024-11,100.09
XM,2024-12,99.65
XM,2025-01,98.52
XM,2025-02,98.12
XM,2025-03,100.68
XM,2025-04,103.57
XM,2025-05,102.76
XM,2025-06,103.89
XM,2025-07,104.42
XM,2025-08,104.35
XM,2025-09,104.59
XM,2025-10,104.17
XM,2025-11,103.68
XM,2025-12,104.17
XM,2026-01,102.97
XM,2026-02,102.8
XM,2026-03,103.1
XM,2026-04,103.93
XM,2026-05,103.38
XM,2026-06,102.71
XM,2026-07,102.55
XM,2026-08,103.34
