start,end,b,s,nx,S,P,rose,yen_larger
2005-08,2010-07,-0.029679227,0.11495727,0.15741543,,,0,0
2005-11,2010-10,-0.11202265,0.11231155,0.24815567,,,0,0
2006-02,2011-01,-0.1287039,0.1092316,0.25886664,,,0,0
2006-05,2011-04,-0.097509988,0.11190571,0.22758236,,,0,0
2006-08,2011-07,-0.12865089,0.11882205,0.27038613,,,0,0
2006-11,2011-10,-0.21654906,0.10766802,0.35189401,,,0,0
2007-02,2012-01,-0.26051615,0.090597641,0.37660132,,,0,0
2007-05,2012-04,-0.21503597,0.12387558,0.3636722,,,0,0
2007-08,2012-07,-0.21093576,0.12868949,0.3643924,,,0,0
2007-11,2012-10,-0.18358471,0.13073185,0.33638128,,,0,0
2008-02,2013-01,-0.078309013,0.11952214,0.2072713,,,0,0
2008-05,2013-04,-0.011766619,0.10042615,0.11812457,,,0,0
2008-08,2013-07,0.074032353,0.10795567,0.032841369,1.4582229,-0.44360834,1,0
2008-11,2013-10,0.2277846,0.10821029,-0.13924595,0.47505532,0.61130538,1,1
2009-02,2014-01,0.24721464,0.11533385,-0.1549189,0.46653325,0.62665746,1,1
2009-05,2014-04,0.2057763,0.11337973,-0.11267237,0.55098536,0.54754784,1,0
2009-08,2014-07,0.22888419,0.12154419,-0.12922,0.53102923,0.56456501,1,1
2009-11,2014-10,0.26231454,0.11892262,-0.17231578,0.45335884,0.65690519,1,1
2010-02,2015-01,0.31406881,0.11019299,-0.24287284,0.35085622,0.77331091,1,1
2010-05,2015-04,0.30367208,0.082683894,-0.26342786,0.27228019,0.86747474,1,1
2010-08,2015-07,0.3686399,0.086425107,-0.3351139,0.23444317,0.90905487,1,1
2010-11,2015-10,0.30064871,0.059883918,-0.29371054,0.19918236,0.97692268,1,1
2011-02,2016-01,0.26535255,0.056157958,-0.25860497,0.21163527,0.97457125,1,1
2011-05,2016-04,0.22356197,0.058254207,-0.20584553,0.26057298,0.92075377,1,1
2011-08,2016-07,0.23698734,0.071153431,-0.20431394,0.30024148,0.86213018,1,1
2011-11,2016-10,0.22189451,0.078885852,-0.17510056,0.35551061,0.78911622,1,1
2012-02,2017-01,0.20983587,0.048643933,-0.19557434,0.23181895,0.93203479,1,1
2012-05,2017-04,0.24182311,0.044409518,-0.23353469,0.18364464,0.96572528,1,1
2012-08,2017-07,0.23914532,0.029492136,-0.24638533,0.12332307,1.0302745,1,1
2012-11,2017-10,0.17122796,0.028537267,-0.17489635,0.16666242,1.021424,1,1
2013-02,2018-01,0.08579257,0.030948687,-0.074530352,0.36073855,0.86872735,1,1
2013-05,2018-04,0.031543386,0.030799792,-0.014560079,0.97642631,0.46158897,1,0
2013-08,2018-07,0.046860321,0.032098685,-0.022257089,0.68498645,0.47496663,1,0
2013-11,2018-10,0.0024152629,0.035687789,0.03496847,14.775944,-14.478122,1,0
2014-02,2019-01,0.0069014904,0.040694815,0.034458354,5.8965256,-4.9928859,1,0
2014-05,2019-04,0.0050257556,0.034153391,0.02624341,6.7956729,-5.221784,1,0
2014-08,2019-07,-0.053495327,0.032247519,0.089658999,,,0,0
2014-11,2019-10,-0.14097032,0.036550497,0.19455769,,,0,0
2015-02,2020-01,-0.088878276,0.050544024,0.15338938,,,0,0
2015-05,2020-04,-0.16914519,0.015484764,0.20550291,,,0,0
2015-08,2020-07,-0.11869037,0.031249928,0.17461529,,,0,0
2015-11,2020-10,-0.095868796,0.025644995,0.14081651,,,0,0
2016-02,2021-01,-0.047751955,0.0068081685,0.059154992,,,0,0
2016-05,2021-04,0.031646091,0.0011516393,-0.034892787,0.036391201,1.1025939,1,1
2016-08,2021-07,0.088799155,0.0053457016,-0.095513656,0.060199915,1.0756145,1,1
2016-11,2021-10,0.034698198,0.015451405,-0.023234923,0.44530857,0.66962909,1,1
2017-02,2022-01,0.055299264,0.013836581,-0.047086998,0.25021276,0.85149412,1,1
2017-05,2022-04,0.088880172,0.027553894,-0.070599146,0.31001171,0.79431829,1,1
2017-08,2022-07,0.15820858,0.047736142,-0.11850744,0.30172915,0.74905825,1,1
2017-11,2022-10,0.18529769,0.070121141,-0.1231931,0.37842426,0.66483882,1,1
2018-02,2023-01,0.20811007,0.089766108,-0.12481162,0.43133957,0.59973848,1,1
2018-05,2023-04,0.2004153,0.087432522,-0.12076275,0.43625671,0.60256253,1,1
2018-08,2023-07,0.24644024,0.087657409,-0.1701397,0.35569438,0.69038929,1,1
2018-11,2023-10,0.28333826,0.091831564,-0.20565742,0.32410576,0.72583709,1,1
2019-02,2024-01,0.28989653,0.095876224,-0.20906771,0.33072567,0.72118047,1,1
2019-05,2024-04,0.34153443,0.099734698,-0.26268347,0.29201945,0.76912733,1,1
2019-08,2024-07,0.40314336,0.10497715,-0.3264837,0.26039657,0.80984516,1,1
2019-11,2024-10,0.3309579,0.10243355,-0.24666003,0.30950628,0.74529128,1,1
2020-02,2025-01,0.39904054,0.12091866,-0.29998679,0.3030235,0.75177021,1,1
2020-05,2025-04,0.37173519,0.1219237,-0.27292038,0.32798537,0.73417956,1,1
2020-08,2025-07,0.37907744,0.12154511,-0.27151794,0.32063398,0.71625983,1,1
2020-11,2025-10,0.3951121,0.12536506,-0.28358979,0.31728985,0.71774514,1,1
2021-02,2026-01,0.40302446,0.12274277,-0.29655668,0.30455415,0.735828,1,1
2021-05,2026-04,0.41125005,0.13111805,-0.29522194,0.31882805,0.71786481,1,1
2021-08,2026-07,0.41867391,0.13055133,-0.31049383,0.31182103,0.74161256,1,1
