key,value,printed,meaning
A3_scored_JPY_cpi_sg_pct,17.135834,17.1,"scored window: Singapore's CPI (S7), per cent, up"
A3_scored_JPY_cpi_sg_pct0,17.135834,17,"scored window: Singapore's CPI (S7), per cent, up, whole"
A3_scored_JPY_cpi_jp_pct,13.121425,13.1,"scored window: Japan's CPI (BIS long CPI), per cent, up"
A3_scored_JPY_cpi_jp_pct0,13.121425,13,"scored window: Japan's CPI (BIS long CPI), per cent, up, whole"
A3_scored_JPY_b_real,0.43670738,0.4367,"scored window: real yen per SGD, log change"
A3_scored_JPY_b_real_pct,54.760315,54.8,"scored window: the Singapore dollar against the yen, real, per cent, up"
A3_scored_JPY_b_real_pct0,54.760315,55,"scored window: the Singapore dollar against the yen, real, per cent, up, whole"
A3_scored_JPY_s_real_pct,14.725443,14.7,"scored window: the Singapore dollar's real broad index, per cent, up"
A3_scored_JPY_s_real_pct0,14.725443,15,"scored window: the Singapore dollar's real broad index, per cent, up, whole"
A3_scored_JPY_n_real_pct,26.55257,26.6,"scored window: the yen's real broad index, per cent, down"
A3_scored_JPY_n_real_pct0,26.55257,27,"scored window: the yen's real broad index, per cent, down, whole"
A3_scored_JPY_S,0.3145622,0.3146,"scored window, real: the Singapore dollar rising, share of the log change"
A3_scored_JPY_S_pct0,31.45622,31,"scored window, real: the Singapore dollar rising, per cent of the log change, whole"
A3_scored_JPY_P,0.70665231,0.7067,"scored window, real: the yen falling, share of the log change"
A3_scored_JPY_P_pct0,70.665231,71,"scored window, real: the yen falling, per cent of the log change, whole"
A3_scored_JPY_R,-0.021214511,-0.0212,"scored window, real: the remainder, share of the log change"
A3_scored_JPY_R_pct0,2.1214511,2,"scored window, real: the remainder, per cent of the log change, whole, negative"
