test,spec,road,n,first_year,last_year,r2,adj_r2,x_coef,x_ci_lo,x_ci_hi,trend_coef,trend_ci_lo,trend_ci_hi
T2,main: log cars per lane-km,expressway,13,2005,2017,0.004462601,-0.086040799,-0.015601396,-0.10732303,0.076120236,,,
T2,sens ii: main + linear trend,expressway,13,2005,2017,0.2146608,0.057592958,0.088421822,-0.026133877,0.20297752,-0.0026392365,-0.0050022201,-0.00027625299
T2,sens iii: private cars per lane-km,expressway,13,2005,2017,0.030535369,-0.057597779,0.051394577,-0.098430862,0.20122002,,,
T2,sens i: log car population,expressway,19,2005,2025,0.25587386,0.21210174,-0.16443413,-0.27510097,-0.053767285,,,
T2,main: log cars per lane-km,arterial,13,2005,2017,0.26066378,0.19345139,0.25436111,0.15840199,0.35032023,,,
T2,sens ii: main + linear trend,arterial,13,2005,2017,0.92112634,0.90535161,-0.085497542,-0.17156057,0.00056548069,0.011326491,0.0090943704,0.013558613
T2,sens iii: private cars per lane-km,arterial,13,2005,2017,0.11924066,0.039171633,0.21148331,0.053811874,0.36915475,,,
T2,sens i: log car population,arterial,19,2005,2025,0.59882747,0.57522908,0.30401295,0.2020767,0.40594921,,,
T2,sens iv: E8b's 2008 arterial lane-km,arterial,13,2005,2017,0.25625677,0.18864375,0.2522142,0.15713358,0.34729482,,,
