year,cpi_all,cpi_low20
1961,20.953,
1962,21.046,
1963,21.494,
1964,21.848,
1965,21.902,
1966,22.345,
1967,23.057,
1968,23.223,
1969,23.196,
1970,23.263,
1971,23.7,
1972,24.208,
1973,28.957,
1974,35.433,
1975,36.346,
1976,35.657,
1977,36.793,
1978,38.289,
1979,39.822,
1980,43.223,
1981,46.763,
1982,48.595,
1983,49.1,
1984,50.378,
1985,50.626,
1986,49.926,
1987,50.168,
1988,50.932,
1989,52.1,
1990,53.898,
1991,55.752,
1992,57.003,
1993,58.309,55.875
1994,60.114,57.208
1995,61.15,58.238
1996,61.994,59.182
1997,63.248,60.29
1998,63.076,61.016
1999,63.091,61.295
2000,63.942,62.29
2001,64.59,63.09
2002,64.337,62.955
2003,64.651,63.636
2004,65.732,65.074
2005,66.043,65.919
2006,66.681,67.11
2007,68.088,68.441
2008,72.606,73.796
2009,73.033,75.362
2010,75.099,77.193
2011,79.043,80.801
2012,82.664,85.302
2013,84.618,87.619
2014,85.493,88.977
2015,85.046,88.004
2016,84.596,87.074
2017,85.084,86.975
2018,85.457,87.17
2019,85.942,87.43
2020,85.794,87.377
2021,87.781,88.863
2022,93.163,93.342
2023,97.666,97.34
2024,100,100
2025,100.903,100.597
