june,group,value,gap,n_titles
2009,cleaning,6.596588,-0.36169978,2
2010,cleaning,6.4388704,-0.57699755,2
2011,cleaning,6.5510803,-0.52514977,1
2012,cleaning,6.5930445,-0.48158467,1
2013,cleaning,6.8023948,-0.34616014,1
2014,cleaning,6.9077553,-0.26699454,1
2015,cleaning,6.9159861,-0.28635539,3
2016,cleaning,6.9214693,-0.32612316,3
2017,cleaning,6.9583188,-0.31239561,3
2018,cleaning,7.0439753,-0.29431898,3
2019,cleaning,7.1167577,-0.1807715,3
2020,cleaning,7.1448776,-0.19872512,2
2021,cleaning,7.2442275,-0.074308838,2
2022,cleaning,7.2442275,-0.17701028,2
2009,security,7.0030655,0.044777716,1
2010,security,7.0030655,-0.01280249,1
2011,security,7.1608459,0.084615806,1
2012,security,7.2086003,0.13397113,1
2013,security,7.2477926,0.099237675,1
2014,security,7.3132204,0.13847056,1
2015,security,7.3987863,0.19644474,1
2016,security,7.5411525,0.29356004,1
2017,security,7.5363639,0.26564955,1
2018,security,7.5760973,0.23780308,1
2019,security,7.624619,0.32708975,1
2020,security,7.5363639,0.19276122,1
2021,security,7.6439619,0.3254256,1
2022,security,7.7164608,0.29522301,1
2023,security,7.8001631,0.38738263,1
2024,security,7.7186855,0.41398652,1
2025,security,7.8497138,0.47040203,1
2009,landscape,6.6846117,-0.27367602,1
2010,landscape,6.6846117,-0.33125622,1
2011,landscape,6.8023948,-0.27383534,1
2012,landscape,6.6846117,-0.39001748,1
2013,landscape,6.856462,-0.29209292,1
2014,landscape,6.9077553,-0.26699454,1
2015,landscape,6.916715,-0.28562652,1
2016,landscape,7.1701195,-0.077472873,1
2017,landscape,7.1701195,-0.10059485,1
2018,landscape,7.1701195,-0.16817472,1
2019,landscape,7.2406497,-0.056879541,1
2020,landscape,7.2442275,-0.099375198,1
2021,landscape,7.2793188,-0.039217518,1
2022,landscape,7.4085306,-0.012707227,1
2023,landscape,7.4085306,-0.0042498738,1
2024,landscape,7.4673711,0.16267209,1
2025,landscape,7.5229409,0.14362919,1
2009,C,6.9582877,,8
2010,C,7.0158679,,8
2011,C,7.0762301,,8
2012,C,7.0746292,,8
2013,C,7.1485549,,8
2014,C,7.1747498,,8
2015,C,7.2023415,,8
2016,C,7.2475924,,8
2017,C,7.2707144,,8
2018,C,7.3382943,,8
2019,C,7.2975292,,8
2020,C,7.3436027,,8
2021,C,7.3185364,,8
2022,C,7.4212378,,8
2023,C,7.4127804,,8
2024,C,7.304699,,8
2025,C,7.3793117,,8
