june,file,sheet,rows,header_row,code_col,title_col,first_row,columns
2009,w1_ows_2009_occupation_gross.xls,(first),432,5,1,3,10,med_gross=c10;n_covered=c4;p25_gross=c8;p75_gross=c12
2009,w1_ows_2009_occupation_basic.xls,(first),432,5,1,3,10,med_basic=c10;n_covered=c4;p25_basic=c8;p75_basic=c12
2010,w1_ows_2010_occupation_gross.xlsx,(first),360,5,1,3,11,med_gross=c10;n_covered=c4;p25_gross=c8;p75_gross=c12
2010,w1_ows_2010_occupation_basic.xlsx,(first),362,5,1,3,11,med_basic=c10;n_covered=c4;p25_basic=c8;p75_basic=c12
2011,w1_ows_2011_occupation_gross.xlsx,(first),336,5,1,3,9,med_gross=c8;n_covered=c4;p25_gross=c6;p75_gross=c10
2011,w1_ows_2011_occupation_basic.xlsx,(first),336,5,1,3,10,med_basic=c8;n_covered=c4;p25_basic=c6;p75_basic=c10
2012,w1_ows_2012_occupation.xlsx,T4,322,5,1,2,10,med_basic=c5;med_gross=c8;n_covered=c3;p25_basic=c4;p25_gross=c7;p75_basic=c6;p75_gross=c9
2013,w1_ows_2013_occupation.xlsx,T4,302,5,1,2,10,med_basic=c5;med_gross=c8;n_covered=c3;p25_basic=c4;p25_gross=c7;p75_basic=c6;p75_gross=c9
2014,w1_ows_2014_occupation.xlsx,T4,300,5,1,2,10,med_basic=c5;med_gross=c8;n_covered=c3;p25_basic=c4;p25_gross=c7;p75_basic=c6;p75_gross=c9
2015,w1_ows_2015_occupation.xlsx,T4,312,5,1,2,10,med_basic=c5;med_gross=c8;n_covered=c3;p25_basic=c4;p25_gross=c7;p75_basic=c6;p75_gross=c9
2016,w1_ows_2016_occupation.xlsx,T4,307,5,1,2,10,med_basic=c5;med_gross=c8;n_covered=c3;p25_basic=c4;p25_gross=c7;p75_basic=c6;p75_gross=c9
2017,w1_ows_2017_occupation.xlsx,T4,318,5,1,2,10,med_basic=c5;med_gross=c8;n_covered=c3;p25_basic=c4;p25_gross=c7;p75_basic=c6;p75_gross=c9
2018,w1_ows_2018_occupation.xlsx,T4,317,5,1,2,10,med_basic=c5;med_gross=c8;n_covered=c3;p25_basic=c4;p25_gross=c7;p75_basic=c6;p75_gross=c9
2019,w1_ows_2019_occupation.xlsx,T4,304,5,1,2,10,med_basic=c5;med_gross=c8;n_covered=c3;p25_basic=c4;p25_gross=c7;p75_basic=c6;p75_gross=c9
2020,w1_ows_2020_occupation.xlsx,T4,352,5,1,2,10,med_basic=c5;med_gross=c8;n_covered=c3;p25_basic=c4;p25_gross=c7;p75_basic=c6;p75_gross=c9
2021,w1_ows_2021_occupation.xlsx,T4,343,5,1,2,10,med_basic=c5;med_gross=c8;n_covered=c3;p25_basic=c4;p25_gross=c7;p75_basic=c6;p75_gross=c9
2022,w1_ows_2022_occupation.xlsx,T4,334,5,1,2,10,med_basic=c5;med_gross=c8;n_covered=c3;p25_basic=c4;p25_gross=c7;p75_basic=c6;p75_gross=c9
2023,w1_ows_2023_occupation.xlsx,T4,487,5,1,2,10,med_basic=c5;med_gross=c8;n_covered=c3;p25_basic=c4;p25_gross=c7;p75_basic=c6;p75_gross=c9
2024,w1_ows_2024_occupation.xlsx,T4,562,4,1,2,9,med_basic=c4;med_gross=c7;p25_basic=c3;p25_gross=c6;p75_basic=c5;p75_gross=c8
2025,w1_ows_2025_occupation.xlsx,T4,523,4,1,2,9,med_basic=c4;med_gross=c7;p25_basic=c3;p25_gross=c6;p75_basic=c5;p75_gross=c8
