number_id,value,script,output_file,key
T1_cleaning_pre_junes,4,11_tests.py,out/tests.csv,T1_cleaning_pre_junes
T1_cleaning_slope,-0.0308,11_tests.py,out/tests.csv,T1_cleaning_slope
T1_cleaning_lo,-0.1008,11_tests.py,out/tests.csv,T1_cleaning_lo
T1_cleaning_hi,0.0392,11_tests.py,out/tests.csv,T1_cleaning_hi
T1_security_pre_junes,6,11_tests.py,out/tests.csv,T1_security_pre_junes
T1_security_slope,0.0244,11_tests.py,out/tests.csv,T1_security_slope
T1_security_lo,0.0115,11_tests.py,out/tests.csv,T1_security_lo
T1_security_hi,0.0373,11_tests.py,out/tests.csv,T1_security_hi
T1_landscape_pre_junes,6,11_tests.py,out/tests.csv,T1_landscape_pre_junes
T1_landscape_slope,0.0010,11_tests.py,out/tests.csv,T1_landscape_slope
T1_landscape_lo,-0.0147,11_tests.py,out/tests.csv,T1_landscape_lo
T1_landscape_hi,0.0167,11_tests.py,out/tests.csv,T1_landscape_hi
T2_landscape_est,0.2201,11_tests.py,out/tests.csv,T2_landscape_est
T2_landscape_lo,0.1579,11_tests.py,out/tests.csv,T2_landscape_lo
T2_landscape_hi,0.2822,11_tests.py,out/tests.csv,T2_landscape_hi
T2_pooled,0.2201,11_tests.py,out/tests.csv,T2_pooled
T2_pooled_lo,0.1579,11_tests.py,out/tests.csv,T2_pooled_lo
T2_pooled_hi,0.2822,11_tests.py,out/tests.csv,T2_pooled_hi
T3_start_c,7.0556,11_tests.py,out/tests.csv,T3_start_c
T3_end_c,7.3022,11_tests.py,out/tests.csv,T3_end_c
T3_growth_c,0.2466,11_tests.py,out/tests.csv,T3_growth_c
T3_growth_mid,0.2916,11_tests.py,out/tests.csv,T3_growth_mid
T3_shortfall,0.0450,11_tests.py,out/tests.csv,T3_shortfall
T3_n_start,3,11_tests.py,out/tests.csv,T3_n_start
T3_n_end,3,11_tests.py,out/tests.csv,T3_n_end
T5_landscape_2017_ratio,1.000,11_tests.py,out/tests.csv,T5_landscape_2017_ratio
T5_landscape_2018_ratio,1.000,11_tests.py,out/tests.csv,T5_landscape_2018_ratio
T5_landscape_2019_ratio,1.038,11_tests.py,out/tests.csv,T5_landscape_2019_ratio
T5_landscape_2022_ratio,1.000,11_tests.py,out/tests.csv,T5_landscape_2022_ratio
T5_min_ratio,1.000,11_tests.py,out/tests.csv,T5_min_ratio
n_scored,4,11_tests.py,out/tests.csv,n_scored
n_held,3,11_tests.py,out/tests.csv,n_held
expected_held,1.76,11_tests.py,out/tests.csv,expected_held
brier,0.216,11_tests.py,out/tests.csv,brier
