year,major_occ,ind1,occ_desc,mthly_gross_wage_50_pctile,mthly_basic_wage_50_pctile
2024,"professionals, managers & executives",manufacturing,Semi-conductor engineer,6571,6559
2024,"professionals, managers & executives",manufacturing,Aeronautical engineer,6920,6849
2024,"professionals, managers & executives",manufacturing,Manufacturing engineer,6144,5975
2024,"professionals, managers & executives","food, beverages & tobacco",Managing director/Chief executive officer,10000,9100
2024,"professionals, managers & executives","food, beverages & tobacco",Company director,6000,6000
2024,"professionals, managers & executives","food, beverages & tobacco",Supply and distribution/Logistics/Warehousing manager,6000,5350
2024,"professionals, managers & executives",paper/ rubber/ plastic products & printing,"Digital marketing professional (e.g. online, social media, e-commerce marketing professional)",5035,4900
2024,"professionals, managers & executives",paper/ rubber/ plastic products & printing,Regional sales manager,8300,7544
2024,"professionals, managers & executives",paper/ rubber/ plastic products & printing,Administration manager,5304,5150
2024,"professionals, managers & executives","petroleum, chemical & pharmaceutical products",Biochemist,6321,4781
2024,"professionals, managers & executives","petroleum, chemical & pharmaceutical products",Process engineer,6937,6916
2024,"professionals, managers & executives","petroleum, chemical & pharmaceutical products",Quality control/assurance manager,10500,10211
2024,"professionals, managers & executives","fabricated metal products, machinery & equipment",Mechanical engineer,5354,5350
2024,"professionals, managers & executives","fabricated metal products, machinery & equipment","Community, partnership and relations manager",6992,6992
2024,"professionals, managers & executives","fabricated metal products, machinery & equipment",Manufacturing engineer,6279,6279
2024,"professionals, managers & executives","electronic, computer & optical products",Semi-conductor engineer,6542,6531
2024,"professionals, managers & executives","electronic, computer & optical products",Manufacturing engineer,5938,5772
2024,"professionals, managers & executives","electronic, computer & optical products",Mechanical engineer,7482,7323
2024,"professionals, managers & executives",transport equipment,Aeronautical engineer,6863,6807
2024,"professionals, managers & executives",transport equipment,Environmental engineer,5835,5835
2024,"professionals, managers & executives",transport equipment,Chief operating officer/General Manager,4025,4025
2024,"professionals, managers & executives",construction,Construction manager,7000,6800
2024,"professionals, managers & executives",construction,Company director,6700,6500
2024,"professionals, managers & executives",construction,Business and financial project management professional,6200,6000
2024,"professionals, managers & executives",services,"Registered nurse and other nursing professional (e.g. clinical nurse, nurse educator, excluding enrolled nurse)",5268,5208
2024,"professionals, managers & executives",services,Administration manager,6180,6152
2024,"professionals, managers & executives",services,"Community, partnership and relations manager",6157,6080
2024,"professionals, managers & executives",wholesale and retail trade,Retail manager,4175,3934
2024,"professionals, managers & executives",wholesale and retail trade,"Digital marketing professional (e.g. online, social media, e-commerce marketing professional)",4607,4607
2024,"professionals, managers & executives",wholesale and retail trade,Regional sales manager,10778,10275
2024,"professionals, managers & executives",wholesale trade,"Digital marketing professional (e.g. online, social media, e-commerce marketing professional)",5000,5000
2024,"professionals, managers & executives",wholesale trade,Regional sales manager,11560,10751
2024,"professionals, managers & executives",wholesale trade,Process engineer,5605,5605
2024,"professionals, managers & executives",retail trade,Retail manager,4175,4000
2024,"professionals, managers & executives",retail trade,Merchandising/Category manager,6434,6368
2024,"professionals, managers & executives",retail trade,"Digital marketing professional (e.g. online, social media, e-commerce marketing professional)",3800,3800
2024,"professionals, managers & executives",transportation and storage,Commercial airline pilot,13906,13906
2024,"professionals, managers & executives",transportation and storage,Administration manager,5600,5500
2024,"professionals, managers & executives",transportation and storage,Supply and distribution/Logistics/Warehousing manager,5844,5680
2024,"professionals, managers & executives",land transport & supporting services,Technical/Engineering services manager (excluding transport),5409,5347
2024,"professionals, managers & executives",land transport & supporting services,Administration manager,6259,6141
2024,"professionals, managers & executives",land transport & supporting services,Personnel/Human resource officer,4136,3500
2024,"professionals, managers & executives",water transport & supporting services,Port/Shipping operations manager,8695,8655
2024,"professionals, managers & executives",water transport & supporting services,Budgeting and financial accounting manager (including financial controller),8837,8658
2024,"professionals, managers & executives",water transport & supporting services,"Network, communications and infrastructure manager",9497,9497
2024,"professionals, managers & executives",air transport & supporting services,Commercial airline pilot,13907,13907
2024,"professionals, managers & executives",air transport & supporting services,Training manager,5985,5985
2024,"professionals, managers & executives",air transport & supporting services,Supply and distribution/Logistics/Warehousing manager,7020,7020
2024,"professionals, managers & executives",accommodation and food services,Restaurant manager,3300,3050
2024,"professionals, managers & executives",accommodation and food services,Retail manager,4010,3622
2024,"professionals, managers & executives",accommodation and food services,Hotel operations/Lodging services manager,4680,4488
2024,"professionals, managers & executives",accommodation,Hotel operations/Lodging services manager,4599,4525
2024,"professionals, managers & executives",accommodation,Sales manager,5198,5010
2024,"professionals, managers & executives",accommodation,Budgeting and financial accounting manager (including financial controller),7940,7940
2024,"professionals, managers & executives",food & beverage services,Restaurant manager,3239,3000
2024,"professionals, managers & executives",food & beverage services,Retail manager,4036,3615
2024,"professionals, managers & executives",food & beverage services,Supply and distribution/Logistics/Warehousing manager,4240,4240
2024,"professionals, managers & executives",information and communications,Software developer,8150,8080
2024,"professionals, managers & executives",information and communications,Cloud specialist,10517,10402
2024,"professionals, managers & executives",information and communications,Regional sales manager,13041,12919
2024,"professionals, managers & executives","telecommunications, broadcasting & publishing","Editor (radio, television and video)",6980,6960
2024,"professionals, managers & executives","telecommunications, broadcasting & publishing",Editor (news and periodicals),10060,10060
2024,"professionals, managers & executives","telecommunications, broadcasting & publishing",Budgeting and financial accounting manager (including financial controller),10825,10825
2024,"professionals, managers & executives", it & other information services,Software developer,8375,8250
2024,"professionals, managers & executives", it & other information services,Cloud specialist,10787,10666
2024,"professionals, managers & executives", it & other information services,"Digital marketing professional (e.g. online, social media, e-commerce marketing professional)",5830,5830
2024,"professionals, managers & executives",financial and insurance services,Financial/Investment adviser (e.g. relationship manager),7986,7953
2024,"professionals, managers & executives",financial and insurance services,Financial services manager,8500,8478
2024,"professionals, managers & executives",financial and insurance services,Treasury manager,9300,9300
2024,"professionals, managers & executives",financial services,Financial/Investment adviser (e.g. relationship manager),8011,8000
2024,"professionals, managers & executives",financial services,Financial services manager,8285,8277
2024,"professionals, managers & executives",financial services,Treasury manager,9300,9300
2024,"professionals, managers & executives",insurance services,Administration manager,5877,5877
2024,"professionals, managers & executives",insurance services,Risk management manager,7065,7018
2024,"professionals, managers & executives",insurance services,Insurance underwriter,7325,7288
2024,"professionals, managers & executives",real estate services,Administration manager,4000,4000
2024,"professionals, managers & executives",real estate services,Premises and facilities maintenance manager (excluding building security manager),5473,5386
2024,"professionals, managers & executives",real estate services,Managing director/Chief executive officer,4000,4000
2024,"professionals, managers & executives",professional services,Data scientist,9453,9436
2024,"professionals, managers & executives",professional services,Research officer (non-statistical),5567,5567
2024,"professionals, managers & executives",professional services,Administration manager,7924,7920
2024,"professionals, managers & executives","legal, accounting & management services",Audit manager,8267,7900
2024,"professionals, managers & executives","legal, accounting & management services",Administration manager,8000,8000
2024,"professionals, managers & executives","legal, accounting & management services",Auditor (accounting),5449,5080
2024,"professionals, managers & executives",architectural & engineering services,Building architect,6420,6347
2024,"professionals, managers & executives",architectural & engineering services,Civil engineer,6500,6500
2024,"professionals, managers & executives",architectural & engineering services,Mechanical engineer,6531,6500
2024,"professionals, managers & executives",administrative and support services,Security manager,3200,3100
2024,"professionals, managers & executives",administrative and support services,Budgeting and financial accounting manager (including financial controller),9695,9510
2024,"professionals, managers & executives",administrative and support services,Administration manager,6151,6000
2024,"professionals, managers & executives",public administration and education,University lecturer,13082,12933
2024,"professionals, managers & executives",public administration and education,Research officer (non-statistical),4583,4573
2024,"professionals, managers & executives",public administration and education,"Community, partnership and relations manager",5830,5800
2024,"professionals, managers & executives",health and social services,"Registered nurse and other nursing professional (e.g. clinical nurse, nurse educator, excluding enrolled nurse)",5277,5214
2024,"professionals, managers & executives",health and social services,Pharmacist (patient care),5596,5565
2024,"professionals, managers & executives",health and social services,Medical diagnostic radiographer,5660,5478
2024,"professionals, managers & executives","arts, entertainment and recreation",Administration manager,7815,7800
2024,"professionals, managers & executives","arts, entertainment and recreation",Training manager,5560,5497
2024,"professionals, managers & executives","arts, entertainment and recreation","Community, partnership and relations manager",5300,5300
2024,"professionals, managers & executives","other community, social and personal services",Social worker (general),4450,4440
2024,"professionals, managers & executives","other community, social and personal services","Community, partnership and relations manager",7057,6690
2024,"professionals, managers & executives","other community, social and personal services",Management consultant,6700,6670
2024,associate professionals & technicians,manufacturing,Process engineering technician,4410,4340
2024,associate professionals & technicians,manufacturing,Electrical engineering technician,4742,4609
2024,associate professionals & technicians,manufacturing,Production engineering technician,4589,3274
2024,associate professionals & technicians,"food, beverages & tobacco",Production engineering technician,5132,3036
2024,associate professionals & technicians,"food, beverages & tobacco",Assistant accountant,3100,3000
2024,associate professionals & technicians,"food, beverages & tobacco",Merchandising/Category executive,2468,2383
2024,associate professionals & technicians,paper/ rubber/ plastic products & printing,Management executive,4176,4020
2024,associate professionals & technicians,"petroleum, chemical & pharmaceutical products",Process engineering technician,5360,4782
2024,associate professionals & technicians,"petroleum, chemical & pharmaceutical products",Quality assurance technician,5671,5220
2024,associate professionals & technicians,"petroleum, chemical & pharmaceutical products",Production engineering technician,4810,4120
2024,associate professionals & technicians,"fabricated metal products, machinery & equipment",Lift technician,4689,4315
2024,associate professionals & technicians,"fabricated metal products, machinery & equipment",Assistant manufacturing engineer,3562,3521
2024,associate professionals & technicians,"fabricated metal products, machinery & equipment",Buyer,4683,4667
2024,associate professionals & technicians,"electronic, computer & optical products",Assistant mechanical engineer,4818,4129
2024,associate professionals & technicians,"electronic, computer & optical products",Assistant manufacturing engineer,4106,3295
2024,associate professionals & technicians,"electronic, computer & optical products",Production engineering technician,5364,3312
2024,associate professionals & technicians,transport equipment,Electrical engineering technician,4969,4969
2024,associate professionals & technicians,transport equipment,Aeronautical engineering technician,4486,4266
2024,associate professionals & technicians,transport equipment,Air-conditioning/Refrigeration engineering technician,3719,3719
2024,associate professionals & technicians,construction,Assistant accountant,3600,3585
2024,associate professionals & technicians,construction,Management executive,3500,3400
2024,associate professionals & technicians,construction,Resident technical officer,3300,3180
2024,associate professionals & technicians,services,Management executive,3912,3870
2024,associate professionals & technicians,services,Pre-primary education teacher,4000,3790
2024,associate professionals & technicians,services,Enrolled/Assistant nurse (excluding registered nurse),4930,4879
2024,associate professionals & technicians,wholesale and retail trade,Assistant accountant,3900,3883
2024,associate professionals & technicians,wholesale and retail trade,IT support technician (including IT user helpdesk technician),5502,5451
2024,associate professionals & technicians,wholesale and retail trade,Merchandising/Category executive,3243,3202
2024,associate professionals & technicians,wholesale trade,IT support technician (including IT user helpdesk technician),5642,5589
2024,associate professionals & technicians,wholesale trade,Assistant accountant,4055,4000
2024,associate professionals & technicians,wholesale trade,Operations officer (except transport operations),4405,4379
2024,associate professionals & technicians,retail trade,Assistant accountant,3575,3543
2024,associate professionals & technicians,retail trade,Merchandising/Category executive,3200,3199
2024,associate professionals & technicians,retail trade,After sales adviser/Client account service executive,3964,3160
2024,associate professionals & technicians,transportation and storage,Resident technical officer,3240,2922
2024,associate professionals & technicians,transportation and storage,Assistant mechanical engineer,3641,3339
2024,associate professionals & technicians,transportation and storage,Port/Shipping operations supervisor (including post-fixture and planner),3764,3762
2024,associate professionals & technicians,land transport & supporting services,Resident technical officer,3204,2872
2024,associate professionals & technicians,land transport & supporting services,Assistant mechanical engineer,3649,3350
2024,associate professionals & technicians,land transport & supporting services,Automotive engineering technician,4414,2800
2024,associate professionals & technicians,water transport & supporting services,Port/Shipping operations supervisor (including post-fixture and planner),3756,3750
2024,associate professionals & technicians,water transport & supporting services,Operations officer (except transport operations),3743,3626
2024,associate professionals & technicians,water transport & supporting services,Harbour pilot,8833,7886
2024,associate professionals & technicians,air transport & supporting services,Flight operations officer,3474,3448
2024,associate professionals & technicians,air transport & supporting services,Management executive,3985,3985
2024,associate professionals & technicians,air transport & supporting services,Air cargo officer,3570,3554
2024,associate professionals & technicians,accommodation and food services,Chef,3952,3690
2024,associate professionals & technicians,accommodation and food services,Assistant accountant,3400,3397
2024,associate professionals & technicians,accommodation and food services,Operations officer (except transport operations),3410,3178
2024,associate professionals & technicians,accommodation,Chef,4555,4100
2024,associate professionals & technicians,accommodation,Electrical engineering technician,2864,2560
2024,associate professionals & technicians,accommodation,Assistant accountant,3500,3495
2024,associate professionals & technicians,food & beverage services,Chef,3800,3575
2024,associate professionals & technicians,food & beverage services,Assistant accountant,3300,3300
2024,associate professionals & technicians,food & beverage services,Operations officer (except transport operations),3200,3200
2024,associate professionals & technicians,information and communications,IT support technician (including IT user helpdesk technician),4528,4400
2024,associate professionals & technicians,information and communications,Telecommunications technician,3421,3421
2024,associate professionals & technicians,information and communications,Computer systems operator,6880,6878
2024,associate professionals & technicians,"telecommunications, broadcasting & publishing",Telecommunications technician,3421,3421
2024,associate professionals & technicians,"telecommunications, broadcasting & publishing",Media and broadcasting operations technician,4100,4100
2024,associate professionals & technicians,"telecommunications, broadcasting & publishing",IT support technician (including IT user helpdesk technician),5244,5244
2024,associate professionals & technicians, it & other information services,IT support technician (including IT user helpdesk technician),4175,4127
2024,associate professionals & technicians, it & other information services,Computer systems operator,6683,6683
2024,associate professionals & technicians, it & other information services,Business development executive,12000,11750
2024,associate professionals & technicians,financial and insurance services,IT support technician (including IT user helpdesk technician),7779,7689
2024,associate professionals & technicians,financial and insurance services,After sales adviser/Client account service executive,9167,9167
2024,associate professionals & technicians,financial and insurance services,Appraiser/Valuer (excluding intangible asset valuer),7246,7246
2024,associate professionals & technicians,financial services,IT support technician (including IT user helpdesk technician),7917,7878
2024,associate professionals & technicians,financial services,After sales adviser/Client account service executive,9167,9167
2024,associate professionals & technicians,financial services,Appraiser/Valuer (excluding intangible asset valuer),7500,7500
2024,associate professionals & technicians,insurance services,Assessor,5128,5100
2024,associate professionals & technicians,insurance services,Management executive,4664,4664
2024,associate professionals & technicians,insurance services,Assistant accountant,4493,4493
2024,associate professionals & technicians,real estate services,Premises and facilities maintenance officer,3686,3640
2024,associate professionals & technicians,real estate services,Real estate agent,3280,3250
2024,associate professionals & technicians,real estate services,Management executive,4000,4000
2024,associate professionals & technicians,professional services,Resident technical officer,5100,5100
2024,associate professionals & technicians,professional services,Audit associate professional,5050,4900
2024,associate professionals & technicians,professional services,Management executive,4000,4000
2024,associate professionals & technicians,"legal, accounting & management services",Audit associate professional,5050,4900
2024,associate professionals & technicians,"legal, accounting & management services",Resident technical officer,4800,4800
2024,associate professionals & technicians,"legal, accounting & management services",Management executive,4120,4082
2024,associate professionals & technicians,architectural & engineering services,Resident technical officer,5500,5486
2024,associate professionals & technicians,architectural & engineering services,Management executive,3750,3713
2024,associate professionals & technicians,architectural & engineering services,Chemistry technician,4085,2980
2024,associate professionals & technicians,administrative and support services,Operations officer (except transport operations),3500,3214
2024,associate professionals & technicians,administrative and support services,After sales adviser/Client account service executive,4019,4019
2024,associate professionals & technicians,administrative and support services,Management executive,3400,3337
2024,associate professionals & technicians,public administration and education,Private tutor (academic),4361,4361
2024,associate professionals & technicians,public administration and education,Chemistry technician,4756,4756
2024,associate professionals & technicians,public administration and education,Management executive,4100,4100
2024,associate professionals & technicians,health and social services,Enrolled/Assistant nurse (excluding registered nurse),4930,4884
2024,associate professionals & technicians,health and social services,Pre-primary education teacher,4000,3800
2024,associate professionals & technicians,health and social services,Language instructor (extracurriculum),4322,4070
2024,associate professionals & technicians,"arts, entertainment and recreation",Management executive,3850,3710
2024,associate professionals & technicians,"arts, entertainment and recreation",IT support technician (including IT user helpdesk technician),3867,3400
2024,associate professionals & technicians,"arts, entertainment and recreation",Physical fitness instructor (including yoga instructor and aerobics instructor),2699,2100
2024,associate professionals & technicians,"other community, social and personal services",Non-ordained religious associate professional,3611,3611
2024,associate professionals & technicians,"other community, social and personal services",Management executive,3540,3470
2024,associate professionals & technicians,"other community, social and personal services",Assistant accountant,4150,4100
2024,"clerical, service & sales workers",manufacturing,Office clerk (including filing and copying),1600,1600
2024,"clerical, service & sales workers",manufacturing,Ledger and accounts clerk,3446,3396
2024,"clerical, service & sales workers",manufacturing,Shop sales assistant,1902,1626
2024,"clerical, service & sales workers","food, beverages & tobacco",Shop sales assistant,1750,1565
2024,"clerical, service & sales workers","food, beverages & tobacco",Office clerk (including filing and copying),1600,1584
2024,"clerical, service & sales workers","food, beverages & tobacco",Waiter,1750,1680
2024,"clerical, service & sales workers",paper/ rubber/ plastic products & printing,Office clerk (including filing and copying),2163,2130
2024,"clerical, service & sales workers",paper/ rubber/ plastic products & printing,Customer service officer/clerk,3211,3211
2024,"clerical, service & sales workers",paper/ rubber/ plastic products & printing,Production planning clerk,4306,3770
2024,"clerical, service & sales workers","petroleum, chemical & pharmaceutical products",Customer service officer/clerk,4453,4394
2024,"clerical, service & sales workers","petroleum, chemical & pharmaceutical products",Office clerk (including filing and copying),3728,3653
2024,"clerical, service & sales workers","petroleum, chemical & pharmaceutical products",Ledger and accounts clerk,4048,4008
2024,"clerical, service & sales workers","fabricated metal products, machinery & equipment",Office clerk (including filing and copying),1800,1746
2024,"clerical, service & sales workers","fabricated metal products, machinery & equipment",Customer service officer/clerk,3966,3902
2024,"clerical, service & sales workers","fabricated metal products, machinery & equipment",Ledger and accounts clerk,3250,3238
2024,"clerical, service & sales workers","electronic, computer & optical products",Ledger and accounts clerk,5503,5414
2024,"clerical, service & sales workers","electronic, computer & optical products",Customer service officer/clerk,4258,4045
2024,"clerical, service & sales workers","electronic, computer & optical products",Office clerk (including filing and copying),3397,3261
2024,"clerical, service & sales workers",transport equipment,Office clerk (including filing and copying),1440,1421
2024,"clerical, service & sales workers",transport equipment,Storekeeper,3600,3502
2024,"clerical, service & sales workers",transport equipment,Office supervisor,3953,3920
2024,"clerical, service & sales workers",construction,Office clerk (including filing and copying),1600,1584
2024,"clerical, service & sales workers",construction,Ledger and accounts clerk,2400,2383
2024,"clerical, service & sales workers",construction,Personnel/Human resource clerk,2100,1980
2024,"clerical, service & sales workers",services,Shop sales assistant,2392,2069
2024,"clerical, service & sales workers",services,Office clerk (including filing and copying),2394,2335
2024,"clerical, service & sales workers",services,Customer service officer/clerk,3139,2999
2024,"clerical, service & sales workers",wholesale and retail trade,Shop sales assistant,2430,2129
2024,"clerical, service & sales workers",wholesale and retail trade,Customer service officer/clerk,3770,3695
2024,"clerical, service & sales workers",wholesale and retail trade,Office clerk (including filing and copying),2320,2209
2024,"clerical, service & sales workers",wholesale trade,Shop sales assistant,2413,2024
2024,"clerical, service & sales workers",wholesale trade,Customer service officer/clerk,4111,4038
2024,"clerical, service & sales workers",wholesale trade,Office clerk (including filing and copying),2400,2256
2024,"clerical, service & sales workers",retail trade,Shop sales assistant,2437,2150
2024,"clerical, service & sales workers",retail trade,Sales supervisor,3150,2873
2024,"clerical, service & sales workers",retail trade,Cashier (general),2230,1885
2024,"clerical, service & sales workers",transportation and storage,Cabin attendant/steward,3839,3822
2024,"clerical, service & sales workers",transportation and storage,Customer service officer/clerk,3043,2907
2024,"clerical, service & sales workers",transportation and storage,Office clerk (including filing and copying),2300,2231
2024,"clerical, service & sales workers",land transport & supporting services,Office clerk (including filing and copying),1862,1800
2024,"clerical, service & sales workers",land transport & supporting services,Customer service officer/clerk,2865,2549
2024,"clerical, service & sales workers",land transport & supporting services,Rail station service assistant,3139,3139
2024,"clerical, service & sales workers",water transport & supporting services,Office clerk (including filing and copying),3305,3226
2024,"clerical, service & sales workers",water transport & supporting services,Customer service officer/clerk,3850,3724
2024,"clerical, service & sales workers",water transport & supporting services,Shipping clerk,3920,3765
2024,"clerical, service & sales workers",air transport & supporting services,Cabin attendant/steward,3839,3822
2024,"clerical, service & sales workers",air transport & supporting services,Customer service officer/clerk,2946,2885
2024,"clerical, service & sales workers",air transport & supporting services,Chief steward,6922,6922
2024,"clerical, service & sales workers",accommodation and food services,Waiter,1512,1360
2024,"clerical, service & sales workers",accommodation and food services,Cook (e.g. commis cook 2/3),2000,1840
2024,"clerical, service & sales workers",accommodation and food services,Captain waiter/Waiter supervisor,2741,2224
2024,"clerical, service & sales workers",accommodation,Hotel receptionist (including hotel reservation and front desk clerk),2690,2418
2024,"clerical, service & sales workers",accommodation,Hotel executive (including hotel reservation and front desk executive),2941,2800
2024,"clerical, service & sales workers",accommodation,Captain waiter/Waiter supervisor,3000,2863
2024,"clerical, service & sales workers",food & beverage services,Waiter,1500,1360
2024,"clerical, service & sales workers",food & beverage services,Cook (e.g. commis cook 2/3),1924,1764
2024,"clerical, service & sales workers",food & beverage services,Captain waiter/Waiter supervisor,2700,2158
2024,"clerical, service & sales workers",information and communications,Customer service officer/clerk,3555,3482
2024,"clerical, service & sales workers",information and communications,Office clerk (including filing and copying),3373,3327
2024,"clerical, service & sales workers",information and communications,Library clerk,2426,2390
2024,"clerical, service & sales workers","telecommunications, broadcasting & publishing",Customer service officer/clerk,3183,3183
2024,"clerical, service & sales workers","telecommunications, broadcasting & publishing",Office clerk (including filing and copying),3599,3587
2024,"clerical, service & sales workers","telecommunications, broadcasting & publishing",Ledger and accounts clerk,4680,4400
2024,"clerical, service & sales workers", it & other information services,Office clerk (including filing and copying),3300,3234
2024,"clerical, service & sales workers", it & other information services,Customer service officer/clerk,3826,3695
2024,"clerical, service & sales workers", it & other information services,Library clerk,2426,2390
2024,"clerical, service & sales workers",financial and insurance services,Bank operations clerk,5300,5237
2024,"clerical, service & sales workers",financial and insurance services,Customer service officer/clerk,4435,4410
2024,"clerical, service & sales workers",financial and insurance services,Secretary,7094,7083
2024,"clerical, service & sales workers",financial services,Bank operations clerk,5300,5236
2024,"clerical, service & sales workers",financial services,Customer service officer/clerk,4456,4456
2024,"clerical, service & sales workers",financial services,Secretary,7393,7351
2024,"clerical, service & sales workers",insurance services,Insurance/Underwriting clerk,5115,4870
2024,"clerical, service & sales workers",insurance services,Customer service officer/clerk,4330,4243
2024,"clerical, service & sales workers",insurance services,Office clerk (including filing and copying),3508,3450
2024,"clerical, service & sales workers",real estate services,Office clerk (including filing and copying),2576,2551
2024,"clerical, service & sales workers",real estate services,Customer service officer/clerk,2428,2308
2024,"clerical, service & sales workers",real estate services,Private security officer,2765,2630
2024,"clerical, service & sales workers",professional services,Office clerk (including filing and copying),2575,2557
2024,"clerical, service & sales workers",professional services,Secretary,4792,4489
2024,"clerical, service & sales workers",professional services,Customer service officer/clerk,3651,3589
2024,"clerical, service & sales workers","legal, accounting & management services",Secretary,4794,4454
2024,"clerical, service & sales workers","legal, accounting & management services",Office clerk (including filing and copying),3140,3109
2024,"clerical, service & sales workers","legal, accounting & management services",Customer service officer/clerk,3611,3508
2024,"clerical, service & sales workers",architectural & engineering services,Office clerk (including filing and copying),1640,1624
2024,"clerical, service & sales workers",architectural & engineering services,Ledger and accounts clerk,3400,3400
2024,"clerical, service & sales workers",architectural & engineering services,Secretary,4595,4595
2024,"clerical, service & sales workers",administrative and support services,Private security officer,2738,2650
2024,"clerical, service & sales workers",administrative and support services,Senior private security officer,3073,2950
2024,"clerical, service & sales workers",administrative and support services,Auxiliary police officer,3396,3396
2024,"clerical, service & sales workers",public administration and education,Office clerk (including filing and copying),3015,2925
2024,"clerical, service & sales workers",public administration and education,Customer service officer/clerk,3000,2965
2024,"clerical, service & sales workers",public administration and education,Teacher aide,3455,3266
2024,"clerical, service & sales workers",health and social services,Medical/Dental receptionist,2820,2770
2024,"clerical, service & sales workers",health and social services,Educarer,3389,2951
2024,"clerical, service & sales workers",health and social services,Healthcare assistant (e.g. therapy aide/assistant),2460,2454
2024,"clerical, service & sales workers","arts, entertainment and recreation",Customer service officer/clerk,2422,2400
2024,"clerical, service & sales workers","arts, entertainment and recreation",Waiter,1400,1288
2024,"clerical, service & sales workers","arts, entertainment and recreation",Shop sales assistant,2827,2790
2024,"clerical, service & sales workers","other community, social and personal services",Office clerk (including filing and copying),2062,2050
2024,"clerical, service & sales workers","other community, social and personal services",Customer service officer/clerk,2597,1860
2024,"clerical, service & sales workers","other community, social and personal services",Manicurist,2000,2000
2024,"production & transport operators, cleaners & labourers",manufacturing,Van driver,2040,1550
2024,"production & transport operators, cleaners & labourers",manufacturing,Lorry driver,2013,1920
2024,"production & transport operators, cleaners & labourers",manufacturing,"Office, commercial and industrial establishments indoor cleaner",1600,1590
2024,"production & transport operators, cleaners & labourers","food, beverages & tobacco",Kitchen assistant,1600,1584
2024,"production & transport operators, cleaners & labourers","food, beverages & tobacco",Van driver,1650,1049
2024,"production & transport operators, cleaners & labourers","food, beverages & tobacco",Baker,2000,1780
2024,"production & transport operators, cleaners & labourers",paper/ rubber/ plastic products & printing,Packing/Bottling/Labelling machine operator,2100,1614
2024,"production & transport operators, cleaners & labourers",paper/ rubber/ plastic products & printing,Printing machine operator,2145,1840
2024,"production & transport operators, cleaners & labourers",paper/ rubber/ plastic products & printing,Pre-press trades worker,3575,3250
2024,"production & transport operators, cleaners & labourers","petroleum, chemical & pharmaceutical products","Supervisor/General foreman (electrical and electronic trades, excluding lift)",9634,8950
2024,"production & transport operators, cleaners & labourers","petroleum, chemical & pharmaceutical products",Lorry driver,2992,2992
2024,"production & transport operators, cleaners & labourers","petroleum, chemical & pharmaceutical products",Van driver,2605,2559
2024,"production & transport operators, cleaners & labourers","fabricated metal products, machinery & equipment","Office, commercial and industrial establishments indoor cleaner",1736,1736
2024,"production & transport operators, cleaners & labourers","fabricated metal products, machinery & equipment",Lorry driver,2350,2220
2024,"production & transport operators, cleaners & labourers","fabricated metal products, machinery & equipment","Electrical lift, escalator and related equipment fitter",4359,2779
2024,"production & transport operators, cleaners & labourers","electronic, computer & optical products","Supervisor/General foreman (precision, handicraft, printing and related trades)",3681,3422
2024,"production & transport operators, cleaners & labourers","electronic, computer & optical products",Warehouse worker,3000,2270
2024,"production & transport operators, cleaners & labourers","electronic, computer & optical products",Stationary plant and machine supervisor/general foreman,3574,2343
2024,"production & transport operators, cleaners & labourers",transport equipment,Lorry driver,1500,1410
2024,"production & transport operators, cleaners & labourers",transport equipment,"Office, commercial and industrial establishments indoor cleaner",1530,1505
2024,"production & transport operators, cleaners & labourers",transport equipment,"Supervisor/General foreman (metal, machinery and related trades)",8920,8920
2024,"production & transport operators, cleaners & labourers",construction,"Office, commercial and industrial establishments indoor cleaner",1600,1596
2024,"production & transport operators, cleaners & labourers",construction,Lorry driver,2000,1807
2024,"production & transport operators, cleaners & labourers",construction,Crane/Hoist operator (excluding port),5249,3765
2024,"production & transport operators, cleaners & labourers",services,"Office, commercial and industrial establishments indoor cleaner",1650,1600
2024,"production & transport operators, cleaners & labourers",services,Kitchen assistant,1600,1400
2024,"production & transport operators, cleaners & labourers",services,Bus driver,3817,2180
2024,"production & transport operators, cleaners & labourers",wholesale and retail trade,Van driver,2450,2076
2024,"production & transport operators, cleaners & labourers",wholesale and retail trade,Lorry driver,2550,2270
2024,"production & transport operators, cleaners & labourers",wholesale and retail trade,"Office, commercial and industrial establishments indoor cleaner",1600,1600
2024,"production & transport operators, cleaners & labourers",wholesale trade,Van driver,2464,2100
2024,"production & transport operators, cleaners & labourers",wholesale trade,Lorry driver,2596,2288
2024,"production & transport operators, cleaners & labourers",wholesale trade,"Office, commercial and industrial establishments indoor cleaner",1680,1663
2024,"production & transport operators, cleaners & labourers",retail trade,Van driver,2364,1857
2024,"production & transport operators, cleaners & labourers",retail trade,Kitchen assistant,1608,1559
2024,"production & transport operators, cleaners & labourers",retail trade,Warehouse worker,2280,2200
2024,"production & transport operators, cleaners & labourers",transportation and storage,Bus driver,3994,2198
2024,"production & transport operators, cleaners & labourers",transportation and storage,Trailer-truck driver (including prime mover driver),2801,2381
2024,"production & transport operators, cleaners & labourers",transportation and storage,Lorry driver,2242,1824
2024,"production & transport operators, cleaners & labourers",land transport & supporting services,Bus driver,4026,2213
2024,"production & transport operators, cleaners & labourers",land transport & supporting services,Lorry driver,2264,1748
2024,"production & transport operators, cleaners & labourers",land transport & supporting services,Trailer-truck driver (including prime mover driver),3144,2770
2024,"production & transport operators, cleaners & labourers",water transport & supporting services,Trailer-truck driver (including prime mover driver),2529,2465
2024,"production & transport operators, cleaners & labourers",water transport & supporting services,Port limit helmsman/steersman/engine driver/tugmaster,2502,2477
2024,"production & transport operators, cleaners & labourers",water transport & supporting services,Deckhand (including lighterman),1666,1666
2024,"production & transport operators, cleaners & labourers",air transport & supporting services,Aircraft loader (e.g. airport baggage/cargo handler),3387,3385
2024,"production & transport operators, cleaners & labourers",air transport & supporting services,"Office, commercial and industrial establishments indoor cleaner",1849,1800
2024,"production & transport operators, cleaners & labourers",air transport & supporting services,Kitchen assistant,2895,2895
2024,"production & transport operators, cleaners & labourers",accommodation and food services,Kitchen assistant,1600,1376
2024,"production & transport operators, cleaners & labourers",accommodation and food services,Food/Drink stall assistant,1650,1600
2024,"production & transport operators, cleaners & labourers",accommodation and food services,"Office, commercial and industrial establishments indoor cleaner",1480,1400
2024,"production & transport operators, cleaners & labourers",accommodation,Housekeeping/Linen room attendant,2079,1986
2024,"production & transport operators, cleaners & labourers",accommodation,"Office, commercial and industrial establishments indoor cleaner",1600,1328
2024,"production & transport operators, cleaners & labourers",accommodation,Kitchen assistant,2700,2700
2024,"production & transport operators, cleaners & labourers",food & beverage services,Kitchen assistant,1600,1376
2024,"production & transport operators, cleaners & labourers",food & beverage services,Food/Drink stall assistant,1650,1600
2024,"production & transport operators, cleaners & labourers",food & beverage services,"Office, commercial and industrial establishments indoor cleaner",1474,1400
2024,"production & transport operators, cleaners & labourers",information and communications,"Office, commercial and industrial establishments indoor cleaner",1450,1450
2024,"production & transport operators, cleaners & labourers", it & other information services,"Office, commercial and industrial establishments indoor cleaner",1450,1450
2024,"production & transport operators, cleaners & labourers",financial and insurance services,"Office, commercial and industrial establishments indoor cleaner",1790,1758
2024,"production & transport operators, cleaners & labourers",financial and insurance services,Chauffeur,3700,3047
2024,"production & transport operators, cleaners & labourers",financial and insurance services,Kitchen assistant,1701,1497
2024,"production & transport operators, cleaners & labourers",financial services,"Office, commercial and industrial establishments indoor cleaner",1788,1746
2024,"production & transport operators, cleaners & labourers",financial services,Chauffeur,3802,3052
2024,"production & transport operators, cleaners & labourers",financial services,Kitchen assistant,1701,1497
2024,"production & transport operators, cleaners & labourers",real estate services,"Office, commercial and industrial establishments indoor cleaner",1743,1669
2024,"production & transport operators, cleaners & labourers",real estate services,"Supervisor/General foreman (food processing, woodworking, garment, leather and related trades)",3889,3484
2024,"production & transport operators, cleaners & labourers",real estate services,Food/Drink stall assistant,1600,1488
2024,"production & transport operators, cleaners & labourers",professional services,"Office, commercial and industrial establishments indoor cleaner",1663,1613
2024,"production & transport operators, cleaners & labourers",professional services,Chauffeur,3090,2500
2024,"production & transport operators, cleaners & labourers",professional services,Van driver,2565,2158
2024,"production & transport operators, cleaners & labourers","legal, accounting & management services","Office, commercial and industrial establishments indoor cleaner",1935,1891
2024,"production & transport operators, cleaners & labourers","legal, accounting & management services",Kitchen assistant,2112,2112
2024,"production & transport operators, cleaners & labourers","legal, accounting & management services",Chauffeur,3158,2629
2024,"production & transport operators, cleaners & labourers",architectural & engineering services,"Office, commercial and industrial establishments indoor cleaner",1600,1600
2024,"production & transport operators, cleaners & labourers",architectural & engineering services,Lorry driver,1850,1628
2024,"production & transport operators, cleaners & labourers",architectural & engineering services,Dishwasher,2853,2853
2024,"production & transport operators, cleaners & labourers",administrative and support services,"Office, commercial and industrial establishments indoor cleaner",1660,1601
2024,"production & transport operators, cleaners & labourers",administrative and support services,Residential and open areas general cleaner,1795,1740
2024,"production & transport operators, cleaners & labourers",administrative and support services,Cleaning supervisor,1953,1679
2024,"production & transport operators, cleaners & labourers",public administration and education,"Office, commercial and industrial establishments indoor cleaner",1700,1700
2024,"production & transport operators, cleaners & labourers",public administration and education,"Office, commercial and industrial establishments outdoor cleaner",1927,1740
2024,"production & transport operators, cleaners & labourers",public administration and education,Chauffeur,2900,2375
2024,"production & transport operators, cleaners & labourers",health and social services,"Office, commercial and industrial establishments indoor cleaner",1978,1970
2024,"production & transport operators, cleaners & labourers",health and social services,Van driver,2560,1856
2024,"production & transport operators, cleaners & labourers",health and social services,Hospital/Clinic attendant,2490,2215
2024,"production & transport operators, cleaners & labourers","arts, entertainment and recreation","Office, commercial and industrial establishments indoor cleaner",1400,1250
2024,"production & transport operators, cleaners & labourers","arts, entertainment and recreation",Kitchen assistant,1400,1400
2024,"production & transport operators, cleaners & labourers","arts, entertainment and recreation",Food/Drink stall assistant,1400,1344
2024,"production & transport operators, cleaners & labourers","other community, social and personal services","Office, commercial and industrial establishments indoor cleaner",1400,1386
2024,"production & transport operators, cleaners & labourers","other community, social and personal services",Van driver,1419,1328
2024,"production & transport operators, cleaners & labourers","other community, social and personal services",Leaflet and newspaper distributor/deliverer,1600,1600
