DataSeries,2024,2023,2022,2021,2020,2019,2018,2017,2016,2015,2014,2013,2012,2011,2010,2009,2008,2007,2006,2005,2004,2003,2002,2001,2000
"Establishments, Total Services Sector",320595,305030,287340,276705,268669,260036,247840,241280,237094,230857,224095,209934,201556,191102,180796,173351,158663,148228,146781,144986,144519,140960,133886,128714,126507
    SSIC 46 - Total Wholesale Trade,57715,55054,53847,54081,53506,52370,51117,50699,50572,49363,48311,47919,48369,47185,45259,43684,44498,42962,43196,42754,41191,41295,39208,38264,38575
        SSIC 462/463 - Agricultural Materials,5294,5109,5101,4942,5025,4832,4609,4540,4395,4206,4124,3984,3997,3881,4070,4159,4589,4404,4597,4949,4997,4500,4269,4117,4189
        SSIC 464 - Household Goods,7578,7368,7371,7749,7698,7659,7304,7392,7461,7254,6773,6784,7106,6870,7064,7374,8383,8499,8797,8891,9065,9306,8716,8684,8908
        SSIC 4661/4664 - Fuels & Chemicals,2042,1979,1976,2020,1924,1634,1548,1566,1605,1601,1479,1420,1397,1337,1304,1318,1433,1415,1435,1470,1484,1437,1452,1404,1442
        SSIC 4651/4652/4653/4654/4659 - Machinery & Equipment,8603,8467,8530,8427,8300,8111,7847,7929,7990,7910,7748,7858,8071,8140,8153,8589,9122,8796,9202,9588,9111,9641,8856,8176,8262
        SSIC 4655/4656 - Transport Equipment,1945,1887,1853,1881,1833,1842,1781,1778,1751,1684,1619,1569,1673,1683,1658,1508,1679,1711,1753,1862,1760,1595,1562,1569,1545
        SSIC 461/4662/4663/4665/4666/469 - Others,32254,30245,29015,29062,28727,28293,28029,27494,27371,26708,26568,26304,26125,25274,23009,20735,19293,18136,17412,15994,14773,14817,14352,14313,14229
    SSIC 47 - Total Retail Trade,37154,35830,34201,33314,32080,30775,29946,30151,30355,30612,30012,27265,25998,24652,23700,23494,20312,19612,19974,19835,20268,20508,19846,19457,19790
        SSIC 471 - General Merchandise,6191,5732,5364,4802,4471,4274,4256,4167,4160,4048,4218,4042,4006,3919,3839,3820,2959,2926,3074,3153,3054,3292,3491,3169,3218
        SSIC 473 - Transport Equipment,2559,2465,2460,2349,2252,2237,2182,2156,2090,1975,1864,1759,1861,1735,1627,1524,1397,1376,1374,1341,1459,1434,1424,1340,1395
        SSIC 476/4771/4772/4773/4775 - Personal Goods,14640,14659,14091,14353,13945,13524,13182,13619,13874,14263,13729,12581,11688,10908,10370,10356,9047,8454,8312,8023,7989,7784,7481,7729,7748
        SSIC 474/4751/4753 - Household Equipment,4580,4144,4041,3924,3916,3670,3576,3573,3626,3540,3243,3098,3110,3026,2961,2985,2969,3030,3184,3170,3194,3345,3217,3189,3195
        SSIC 472/4752/4774/4776/4777 - Others,9184,8829,8245,7887,7495,7071,6750,6637,6605,6786,6958,5784,5333,5064,4903,4809,3940,3825,4030,4148,4572,4653,4233,4030,4233
    SSIC 49-53 - Total Transportation & Storage,15374,15126,15391,15183,14697,14181,13761,13410,13176,12651,12389,11632,11252,10918,10218,9778,9003,8336,8435,8128,8634,8393,7921,7672,7797
        SSIC 49/5221 - Land Transport And Supporting Services To Land Transport,4598,4483,4907,4900,4836,4685,4598,4278,4158,3827,3607,3372,3286,3227,3005,2908,3203,2982,3345,3152,3446,3513,3375,3328,3236
        SSIC 50/5222/5225 - Water Transport And Supporting Services To Water Transport,5466,5296,5111,4914,4685,4648,4355,4346,4249,4213,4194,4037,3882,3753,3443,3155,2617,2319,2049,1937,2070,1940,1795,1730,1796
        SSIC 51/5223 - Air Transport And Supporting Services To Air Transport,305,275,260,233,225,217,210,197,188,182,198,182,183,175,157,143,137,127,114,104,103,95,94,100,97
        SSIC 521 - Warehousing & Storage,540,518,488,465,439,415,408,390,373,384,353,336,323,304,291,313,307,312,282,271,272,296,289,277,244
        SSIC 5224/5229 - Others,3629,3721,3822,3921,3813,3629,3597,3606,3624,3550,3564,3233,3102,3005,2900,2829,2163,2018,2096,2100,2147,2056,1956,1876,2025
        SSIC 53 - Post & Courier,837,834,803,750,700,588,593,592,584,496,473,472,476,455,421,430,577,579,549,564,597,493,412,361,398
    SSIC 55-56 - Total Accommodation & Food Services,20335,19282,18032,17361,16849,16870,16110,15490,14814,14446,14329,13106,11748,10268,9823,9312,7344,6720,6083,5488,5472,5153,5270,4995,4534
        SSIC 55 - Total Accommodation Services,735,669,675,671,686,688,701,685,666,690,666,589,562,509,487,459,306,289,277,252,247,233,222,221,212
        SSIC 56 - Total Food & Beverage Services,19600,18613,17357,16690,16163,16182,15409,14805,14148,13756,13663,12517,11186,9759,9336,8853,7038,6431,5806,5236,5225,4920,5048,4775,4322
    SSIC 58-63 - Total Information & Communications,24872,23298,21380,19904,18239,16299,14046,13281,12942,12073,10813,9495,8782,8041,7041,6630,6795,5961,5877,5748,5842,5368,4837,4029,3425
        SSIC 58 - Publishing Activities,2128,2029,1867,1701,1601,1306,1223,1131,1205,1084,1096,949,888,821,742,711,707,656,691,720,875,876,818,762,743
"        SSIC 59-60 - Movie, Video, Television, Broadcasting & Content Production",2506,2463,2430,2438,2186,1962,1651,1435,1347,1238,1085,1022,921,808,725,667,649,592,525,478,555,519,470,440,371
        SSIC 61 - Telecommunications,1011,965,927,905,879,908,894,883,922,947,835,792,783,787,744,650,709,652,640,584,562,498,426,334,267
"        SSIC 62-63 - Computer Programming, Information Technology Consultancy, Information Services & Online Marketplaces",19227,17841,16156,14860,13572,12122,10278,9833,9469,8804,7797,6732,6190,5624,4830,4603,4730,4061,4021,3966,3850,3476,3124,2493,2043
    SSIC 64-66 - Total Finance & Insurance,33301,31215,28537,26146,25313,24497,23159,22174,21287,20456,19947,18925,17599,16150,14805,13858,-,-,-,-,-,-,-,-,-
"    SSIC 68-82 - Total Real Estate, Professional And Administrative & Support Services",77694,74134,70235,67751,66107,64728,61436,59343,58118,56542,54899,50531,48046,45659,42728,40280,34696,31418,30765,30828,31442,30541,28633,27510,25991
        SSIC 68 - Real Estate,9863,9773,9673,9501,9525,9446,9266,9132,9187,9314,9246,8900,8513,8360,8025,7701,8901,8456,8455,8266,8627,8651,8448,8479,8312
        SSIC 69 - Legal & Accounting,3687,3523,3396,3318,3283,3191,3093,2913,2847,2771,2684,2578,2480,2266,2059,1951,2083,2023,2050,2127,2174,2106,2032,1901,1753
        SSIC 70 - Head Office & Management Consultancy,29926,27767,25433,23893,22472,21414,20116,18898,17958,17404,16797,14651,13654,12929,12120,11338,7110,6014,5891,5885,5801,5616,5023,4862,4562
"        SSIC 71 - Architectural & Engineering Activities, Technical Testing & Analysis",7043,6825,6620,6414,6410,6384,6140,6072,6060,5908,5833,5466,5195,4926,4660,4335,3316,2869,2907,2982,3093,2956,2852,2718,2486
        SSIC 72 - Scientific Research & Development,1266,1222,1184,1179,1101,1046,960,874,824,772,748,635,600,562,523,484,346,288,269,242,221,172,142,108,84
        SSIC 73 - Advertising & Market Research,2066,2015,1922,1904,1853,1798,1614,1522,1503,1422,1308,1261,1237,1155,1070,1029,1145,1094,1086,1163,1195,1138,988,913,858
"        SSIC 74-75 - Other Professional, Scientific & Technical Services/Veterinary Activities",8539,8224,7936,7744,7571,7525,6919,6885,6897,6514,5845,5560,5288,4753,4164,3879,3766,3397,3267,3461,3529,3438,3228,2954,2766
        SSIC 77 - Rental & Leasing,2104,2069,1964,1950,1915,1904,1801,1767,1527,1502,1431,1313,1257,1215,1218,1184,1162,1050,1063,1130,1206,1282,1212,1186,1095
        SSIC 78 - Employment Services,4181,3992,3777,3665,3688,3800,3671,3668,3613,3534,3607,3403,3245,3053,2837,2591,1718,1476,1370,1281,1297,1274,1179,1112,1043
        SSIC 79 - Travel Agencies & Tour Operators,1188,1103,1032,1027,1145,1078,977,1031,1081,1028,977,894,912,953,894,832,664,611,569,572,507,466,428,386,454
        SSIC 80 - Security & Investigation,409,421,426,443,417,418,409,404,404,400,408,409,391,401,393,385,322,314,306,297,311,293,272,270,272
        SSIC 81 - Cleaning & Landscape Maintenance,2893,2820,2717,2718,2601,2505,2431,2377,2284,2229,2269,1963,1880,1824,1778,1670,1126,989,982,947,1069,741,640,565,429
"        SSIC 82 - Office Administrative, Office Support & Other Business Support Services",4529,4380,4155,3995,4125,4219,4041,3800,3933,3743,3746,3500,3394,3263,2985,2901,3036,2837,2551,2476,2410,2408,2188,2055,1878
"    SSIC 85-96 - Total Recreation, Community & Personal Services",54149,51091,45717,42965,41877,40316,38265,36732,35830,34714,33395,31062,29763,28229,27222,26316,25789,23954,23271,23199,23492,21761,20572,19391,19257
        SSIC 85 - Education,15447,14253,12639,10889,10538,9963,9230,8228,7912,7565,7265,6788,6542,5707,5197,4971,4729,4362,4230,4027,3889,3481,3105,2879,2795
        SSIC 86 - Total Health Services,8656,8404,7341,7165,6950,6892,6680,6349,6129,5802,5506,5130,4888,4660,4572,4341,4121,3659,3521,3445,3406,3294,3052,2782,2619
            SSIC 861 - Hospitals,24,25,25,25,25,25,25,24,24,23,21,21,20,20,20,20,20,20,20,20,22,22,22,22,19
            SSIC 86201/3 - Western Clinics And Specialised Medical Services,4195,4125,3548,3567,3553,3623,3609,3463,3354,3182,3050,2915,2776,2668,2660,2535,2530,2264,2238,2181,2120,2070,1941,1806,1645
            SSIC 86202 - Clinics And Other General Medical Services (Non-Western),1238,1177,1010,958,929,884,795,791,776,744,739,718,691,641,625,611,594,509,491,540,551,539,508,441,422
            SSIC 86204/869 - Dental & Other Health Services,3199,3078,2758,2615,2444,2359,2252,2071,1975,1853,1696,1476,1400,1331,1267,1175,978,866,772,704,712,663,581,512,534
        SSIC 87-88 - Residential Care & Social Services Without Accommodation,1894,1773,1512,1364,1294,1070,984,935,901,851,801,724,700,649,596,568,595,561,517,476,495,416,365,302,284
"        SSIC 90-91 - Arts Creation, Performing Arts, Libraries, Archives, Museums & Other Cultural Activities",1046,970,876,837,874,953,923,921,933,886,857,790,738,696,692,650,479,413,345,381,500,468,566,539,504
        SSIC 92 - Gambling & Betting Activities,136,137,134,135,143,138,140,146,156,157,160,164,142,98,117,115,52,46,56,69,76,76,75,77,77
"        SSIC 93 - Sports, Amusement & Recreation Activities",3708,3356,2908,2231,2404,2355,2210,2139,2076,2170,1922,1821,1732,1651,1474,1423,1758,1695,1678,1712,1958,1768,1698,1748,1642
        SSIC 94 - Activities Of Membership Organisations,3887,3746,3674,3706,3755,3896,3869,3824,3756,3742,3628,3441,3247,3193,3210,3211,4165,4324,4213,4264,4118,3867,3760,3725,3642
"        SSIC 95 - Repair Of Computers, Personal & Household Goods & Vehicles",4509,4299,4158,4095,4079,3710,3412,3432,3473,3376,3352,3185,3178,3091,3068,3046,3357,3094,3250,3402,3780,3688,3525,3277,3504
        SSIC 96 - Other Personal Service Activities,14867,14153,12475,12543,11840,11340,10816,10758,10494,10167,9903,9018,8598,8485,8295,7990,6533,5800,5462,5421,5270,4703,4425,4062,4190
"Operating Revenue, Total Services Sector",6086759.8,5626411.5,5976345.7,4931781.5,3752809.1,4079495.4,4040824.3,3485410.6,2941225.9,2988708.3,3178139.3,3027203.4,2741899.2,2514901.1,1994489.3,1646874.8,1871430,1700930,1426822.8,1189507.2,950608.3,766875.9,670094.7,655127,689341.2
    SSIC 46 - Total Wholesale Trade,4432329.9,4215642.8,4717193.9,3816888.9,2822087.8,3124068.3,3154652.4,2686407.1,2193329.1,2302753.9,2507478.6,2419609.9,2171570.8,1998818.2,1524788.4,1203380,1417117.9,1260505.7,1041450.7,863274,680625.9,524385.6,441767.8,408302,439725
        SSIC 462/463 - Agricultural Materials,307830.6,306428,358765.5,322975.4,273206.8,259747.4,246051.1,280737.9,249338.7,255222.1,243184.4,237279.3,214796.6,211329.8,160194.3,128610.7,139964,110560.7,80165.5,67388.8,60281,48077.2,37254.6,28871.2,30132.1
        SSIC 464 - Household Goods,195035.2,184029.8,179634.8,142093.1,125641.6,125471.7,124910.6,122167.1,105590.3,101914.9,92797.9,88433.4,85227.4,74002.5,69790.4,62888.5,64333.4,61833.5,58908.9,53441.9,46811.4,33073.1,31585.1,37902.7,44847.8
        SSIC 4661/4664 - Fuels & Chemicals,2263109.4,2218433.4,2585217.2,1858969.7,1241368,1702180.1,1768955,1310610,981198.3,1078546,1340850.8,1318247.5,1162068.2,1047452.2,731027.3,555026.2,682977.5,586227.4,510745.4,424429.4,325430.6,245425,205822.9,185162.4,201840.4
        SSIC 4651/4652/4653/4654/4659 - Machinery & Equipment,815494.1,742428.1,763378.7,745453.7,550342.8,435867.6,476049.9,449246.5,398173.9,411575.5,382007.8,355928.9,343582.7,318820.2,294049.6,247103.6,270664.8,283238.4,215662.8,176785.1,137383.3,113200.5,92750.3,88969.4,95038.5
        SSIC 4655/4656 - Transport Equipment,57011.2,53005.9,54024.2,47717.1,37474.2,48856.9,50732.9,50380.2,48114.4,46218.8,45476.3,46402.9,48337.2,40771.3,40447.9,36588.9,43665.1,38466.7,32621.8,29729,20726,14889.9,11177.4,8213.9,8131.5
        SSIC 461/4662/4663/4665/4666/469 - Others,793849.4,711317.6,776173.6,699679.8,594054.4,551944.6,487952.9,473265.3,410913.5,409276.8,403161.4,373317.9,317558.7,306442.3,229278.9,173162.1,215513.2,180179,143346.3,111499.9,89993.7,69719.9,63177.4,59182.4,59734.7
    SSIC 47 - Total Retail Trade,55012.8,53297,51346.5,47409.9,41827.3,47712.2,48290.7,48877.7,48092.1,46421.6,44892.2,44021.7,43346.6,41114.7,38055.6,37033.9,37890.2,36172.4,33742.8,31728.4,28166,25480.9,24047,23543,24913.2
        SSIC 471 - General Merchandise,13554.6,13410.4,13189.1,13089.5,12898.7,11913.4,11710.8,11714,11867.8,11865.9,11484,11207.3,10900.2,10251.1,9891.8,9566.9,9457.1,8766.6,8192.2,7627.8,7101,6742.7,6476.5,6115.6,6216.4
        SSIC 473 - Transport Equipment,11008.6,10269.4,10208.9,10891.7,8833.5,10640.2,11204.5,12443.9,11895.3,9805.4,9009.7,8551,9433.3,8821,9106.6,10280.1,12113.7,11838.2,11617,10784.7,9388.9,7883.1,6978.6,6586.7,8017.1
        SSIC 476/4771/4772/4773/4775 - Personal Goods,18282.7,17844.6,16630.8,13636.5,11491.4,15835.8,15701.5,15039.3,14715.5,14753.6,14523.5,14168.5,13033.5,12286.8,10836.6,9621.2,9171,8787.9,7825.3,7347.8,6503.2,6014.9,5755,6165.8,5809.4
        SSIC 474/4751/4753 - Household Equipment,7634.4,7555,7528.2,6975.7,5915.5,5943.1,6325.1,6463.8,6510.2,6787.8,6754.3,7060.3,7124.8,7138,5866.8,5385.4,5294.5,5033.9,4560.2,4497.4,3684.9,3481.9,3417.9,3369.8,3498.6
        SSIC 472/4752/4774/4776/4777 - Others,4532.6,4217.7,3789.4,2816.5,2688.1,3379.7,3348.7,3216.8,3103.3,3208.9,3120.6,3034.4,2854.7,2617.8,2353.8,2180.3,1854,1745.8,1548,1470.8,1487.9,1358.4,1418.9,1305.1,1371.6
    SSIC 49-53 - Total Transportation & Storage,321542.3,271894.3,328096.8,275913.5,168665.7,174205.7,160018.1,130425.5,117788.8,127966.1,129955.1,113899,107347.4,102277.2,95987.1,82705.5,85561.5,72778.8,63586.7,59120.3,50013.7,41352.2,38113.2,38937.3,36222
        SSIC 49/5221 - Land Transport And Supporting Services To Land Transport,8038.2,7919.9,7470.3,6710.3,6361.1,7359.5,7350.1,7395.8,7110.8,6743.5,6392.2,5999.9,5864.9,5559.8,5356.9,5116.5,5004.5,4631.7,4284.4,3886.1,3730.4,3596.1,3659.9,3666,3699.3
        SSIC 50/5222/5225 - Water Transport And Supporting Services To Water Transport,250276.1,208036.7,264305,229018,131914.7,126472.1,113188.9,87430.1,76706.3,86643.8,89671.1,74700.1,69949.8,67015,62547.8,52738.2,51626.7,41497,35114.7,32930.4,26239.3,20749.2,16905.4,18700.7,16341.4
        SSIC 51/5223 - Air Transport And Supporting Services To Air Transport,24431.8,22829.8,19860.3,8649.1,8121.4,21932.3,21982.6,20972.4,19698.9,20267.3,20918.2,21108.6,20719.9,19993.1,18948.8,16618.2,21539.2,20048.8,18191,16810.9,15161.1,12478.4,13314.7,12498.8,12040.8
        SSIC 521 - Warehousing & Storage,3943.7,3821.8,3382.9,3099.7,3042.8,2863.6,2827.2,3034.2,2986.3,2852.2,2791.1,2659.3,2664.7,2554.7,2462.7,2089.1,1851.8,1578.3,1436.3,1318.2,1201.9,1209.5,1116.2,1173.3,1045.4
        SSIC 5224/5229 - Others,29902.7,24100.1,28711.9,24448.3,16213,12880.4,12093,9186.1,9069.5,9414.9,8215.3,7546.1,6325.2,5340.3,4931.5,4577.1,3986.6,3540.9,3154.5,2886.6,2553.1,2292.1,2110.7,1964,2139.5
        SSIC 53 - Post & Courier,4949.8,5185.9,4366.5,3988.1,3012.6,2697.9,2576.4,2407,2217,2044.3,1967.2,1885.1,1822.9,1814.4,1739.4,1566.4,1552.6,1482.2,1405.9,1288.2,1127.9,1026.9,1006.2,934.5,955.5
    SSIC 55-56 - Total Accommodation & Food Services,30220.5,28704.2,24994.1,18827.6,18107.2,23916.8,23205.1,21854.3,21331.2,20212.4,20129.3,18473.4,17340.4,15804.7,13576.9,11633.4,9744.1,8800.4,7735.2,6940,6329.3,5668.7,6187.1,6049.7,6298
        SSIC 55 - Total Accommodation Services,9886.7,9048.7,6688.9,4430.2,4785.6,7945.8,7833.2,7445.5,7452.1,7008.1,7424.9,6742.9,6461.2,6051.3,4947.2,3862.2,4011.7,3578.5,3014.8,2590.3,2283.9,1880.5,2188.6,2251.8,2312.2
        SSIC 56 - Total Food & Beverage Services,20333.8,19655.5,18305.3,14397.4,13321.6,15971.1,15371.9,14408.8,13879,13204.3,12704.4,11730.5,10879.2,9753.4,8629.6,7771.1,5732.4,5221.9,4720.4,4349.7,4045.4,3788.2,3998.5,3797.8,3985.8
    SSIC 58-63 - Total Information & Communications,249466.9,220537.7,193767,168646.8,132028.3,106451.9,93935.7,81332.8,70120.3,62587.4,56448.9,50317,46280.3,41516.8,37859.8,34532.6,33133.8,31157.8,27791.4,25559,22990.8,20429.7,19842.6,19358.7,16680.9
        SSIC 58 - Publishing Activities,30900.7,25213.9,20611,17216.1,11950.7,8417.7,12564.4,14413.3,12502.9,12913,13541.8,12503.5,12680.9,11621.6,10742.2,9753.8,9808.5,9307.4,8175.3,7404.9,6893.2,6122.9,6006.6,5960,4598.6
"        SSIC 59-60 - Movie, Video, Television, Broadcasting & Content Production",32132.4,25469.2,20553.7,14492.1,9291.5,7129.6,6168.7,5210.3,4375.9,4239.3,3692.5,4273.3,4161.9,3965.2,3650,3548.2,3340.9,3208.7,2949.1,2688.4,2419.8,2107.2,2260.5,1996,1894.2
        SSIC 61 - Telecommunications,18241.7,17161.3,15954.1,14677.5,14230.5,14890.8,14320.6,14129.3,14345.6,14667.5,14308.4,13781.4,13562.8,13074.7,12548.9,11526.7,11280.3,10752.8,9650,8752.6,7448.1,7037.5,6630.7,6831.3,5537.5
"        SSIC 62-63 - Computer Programming, Information Technology Consultancy, Information Services & Online Marketplaces",168192.1,152693.3,136648.2,122261,96555.6,76013.7,60882,47579.9,38895.9,30767.6,24906.3,19758.8,15874.7,12855.3,10918.7,9703.8,8704.2,7888.9,7017,6713.1,6229.7,5162.1,4944.7,4571.4,4650.6
    SSIC 64-66 - Total Finance & Insurance,730560.7,595286.6,439010.4,406181.3,396472.5,408515.6,370381.5,324964.5,298670.5,245504.1,246022.2,217413.7,203239.5,178624,159864.1,168409.5,-,-,-,-,-,-,-,-,-
"    SSIC 68-82 - Total Real Estate, Professional And Administrative & Support Services",202689.9,180847.5,168285.8,150145.9,131200.8,147128.3,144702.9,147864.6,150324.3,143760.5,135720.6,128919.2,120475.4,106794.5,98159.3,87714,75416.9,67951.4,53236.2,45929.3,43845.4,37616.1,36325.5,37736.4,39337.6
        SSIC 68 - Real Estate,59990.4,57847.2,51554.1,44870.4,38370.1,44815.5,41619.9,46189.8,49105.5,51466.7,49614.2,47627.8,44856.4,39108.8,38338.1,32119.2,26847.3,25197.1,16759.1,15077.3,15382.1,13819.6,13760.2,16919.3,18761.9
        SSIC 69 - Legal & Accounting,7839.9,7503.1,7079.6,6647.8,6021,5824,5546.8,5375,5113.7,4822.6,4627,4407.1,4078.2,3626.3,3378.1,3230.7,3197,2893.8,2525.9,2293.3,2018,1872.8,1832.2,1811.3,1708.5
        SSIC 70 - Head Office & Management Consultancy,49482.7,37672.9,34682.3,31591.7,27071.5,27625.7,25700.4,26127.7,24707.9,22593.6,22416,21905.5,20559.6,18338.9,14053.7,13055.3,10998.2,10102.2,9177.1,7712.8,6580.9,6122.9,5661.9,4770.5,5114.7
"        SSIC 71 - Architectural & Engineering Activities, Technical Testing & Analysis",26520.1,27566.1,27600.2,26344.2,21177.3,23949.5,20877.2,19847.3,23789.5,22774,22351.6,21908.7,20223.9,17289.7,17413.9,17611.9,13901.2,11644,8753.9,7066.5,6740.8,6191.6,5590.1,5362.7,5480.9
        SSIC 72 - Scientific Research & Development,5448.5,4992.4,4154.8,3638.2,3308.6,2958.9,4275.9,4292.7,4114,4030.1,3239.4,2663.2,2865.6,2805.1,2628.5,2156.2,1871.9,1661.7,1319.5,1011.3,943.8,731.4,701.9,579.4,471.2
        SSIC 73 - Advertising & Market Research,13503.1,8439.2,6602.8,5131.9,3955.2,4452.1,4106.6,3603.7,3527.3,3203.7,3046.4,3050.9,2928.5,2870.4,2818.2,2601.7,2549.6,2415.9,2288,2072.3,2038.6,1930.7,1796,1654.6,1723.5
"        SSIC 74-75 - Other Professional, Scientific & Technical Services/Veterinary Activities",5255.2,5007.9,4384.3,3436.7,2729.9,3271.9,2798.4,2944.1,2847.4,2891.5,2791.7,2540.6,2224.1,2100.7,1953.5,1730.4,1825.5,1798.3,1628.8,1516.6,1386.4,1224.1,1087.1,982.6,956.7
        SSIC 77 - Rental & Leasing,11597,10967,14516.9,12718.1,12894.1,16551.9,22015.4,22554.7,20906.3,17257.9,13827,12228.9,10635.7,9329.6,7658.4,6670.8,6737.5,5357.1,4524.8,3798.4,3985.7,1879.4,1813.2,1988.2,1560.6
        SSIC 78 - Employment Services,7186.4,6682.6,6339.5,5735.3,4808.8,4742.8,4886.7,4727.9,4685.3,4137.1,3962.7,3531.9,3339.7,3083.7,2565.6,2229.4,1965.6,1804.4,1529.5,1283.8,988.2,744.8,569.1,580.5,579
        SSIC 79 - Travel Agencies & Tour Operators,3376.3,3066.3,1517.9,773.6,1376.9,3285.5,3192.9,3372.8,3390.3,3105.3,3064.7,2926.2,2878,3038.2,2699.6,2092.8,1803.4,1730.3,1632.7,1449.8,1489.1,1256.3,1673.6,1465.8,1407.8
        SSIC 80 - Security & Investigation,3056.4,2865.6,2635.3,2903,3146.4,2621.3,2560.8,2300.5,2092.1,1948.6,1720.4,1550,1422,1300.9,1199.9,1094.5,933.8,829.1,694.7,683.5,587.1,491,488.8,456.4,473.7
        SSIC 81 - Cleaning & Landscape Maintenance,4416.8,4021.1,3664.2,3393.4,3240.8,3234.2,3284.7,3199.3,2836,2527.5,2173.3,1874.5,1704,1466.1,1309.6,1220,924.1,744.1,645.3,561,489.9,311.5,264.8,253.5,235.4
"        SSIC 82 - Office Administrative, Office Support & Other Business Support Services",5016.9,4216.1,3553.8,2961.8,3100,3795.1,3837.1,3329.1,3209.1,3001.8,2886.2,2703.7,2759.7,2436.2,2142.3,1901.1,1861.8,1773.4,1756.9,1402.8,1214.6,1039.9,1086.8,911.7,863.8
"    SSIC 85-96 - Total Recreation, Community & Personal Services",64936.8,60201.3,53651.2,47767.6,42419.5,47496.6,45638,43684,41569.6,39502.3,37492.3,34549.5,32298.7,29950.9,26198.1,21465.9,19733.2,17921.5,16294.2,14013.7,12917,11766.2,11633.6,11053,10019.8
        SSIC 85 - Education,14594.6,13609.1,12951.5,12475.9,11390.6,11377.4,11008.8,10377.6,9971.6,9600.3,9297.9,8541.2,7947.5,7098.1,6411.6,5948,5277.2,4638.8,4225,2834.4,2614.1,2326.2,2295,2051.7,1959.6
        SSIC 86 - Total Health Services,30693.5,28310.2,26081.7,23846.8,20804,20980.7,19524.5,18514.6,17557.5,16228.1,14560.5,12964.3,11468.5,10127.7,9173.1,8399,7572,6963.2,6251.5,5728,5430.8,5095.8,5002.4,4618.7,3614.5
            SSIC 861 - Hospitals,15646.1,14283.4,12868.1,11482.7,10761.9,10766.1,10116.9,9478.5,8798.3,8105.2,7345.7,6620.3,5968.9,5330.1,4840.1,4224.9,3876.7,3418.1,2995.8,2701.2,2522.2,2415.5,2337.7,2196.3,1811.9
            SSIC 86201/3 - Western Clinics And Specialised Medical Services,8852.8,8456.6,8035.7,7328.1,5808.5,6278,5792.6,5551.3,5413.1,5022.2,4490.2,4125.9,3666.7,3136,2833,2729.6,2433,2412.8,2281.1,2133.8,2109.7,1917.5,1971.1,1793.9,1377.5
            SSIC 86202 - Clinics And Other General Medical Services (Non-Western),418.1,351.4,300,205.3,178.5,199,191.6,186.9,180,146.5,137.3,125.2,119.3,108,103.2,93.7,88.6,80.8,81.9,80.6,77.8,72,73.3,76.8,53.7
            SSIC 86204/869 - Dental & Other Health Services,5776.6,5218.9,4877.9,4830.7,4055.2,3737.6,3423.4,3297.9,3166.1,2954.2,2587.2,2092.8,1713.6,1553.7,1396.8,1350.8,1173.6,1051.5,892.7,812.4,721.2,690.8,620.3,551.6,371.4
        SSIC 87-88 - Residential Care & Social Services Without Accommodation,1680.8,1478,1382.2,1190,1099.5,1029.1,952.9,891.6,807,771.9,646.6,577.2,528.3,453.3,301,259.3,221.3,203.1,185.1,166.6,125.6,107.5,103.5,84.3,81.1
"        SSIC 90-91 - Arts Creation, Performing Arts, Libraries, Archives, Museums & Other Cultural Activities",815.2,735.5,479.6,290.3,265.3,643,645.5,585.4,557.9,567.6,549.7,509,387.3,415.6,362.1,323.5,301.4,289.7,259,244.9,226.6,182.2,212.1,193.1,191.5
        SSIC 92 - Gambling & Betting Activities,5747.5,5290.9,4010.8,2886.5,2510.4,5068.3,5056.9,4895.5,4452.6,4518.8,5030.6,4990.1,5167.3,5497.4,4063.6,995.5,1002.6,902,946.3,861.8,733.3,740.3,782.4,637.8,623
"        SSIC 93 - Sports, Amusement & Recreation Activities",3756.8,3415.6,2508.8,1657.4,1629.5,2860.6,2693.1,2786.4,2654.2,2750.9,2569.6,2398.7,2437.4,2116.3,1912.2,1716.6,1742.5,1465.8,1247.8,1139.2,1085.1,971.7,1002.4,979.2,1050.4
        SSIC 94 - Activities Of Membership Organisations,992.5,813.9,781.8,753.9,652.1,859.4,906.1,891.8,916.3,885.3,754,671.2,622.5,593.2,537.9,579.4,479,469.4,458.7,383.4,398.7,390.1,406.8,396.3,380.6
"        SSIC 95 - Repair Of Computers, Personal & Household Goods & Vehicles",2105.5,2000.5,1765.5,1504.7,1421.8,1584.6,1892.3,1946.6,1991.4,1863.4,1853.8,1838.6,1745.4,1659.6,1546.2,1538,1561.4,1494.6,1404.9,1390.8,1218.9,1164,1077.5,1295.1,1353.1
        SSIC 96 - Other Personal Service Activities,4550.3,4547.6,3689.4,3162.1,2646.2,3093.5,2957.9,2794.4,2661,2316.1,2229.6,2059.1,1994.5,1989.7,1890.3,1706.5,1575.8,1494.9,1315.9,1264.6,1083.9,788.4,751.4,796.7,766
"Operating Expenditure, Total Services Sector",5588553.1,5246263.9,5537612.4,4588869.9,3502622,3805837.8,3764688.3,3253253.7,2719820.8,2810779.2,2997768.6,2849030.1,2577449.3,2360064.4,1865899,1528709.7,1763691.7,1586009.3,1329933.6,1113858.2,892007.1,711905.1,630887.5,620664.3,647956.6
    SSIC 46 - Total Wholesale Trade,4329392.5,4120320.6,4580492.6,3732983,2768164.7,3069596.1,3101130.9,2639594.9,2153467.5,2269835.7,2471682.3,2378483.6,2129921.2,1956648.2,1489271.5,1175659.1,1394332,1231824.6,1018801,846158.8,668504.5,516674.8,434482,402457.4,432694.5
        SSIC 462/463 - Agricultural Materials,304023.4,302258.2,352840.2,319385.3,271258.7,257065.2,243028.3,278227.1,246341.4,252810.2,240124.6,234208,211616.2,208246.3,157290.7,126050.8,136655.6,108450.2,78494.1,66217.3,59206.2,47468.7,36495.1,28241,29303.1
        SSIC 464 - Household Goods,186893.6,174449,171089.6,134573.6,118732.4,119849.6,119002.1,117261.7,102188.6,98280,88519.6,84948.2,82986.6,70034,66853.2,60320.3,61842,59663.5,56927.2,51697.8,45614.2,32076,30507,36843.4,43877.6
        SSIC 4661/4664 - Fuels & Chemicals,2249443,2191776.6,2515396.5,1834253.8,1228915.2,1684120,1754551.8,1300865.6,969716.4,1077449.9,1339639.5,1308958.5,1150528,1032029.7,720551,546757.9,681976.6,579637.5,505773.2,420255.1,321524.9,243193.3,204051.6,184662.6,200469.2
        SSIC 4651/4652/4653/4654/4659 - Machinery & Equipment,745945.8,696281.7,725681.5,708248.9,523078.4,413350.1,451837.5,426669.6,381571.2,391500.9,363910.2,339477,325696,306623.4,281390.3,237896.1,259858.8,270395.6,205208.8,169483.2,133049.5,110427.4,89939.7,86141.2,92104.4
        SSIC 4655/4656 - Transport Equipment,55387.5,50783.8,52489.1,46520.3,36957.4,47935.7,49770.8,49340.2,47873.3,45038.3,44096.2,44792.3,46797.6,39524.7,39172.2,35169,42315.5,36959.5,31486.9,28733.3,20093.7,14442.4,10823.2,7953.4,7837
        SSIC 461/4662/4663/4665/4666/469 - Others,787699.2,704771.2,762995.6,690001,589222.6,547275.3,482940.5,467230.7,405776.5,404756.3,395392.2,366099.7,312296.8,300190.1,224014.1,169465.1,211683.5,176718.3,140910.9,109772,89015.9,69066.8,62665.3,58615.9,59103.2
    SSIC 47 - Total Retail Trade,53304.7,51518.4,49845.6,45803.5,40630.7,46267.9,46411.6,46981.9,46021.9,44536.9,43112,42027.7,41196.5,38857.8,36020,35076.3,35997.1,34248.5,32003.4,30073.6,26735.6,24348.7,22910.4,22460.6,23582.2
        SSIC 471 - General Merchandise,13296.7,13291.4,13049.3,12692.9,12432,11671.2,11365.1,11303.1,11406.2,11419,10944.9,10611.3,10268.4,9581.1,9290.1,8983.6,9062.4,8387,7849.1,7294.8,6777.2,6457.7,6173.6,5953.2,5986.6
        SSIC 473 - Transport Equipment,10527,9700.2,9630.1,10366.5,8328.1,9925.4,10263.7,11546,11010.6,9078.8,8491.7,8073.7,8926.1,8352.5,8636.6,9749.6,11482.5,11178.9,10947.7,10130.3,8848.2,7487.4,6650.5,6104.3,7445.8
        SSIC 476/4771/4772/4773/4775 - Personal Goods,17610,17035.6,15957.4,12983.6,11178,15300.9,15177.2,14590.4,14177.5,14234.9,13999.8,13500.2,12322.6,11547.3,10128.8,9049.1,8575.9,8219.9,7354,6920.6,6131,5729.2,5448.8,5887.1,5474.2
        SSIC 474/4751/4753 - Household Equipment,7413.9,7389.8,7525.8,6922.4,5883.1,5818.7,6141.4,6225.9,6270.9,6568.9,6562.2,6847.4,6866.5,6821.8,5616.3,5181.1,5142.9,4835,4408.8,4350.2,3574,3392,3305.9,3284.5,3385.6
        SSIC 472/4752/4774/4776/4777 - Others,4457.1,4101.3,3683,2838.1,2809.7,3551.7,3464.3,3316.6,3156.8,3235.3,3113.5,2995,2812.9,2555.1,2348.1,2113,1733.4,1627.8,1443.8,1377.8,1405.1,1282.4,1331.6,1231.7,1289.9
    SSIC 49-53 - Total Transportation & Storage,278419.5,248726.9,265134.8,236184.2,161211.2,164654.6,152625.3,122655.7,112219.5,119331.7,122931.2,108005.8,101644.9,97550.6,86419.2,77378.4,75192.7,62032.7,55258.8,50172.3,42200.8,36246.3,34413.7,35061.3,31331.1
        SSIC 49/5221 - Land Transport And Supporting Services To Land Transport,7445.4,7331.6,7057.4,6223.1,5757.3,6840.1,6767.1,7125,6467.1,6029.8,5733.3,5331.9,5064.5,4744.5,4473.2,4220.6,4129.7,3791.7,3579.2,3229.7,3098.8,3030.1,3127.7,3139.6,3142.2
        SSIC 50/5222/5225 - Water Transport And Supporting Services To Water Transport,210591.8,188360.3,203670.4,190170.7,123826.3,121465,110541.5,83725.6,75593.2,83095.3,86648.1,72547.2,67950.8,65896,57233.4,50613.3,44744.1,34665.3,29875.5,26523.6,21194.6,17450.3,15024.2,16750.8,13958
        SSIC 51/5223 - Air Transport And Supporting Services To Air Transport,23933.9,22161.4,20193.7,10884.6,11213.2,20304.6,20235.9,19292.2,17859.4,17773.5,19436.7,19878.6,19555.2,18805,17135.4,15740,20326,18059.3,16699.4,15773.4,13776,11898.5,12746.7,11751.3,10766.4
        SSIC 521 - Warehousing & Storage,2936.2,2879.9,2612.4,2319.3,2302.1,1999.2,2006.2,2087.9,2039.9,1907.7,1844,1749.9,1833.9,1733.1,1693.5,1440.3,1290,1208.7,1096.7,1023.8,910.3,909.8,773.4,843.5,761.6
        SSIC 5224/5229 - Others,28725.6,23019,27333.9,22777.8,15203.5,11484.6,10730.9,8210.5,8289.9,8677.8,7514.4,6806.7,5592.2,4764.1,4382,4020.8,3403.9,3086,2842.2,2560.2,2296.6,2089.8,1889.8,1792.1,1937.8
        SSIC 53 - Post & Courier,4786.5,4974.7,4266.9,3808.7,2908.8,2561.1,2343.6,2214.5,1970,1847.7,1754.7,1691.5,1648.4,1607.9,1501.8,1343.4,1299.1,1221.8,1165.7,1061.6,924.5,867.8,852,784,765.1
    SSIC 55-56 - Total Accommodation & Food Services,28494.9,26623.8,23783.1,18518.5,17745.7,22230.4,21458.6,20326.8,19503.6,18587.7,18112.8,16478.7,15202.6,13775.3,11984,10497.1,8406.1,7600.7,6877.7,6314.5,5863.9,5380.9,5715.7,5583.3,5665
        SSIC 55 - Total Accommodation Services,7798.3,6873.7,5506.2,4282.4,4568.6,6435,6142.1,5906.1,5734.5,5529.8,5491,4871.5,4516.6,4181.4,3552.8,2837.5,2861.9,2553.6,2304.3,2096.2,1938.8,1718.7,1863.4,1936.2,1920.7
        SSIC 56 - Total Food & Beverage Services,20696.6,19750.1,18276.9,14236.1,13177.1,15795.4,15316.4,14420.6,13769.1,13057.9,12621.7,11607.2,10686,9593.9,8431.2,7659.6,5544.2,5047,4573.4,4218.3,3925.1,3662.2,3852.3,3647.1,3744.3
    SSIC 58-63 - Total Information & Communications,240571.7,213685.9,190977.5,163251.1,126621.2,101369.5,89726.2,76617.8,64764.2,57884.7,50689.4,45000.1,41532.5,37078.2,33940.5,30634,29490.5,27667.3,24487.5,22427.8,19985.5,17778.4,17486.5,16638,14339.8
        SSIC 58 - Publishing Activities,25128.4,19901.1,15416.8,12433.3,9842.4,7171.1,12050.5,14054.2,11822.7,11909.9,11983,11246.5,11508.2,10345.9,9827.5,8973,9102.2,8609.4,7544.1,6703.6,6121.8,5410.8,5293.2,5035.1,4015.1
"        SSIC 59-60 - Movie, Video, Television, Broadcasting & Content Production",33456.5,29542.3,24367.6,18628.9,12025.6,7727.4,5744.9,4653.6,3955.8,4028.7,3444.3,3669.3,3496.8,3391.9,3111.1,3032.3,2944.7,2744.5,2615.1,2361.2,2271.9,2095.9,2363.1,2225.4,2004.7
        SSIC 61 - Telecommunications,16385.9,15287.8,14156,13244.9,12521.5,12722.7,12043.9,11853.8,11874.1,12324.7,11929.4,11435.4,11429.8,11017.7,10441.5,9285.7,9057,8785.6,7749.9,6979.5,5725.5,5310.9,4952.9,4806.6,3886
"        SSIC 62-63 - Computer Programming, Information Technology Consultancy, Information Services & Online Marketplaces",165600.9,148954.7,137037.1,118944,92231.6,73748.2,59886.8,46056.2,37111.6,29621.4,23332.7,18648.9,15097.7,12322.7,10560.3,9343.1,8386.5,7527.8,6578.4,6383.5,5866.3,4960.8,4877.3,4570.8,4434
    SSIC 64-66 - Total Finance & Insurance,400410.2,353870.8,213101.5,199931.9,222033.3,225412.8,183281.8,175424.4,153598.1,137993.7,137790.9,115267.6,113377.3,96584.4,98051.7,99695.4,-,-,-,-,-,-,-,-,-
"    SSIC 68-82 - Total Real Estate, Professional And Administrative & Support Services",184300.7,164870.6,152510.5,136273,116987.8,125494.1,120683.5,124227.7,124882.3,119492.3,113270.9,106873.1,100194,88317.2,82023,75545.8,62333.9,57479.1,45616.6,40522.2,37464.3,33434.4,31299.5,32532.7,33604
        SSIC 68 - Real Estate,49404.1,47704.3,41835.8,36483.8,32414.3,35445.7,33435.8,37822.7,38467.6,39875.8,37429.7,34798.7,33308.8,28657.2,29042.8,25079.2,20060.1,19592.2,12514.3,12207.3,11845.8,10558.3,10075.2,12722,14143.4
        SSIC 69 - Legal & Accounting,6318.7,5913.6,5218,4819,4732.6,4518.7,4319.1,4214.7,3769.2,3424.3,3322.8,3100.2,2823.9,2448.1,2155.9,2062.6,2042,1833,1598.2,1474.6,1283.1,1223.1,1193.1,1135.1,1066.2
        SSIC 70 - Head Office & Management Consultancy,46981.2,35794,34457,30868,25277.7,25332.3,24221.7,24183.5,23231.5,20432.6,20415.8,20117.3,18808.3,16838.7,13126.8,12384.4,10254.5,9232.5,8511.4,7162.4,6191.3,5821.1,5249.8,4684.7,4851.2
"        SSIC 71 - Architectural & Engineering Activities, Technical Testing & Analysis",27882,28546.8,28165.1,27553.1,22167.4,24699.7,21753.9,20887.5,24101.4,22985.2,22278.8,21636.4,19893.1,16731,16609.1,16842.9,13088,11255.4,8715.8,7158.9,6827,6378,5721.6,5590.5,5619.7
        SSIC 72 - Scientific Research & Development,7399.5,6815.4,5422.2,4805.3,4284,4127,5525.3,5494.2,5434.3,5207.4,4419.6,3744.9,3426.2,3275.2,2977.5,2948.5,2474.1,2301.2,1992.3,1648.1,1422.4,1214.2,1049.7,784.5,712.8
        SSIC 73 - Advertising & Market Research,10925.5,7399.9,6401.2,4994.5,3742.7,4147.7,3790.8,3333.6,3258.4,3006.3,2860.4,2861.8,2773.8,2715.8,2658.4,2477.7,2431.8,2323.2,2230.9,2004.8,1971.8,1875.6,1741.3,1615.1,1689
"        SSIC 74-75 - Other Professional, Scientific & Technical Services/Veterinary Activities",5041.4,4752.3,4213.3,3258.5,2549.7,2985.7,2653,2715.9,2633.5,2648.7,2559.6,2311.6,2036.4,1899.1,1793.4,1553.3,1606.8,1573.3,1464.2,1369.7,1272.2,1145.2,980.3,900.9,892
        SSIC 77 - Rental & Leasing,7954.9,7647.6,9251.2,8013.9,6833.8,7262.1,8266.4,9445.8,8875.5,8198.6,7026.5,6449.4,5887.9,5132.8,4377.5,4205.2,3401.1,2902.6,2761.6,2461,2216.9,1579.3,1409.3,1610,1273.2
        SSIC 78 - Employment Services,7063.8,6557.6,6257.4,5680.8,4804.4,4645.6,4606.3,4533.4,4396.5,3934,3764.7,3346.8,3042.8,2879.8,2387.3,2069.9,1835.9,1660.8,1404.6,1190.3,933.4,714.2,538.4,541.8,535.4
        SSIC 79 - Travel Agencies & Tour Operators,3316.4,2996.3,1617.5,943.2,1487.7,3248.9,3121.5,3335.2,3334.9,3090.1,3027.1,2867.5,2826.6,2974.2,2637.7,2050.5,1782.6,1732.1,1614,1422.2,1431.9,1246.2,1668.7,1468.2,1387.9
        SSIC 80 - Security & Investigation,2898.6,2746.4,2484.2,2504.3,2663.8,2379.6,2272.9,2033.5,1855.2,1730.3,1562.1,1443.1,1304.4,1187.8,1101,997.9,870.2,790.5,660.5,635.7,544.5,448.5,448.6,399.9,440.4
        SSIC 81 - Cleaning & Landscape Maintenance,4393.6,4025.7,3813.2,3364.7,2964.9,3132.5,3081.7,3013.8,2562.4,2229.2,1979.4,1726.3,1566,1386.1,1206.3,1116.6,857.4,689.3,600.1,511.4,451.5,289.1,247.8,235.4,216.6
"        SSIC 82 - Office Administrative, Office Support & Other Business Support Services",4721.2,3970.6,3374.4,2983.8,3064.9,3568.6,3635.2,3213.9,2961.9,2729.8,2624.6,2469.1,2495.8,2191.6,1949.5,1756.9,1629.4,1593.1,1548.6,1275.8,1072.4,941.7,975.7,844.6,776.3
"    SSIC 85-96 - Total Recreation, Community & Personal Services",73659,66646.9,61766.8,55924.6,49227.5,50812.4,49370.4,47424.5,45363.6,43116.5,40179.1,36893.4,34380.3,31252.6,28189,24223.6,22589.5,20802.1,18844.6,17406.6,16180.9,14920.1,14721.8,14085.4,13066.9
        SSIC 85 - Education,20547.1,19142.5,18210.1,16904.8,15210.3,15308.4,14937.1,14177.4,13653,12837.9,12437.1,11593.5,10877.8,9927.7,9074.8,7985.7,7527.8,6897.7,6273.4,5719,5426.2,5135.8,4985.6,4658.3,4469.3
        SSIC 86 - Total Health Services,29816.2,26808.1,25385.2,23241.1,20027.8,19529.2,18317.8,17574.9,16687.3,15576.9,13933.6,12128.5,10855.2,9474.5,8469.3,7656.1,6825.6,6274.7,5540.3,5105.7,4846,4552.7,4585.5,4184.1,3349.9
            SSIC 861 - Hospitals,16008.4,14165,12962.6,11831.9,10861.4,10589.7,9994.8,9464.3,8982.8,8388.6,7435.7,6722.2,6012.8,5293.1,4719.8,4099.8,3719.1,3299.6,2849.7,2561.4,2398.2,2262.6,2232.7,2078.9,1770.4
            SSIC 86201/3 - Western Clinics And Specialised Medical Services,7584.3,7188.3,7324.3,6559.4,4928.2,5036.2,4707.7,4599.5,4436.2,4098,3758,3179.8,2960.1,2481.3,2185.6,2133.2,1894.1,1900.4,1785.3,1712.1,1704.2,1559.3,1701,1505.6,1216.3
            SSIC 86202 - Clinics And Other General Medical Services (Non-Western),449.6,355.7,350.6,242.9,209.9,186.1,196.5,178.8,168.2,139.8,129,121.7,115.6,101.6,97.7,83.6,82.7,72.1,70.6,67.6,65.4,60.6,61.5,68.9,47.3
            SSIC 86204/869 - Dental & Other Health Services,5773.8,5099.1,4747.7,4606.9,4028.2,3717.2,3418.8,3332.3,3100.1,2950.4,2610.9,2104.8,1766.7,1598.4,1466.1,1339.4,1129.7,1002.6,834.7,764.7,678.1,670.3,590.4,530.7,315.9
        SSIC 87-88 - Residential Care & Social Services Without Accommodation,3315.2,2829.8,2557.9,2036,1678.1,1642.7,1456,1360.9,1183.5,1056.4,934.2,851.3,795.5,686.9,651.5,578,534,492.6,454.7,423.4,351.7,317.7,292.4,258.1,197.7
"        SSIC 90-91 - Arts Creation, Performing Arts, Libraries, Archives, Museums & Other Cultural Activities",2500.6,2244.3,1781.6,1593.4,1464.9,1683.4,1615.4,1561.1,1496.3,1445.2,1370.6,1209.1,1023.2,999.9,907.6,777.7,771.3,726.9,700.4,630.8,559.8,524.3,552.2,548.1,490.8
        SSIC 92 - Gambling & Betting Activities,2866.1,2698.8,2293.8,1981.9,1811.3,2482.4,2432.9,2269.3,2347,2347,2344.2,2451.2,2364.5,2292,1746.5,611.8,447,398.1,359.5,313,322.7,288.1,311.6,309.6,326.5
"        SSIC 93 - Sports, Amusement & Recreation Activities",4791.8,4218,3620.8,2916.2,2678.8,3380.2,3333.6,3429.6,3269.6,3732.7,3342.7,2929.2,2967.5,2694.7,2482.1,2099.1,2121.7,1799.4,1572.9,1514.8,1397.2,1255.6,1253,1195.7,1171.6
        SSIC 94 - Activities Of Membership Organisations,3031.1,2495.4,2296.9,2301,2035.6,2461,2640.6,2460.5,2359.2,2324.1,2147.2,2294.4,2135.1,1904.6,1721,1618.5,1570.5,1569.9,1520.8,1353.7,1242.1,1132.4,1108.6,1099.2,1166.1
"        SSIC 95 - Repair Of Computers, Personal & Household Goods & Vehicles",2011.7,1882.4,1765,1486.9,1411.8,1447.7,1755.1,1777.5,1764.7,1599.9,1608.2,1623,1581.6,1494.3,1413.1,1390.4,1408.6,1331.4,1253.3,1227.2,1079.7,1032.9,980.3,1148.2,1213.4
        SSIC 96 - Other Personal Service Activities,4779.2,4327.6,3855.5,3463.4,2908.9,2877.4,2881.8,2813.2,2603,2196.5,2061.2,1813.3,1779.9,1778,1723.2,1506.3,1383,1311.3,1169.2,1118.9,955.5,680.6,652.6,684.1,681.5
"Gross Operating Surplus, Total Services Sector",297122.3,258578.4,311806.5,233474.9,163331.8,172454.5,168285.1,159548.3,145038.5,136285.4,131674.2,132018.7,126875.1,119139.4,112918.2,96644.5,89676.9,90886.3,74477.4,61528.7,53725.1,45553.4,41777.4,39468.4,41804.2
    SSIC 46 - Total Wholesale Trade,108045,100089.2,140797.3,87605,58305.2,57805.4,57191.6,50239.8,43118.5,35765.6,37819.9,43009.1,43530.4,43733.6,37010,29323.9,24242.3,30179,24081.4,18493.9,13424,9059,8968.1,7307.7,8448.7
        SSIC 462/463 - Agricultural Materials,4176.2,4509.2,6299,3939.8,2335.7,2984.4,3378.2,2876.2,3333.9,2715.9,3311.3,3333.7,3413.6,3248.1,3067.3,2713.5,3455.7,2262.3,1792.5,1301.3,1192.1,731.2,869.2,751.6,941.6
        SSIC 464 - Household Goods,8804.2,10214.6,9111,8075,7478.9,5921.4,6338.9,5324.5,3845.8,3997.5,4659.8,3818.8,2535.7,4235,3189.7,2828.9,2743.2,2422.9,2245.4,1984,1423.1,1240.2,1296,1288.7,1185.9
        SSIC 4661/4664 - Fuels & Chemicals,15525.8,28593,71353.9,25717.3,13112.5,18590.3,14779.6,10082.4,11785.8,1396.1,1500.2,9553.6,11815.2,15653.9,10738.1,8496.6,1205.4,6802.8,5188,4438.5,4184.3,2536.3,2326.4,772.2,1660.2
        SSIC 4651/4652/4653/4654/4659 - Machinery & Equipment,71071.7,47453,38827,38575.9,29510.4,24347.8,26295.2,24454.2,18355.6,21586.5,18848.1,17148,18482.1,12825.7,13171.3,9780.3,11326,13414.9,10976.7,7793.3,4778.9,3217.2,3319,3331.2,3437.3
        SSIC 4655/4656 - Transport Equipment,1767.8,2362.5,1703.5,1329.6,685,1020.5,1105,1189.4,374.3,1292.1,1491.9,1707.1,1639.3,1322,1350.9,1494,1411.6,1571.4,1206.2,1070.3,706.3,512.6,430.8,324.1,364.7
        SSIC 461/4662/4663/4665/4666/469 - Others,6699.3,6956.9,13502.9,9967.5,5182.7,4941.1,5294.7,6313.2,5423.1,4777.5,8008.5,7447.8,5644.4,6448.9,5492.6,4010.7,4100.3,3704.8,2672.6,1906.4,1139.3,821.5,726.6,839.9,859
    SSIC 47 - Total Retail Trade,2543.8,2480,2200.9,2297.8,1843.9,1914.5,2466.5,2477.1,2647.2,2440,2301.8,2468.6,2570.6,2631.9,2383.2,2289.5,2218.1,2206.7,2009.9,1928.3,1674.5,1426.4,1373.5,1323.6,1555.2
        SSIC 471 - General Merchandise,416.8,302.9,325.5,581.5,637.2,354.5,467.2,535.9,591.5,571.4,649.6,696.3,725,748.5,689.5,671.4,482.2,464,424,412.9,396.4,362.9,373.5,247.7,301
        SSIC 473 - Transport Equipment,580.9,650.2,661.9,633.5,596.4,800,1034.5,995.9,985.6,812.1,609.9,562.7,573.1,526.1,528.3,588.4,698.7,707.3,721.8,707,588.5,488.3,372.7,516.1,607.8
        SSIC 476/4771/4772/4773/4775 - Personal Goods,1056.7,1098.9,955.5,904.3,558.7,728,770.4,699.4,782.8,758.1,752.3,870.5,884,892.3,841.8,686.5,696.9,660.9,559.1,510.5,445.2,361.7,376.1,351,398.7
        SSIC 474/4751/4753 - Household Equipment,301.4,232,70.6,124.4,104.1,168.8,262.8,301.7,298.7,288.7,252.4,269.2,318.2,371.4,295.4,251.5,196.8,238.7,182.5,187.2,143.8,119.3,144.8,116.3,148.9
        SSIC 472/4752/4774/4776/4777 - Others,187.9,196,187.5,54.1,-52.5,-136.8,-68.4,-56,-11.3,9.8,37.7,69.9,70.3,93.6,28.1,91.8,143.5,136,122.5,110.7,100.6,94.2,106.4,92.5,98.8
    SSIC 49-53 - Total Transportation & Storage,60079.7,36683.5,73615.4,49305.9,17275.1,16577.1,15303.4,16079,13190.3,16005.3,13484.9,12318.7,12086.7,11343.8,15361.1,11732.3,15926.1,15505.7,12435.7,12660.3,11844.3,9209.4,7213.1,7458.1,8447.4
        SSIC 49/5221 - Land Transport And Supporting Services To Land Transport,1231.3,1203.9,1025,1154.2,1253.3,1143.9,1278.5,996.1,1380.5,1468.9,1340.6,1272.4,1383.9,1375.2,1394.2,1394,1359.4,1307.8,1156.3,1117,1063.8,1064.7,1058.7,1076.7,1087.4
        SSIC 50/5222/5225 - Water Transport And Supporting Services To Water Transport,52363,29280.8,67554.4,44645.5,14057,8529.1,7298.4,8572.1,5529.8,7689.5,6389.8,5580.3,5409.9,4815.8,8238.6,5759.3,9572.1,9023.2,7038.8,7889,6928.1,5199.4,3224.5,3519.8,3813.2
        SSIC 51/5223 - Air Transport And Supporting Services To Air Transport,3091.3,2986.8,1853.8,-71.6,-706,3950.1,3635.9,3714.1,3686.9,4341.1,3343.1,3128.7,3083.6,3079.6,3741.6,2745.3,3200.9,3755.1,3021.6,2465.6,2760.3,1945.4,1885.1,1886.1,2572.4
        SSIC 521 - Warehousing & Storage,1550.4,1455,1211.2,1231,1106.3,1129.3,1132.1,1270.1,1258.8,1236.8,1225.7,1157.6,1078,1054.4,998.6,858.2,790.8,557.7,511.8,471.3,470.2,470.9,495.7,476.1,416.6
        SSIC 5224/5229 - Others,1600,1463.5,1793.9,2089.8,1391.3,1630.3,1662.4,1280.2,1047.5,1034.6,937.2,944.7,914.5,770.6,710,709.2,705.5,561.3,428.4,451.5,371,323.1,343.4,297.5,316.6
        SSIC 53 - Post & Courier,243.7,293.5,177.1,257,173.1,194.4,296.1,246.3,286.8,234.3,248.5,235,216.9,248.3,278.1,266.3,297.4,300.6,278.8,265.8,251,206,205.8,201.9,241.2
    SSIC 55-56 - Total Accommodation & Food Services,3526,3461.1,2486.5,1537.2,1493.8,2700.8,3018,2807.1,2936.7,2560.4,2920.4,2868.9,2903.5,2844.8,2273.3,1785.2,1782.6,1596.2,1255,1016,818.5,609.3,794.5,801.5,961.8
        SSIC 55 - Total Accommodation Services,3054.4,2903.6,1951.3,911.3,954.3,2190.1,2456.5,2315.4,2391.3,2023,2443.1,2345.9,2414,2369,1812.9,1405.7,1413.4,1259.1,967,737.8,566.7,367.4,515.3,520.1,598.2
        SSIC 56 - Total Food & Beverage Services,471.7,557.6,535.2,625.9,539.5,510.8,561.5,491.6,545.4,537.3,477.3,523,489.5,475.8,460.4,379.4,369.2,337.1,288,278.2,251.8,241.9,279.2,281.4,363.6
    SSIC 58-63 - Total Information & Communications,14961,12375.2,8408.8,10231.4,9772.7,8446.3,7294.1,7463.9,7819.8,6975.2,7426.5,7198.2,6473.8,5955.8,5343.1,5278.3,4912.1,4727.2,4509.7,4388.6,4382.3,3996.3,3779.2,3932.8,3492.9
        SSIC 58 - Publishing Activities,5899.4,5462,5414.2,4878.5,2206.3,1319.4,822.2,663.5,954.5,1232.6,1719.8,1409,1290.5,1371.4,1015.1,866.5,784.3,769.5,699.7,765.4,836,778.1,782.7,992.8,663.9
"        SSIC 59-60 - Movie, Video, Television, Broadcasting & Content Production",-887.9,-3594.2,-3209.8,-3573.6,-2370.4,-372.9,657.9,770.3,567.2,372.8,393.3,757.1,820.9,726.2,707.4,709,565.2,626.4,486.7,470.8,292.6,178.8,75.7,-51.4,94.3
        SSIC 61 - Telecommunications,3166.6,3130.1,3059.2,2658.7,2960.8,3325.2,3410.4,3477.9,3634.7,3528.3,3546.2,3449,3192.7,3023,3017,3123.4,3077.8,2815.4,2746.7,2685.7,2754.9,2683.1,2644.3,2822.7,2384.2
"        SSIC 62-63 - Computer Programming, Information Technology Consultancy, Information Services & Online Marketplaces",6782.9,7377.3,3145.2,6267.7,6976,4174.7,2403.6,2552.1,2663.3,1841.6,1767.1,1583.1,1169.6,835.2,603.6,579.4,484.8,515.9,576.6,466.8,498.8,356.2,276.4,168.6,350.4
    SSIC 64-66 - Total Finance & Insurance,70923.1,69082.1,53429.5,54556.5,46337.2,45955.9,41772.2,40926.5,34728.8,33627.2,31436.7,29143,26362.5,21739.8,23612.3,26004.7,-,-,-,-,-,-,-,-,-
"    SSIC 68-82 - Total Real Estate, Professional And Administrative & Support Services",31503.4,28176.5,26887,24615.8,24333.9,31483.4,34046,32952.5,34574.9,32665.8,29752,28527.4,26559.2,24525.2,21486,16780.8,17039.8,14256.5,11159.8,9102.9,9389.3,7360.5,7736.1,7877.8,8157.3
        SSIC 68 - Real Estate,12837.4,12093.1,11419.7,10256.9,7788.3,10875.4,9981.4,9878.3,11995.9,12956.7,13446.2,13832,12551.9,11674.5,10248.6,7931.4,7622.8,6466.5,5224.5,4198.3,4263.6,4073.8,4449,5048,5348.9
        SSIC 69 - Legal & Accounting,1635.9,1714.8,1957.2,1904.1,1346.9,1334,1269.6,1209.5,1405.4,1460.4,1373.6,1360.3,1315.1,1221.5,1259.9,1203.4,1188.3,1095.5,959.4,848.7,756.8,674.4,670.1,705.9,675.6
        SSIC 70 - Head Office & Management Consultancy,3458,2776.1,1101,1502,2331.9,2814.2,1850.3,2225.7,1947.7,2557.6,2279.4,2003.6,2013.1,1752.3,1234,972,974.9,1046.7,819.3,730.9,563.4,516.2,604.3,258.5,478.3
"        SSIC 71 - Architectural & Engineering Activities, Technical Testing & Analysis",2964.3,2873,2370.4,2042.3,1980.2,2559.3,2119.6,1982.5,2373.4,2089.4,2045.2,2143,2169,2188.9,2224.7,1954.4,1736.9,1273.1,878.9,715.5,783.7,758.1,569.7,419.4,530.7
        SSIC 72 - Scientific Research & Development,627.2,472.9,732.9,587,650.1,539.1,523,436,355.2,326.3,278.3,248.7,832.9,826.8,862.2,300.4,414.7,250,152.1,117.1,145.6,96.5,103.9,111.4,53.3
        SSIC 73 - Advertising & Market Research,2720.4,1173.8,283.1,189.3,261.3,343.6,358.3,305.4,306.3,227.8,218.1,217.3,185.2,176.7,185,151.3,146.5,119.8,88.3,93.1,92.6,80,77.1,61.9,52.6
"        SSIC 74-75 - Other Professional, Scientific & Technical Services/Veterinary Activities",301.2,343.9,253.5,249.3,230.6,320.1,194.9,278.1,264.3,290.5,276.7,264.7,224.2,230.4,187.1,213.9,248.9,256.4,194.4,177.3,141.1,101.8,129.2,102.8,93.9
        SSIC 77 - Rental & Leasing,5998.8,5870.6,8302,7281.4,8709.6,11788.7,16409.3,15580,14600.7,11544.5,8790.2,7548.3,6258.2,5605.4,4519.7,3398.6,4090.2,3232.3,2325.6,1795.1,2232.2,787,858.9,930.4,665.2
        SSIC 78 - Employment Services,158.1,161.3,118.5,87.2,44.8,122.4,310.7,224.6,316.7,228.7,225.7,208.3,316.6,218.9,191.6,173.2,142.6,154.8,136.2,101,65.6,38.5,36.9,45.2,50
        SSIC 79 - Travel Agencies & Tour Operators,82.7,93.6,-70,-134.6,-64.1,67.2,108.8,64.7,80,42.9,59.8,77.9,74.3,84.5,82,58.9,40.1,20.7,34.8,42,72.9,23,21.5,10.3,31.8
        SSIC 80 - Security & Investigation,192.9,161.2,187.9,430,525.8,266.2,326.7,300,260.7,240.8,178.1,125.6,133.1,126.8,111.3,109.7,75.2,49.7,44.9,63.1,54.3,55.6,49.5,66.1,44.5
        SSIC 81 - Cleaning & Landscape Maintenance,127.3,103.3,-43.2,129.6,381.6,162.6,288.8,262.3,340.4,352.3,242.8,187.1,170.1,107.1,128.2,123.6,81,68.4,58.5,62.4,47.7,28.7,24.6,25.4,25.7
"        SSIC 82 - Office Administrative, Office Support & Other Business Support Services",399.1,338.8,274.1,91.3,147.1,290.7,304.4,205.5,328.3,347.9,337.9,310.5,315.4,311.5,251.7,189.9,277.8,222.6,242.9,158.5,169.8,127,141.3,92.6,106.8
"    SSIC 85-96 - Total Recreation, Community & Personal Services",5540.3,6230.7,3981,3325.3,3970.2,7571,7193.4,6602.5,6022.2,6246,6531.9,6484.8,6388.3,6364.5,5449.3,3449.7,3293,2995.8,3048.1,3129.3,2822.5,2690.5,2579.4,2357.7,2148.4
        SSIC 85 - Education,243.8,176.1,57.8,644.7,988.6,894.4,1091.3,961.2,961.3,1211.5,1092.3,1059.8,996.5,838.5,960.1,1025.5,786.7,615.8,700.2,862.1,809.1,796.8,822.3,702.1,606.7
        SSIC 86 - Total Health Services,2059.4,2474.4,1685.5,1561.1,1779,2371.5,1996.6,1709.5,1606.5,1335.5,1259.9,1398.4,1181.5,1098.4,1113.1,1078.5,1038.7,976.1,972.1,914.9,901.2,842.9,724,727.3,587.4
            SSIC 861 - Hospitals,267.7,684,471.1,244.8,487.2,771.9,614.5,497,283.4,166.1,298.5,258,273.9,313.2,369.2,314.1,332.2,276.8,289.3,272.5,275.3,306.1,268.4,266.6,212.9
            SSIC 86201/3 - Western Clinics And Specialised Medical Services,1555.5,1466.5,899.7,931.6,1114.7,1407.8,1210.9,1074.2,1097.2,1023.7,835.1,1021.6,805.2,724.2,707.5,652.7,580.8,574.1,559.4,526.8,519.7,451.3,364.1,384.5,282.1
            SSIC 86202 - Clinics And Other General Medical Services (Non-Western),10,29.1,-15.8,-13.1,-8.9,32.9,16.6,31,31.2,25.5,24.7,18.5,19,19.1,17.3,17.1,16.7,18.5,19.2,21.5,20.3,18.9,20.4,15.9,15.1
            SSIC 86204/869 - Dental & Other Health Services,226.2,294.9,330.5,397.8,186,158.9,154.6,107.2,194.7,120.2,101.6,100.4,83.5,41.9,19.2,94.6,109,106.6,104.2,94.2,86,66.5,71.1,60.3,77.3
        SSIC 87-88 - Residential Care & Social Services Without Accommodation,-306.1,-217.1,-52.3,-33.2,15.1,21.4,70.9,52.6,52.3,75.7,55.9,53.7,56.6,49.9,33.6,31.4,29.3,30.3,26.1,26,22.9,17.8,18.6,13.9,12.9
"        SSIC 90-91 - Arts Creation, Performing Arts, Libraries, Archives, Museums & Other Cultural Activities",71.6,63.3,19.3,-24.2,30.7,145.1,161.5,106.1,74,99.5,110.6,126.6,115.9,153.8,119.1,117.5,114.8,118.6,118,101.6,96.5,66.6,75.7,64.5,62.4
        SSIC 92 - Gambling & Betting Activities,3354.8,3067.2,2078,1264.1,1070.7,2978.9,2972.5,2999.9,2469.2,2513.4,3057.5,2920.1,3177.8,3417.2,2554.6,468.7,630,570.7,639.8,601.7,462.4,507.8,537,385.9,355.1
"        SSIC 93 - Sports, Amusement & Recreation Activities",12.7,80.2,86.7,-118.8,48.1,549.5,403.4,332.4,317.7,369.3,322.2,267.7,309.3,240.6,174.3,170.4,171.1,173.6,124.6,147.8,110,79.9,82.9,101.6,175.5
        SSIC 94 - Activities Of Membership Organisations,-21.1,26.7,72.3,107.8,115.1,154,145.9,157.6,127.1,148.1,124.9,124.9,105.6,118.3,114.7,142.6,98.8,96.9,101.9,98.9,100.3,97.6,83.1,51.2,77.5
"        SSIC 95 - Repair Of Computers, Personal & Household Goods & Vehicles",144.9,163.4,43.8,62.1,64.8,165.6,187.4,213.8,270.4,299.7,282,238.2,186,193.1,164,171.9,180.9,184.1,174.6,192,160,152.8,117.2,175.1,161.2
        SSIC 96 - Other Personal Service Activities,-19.6,396.5,-10,-138.2,-142,290.6,164,69.5,143.8,193.3,226.6,295.4,259.1,254.6,215.8,243,242.6,229.6,191,184.3,160.1,128.5,118.6,136,109.7
"Value Added, Total Services Sector",403036.5,356605.7,414529.3,315373.1,238527.4,256684.1,251865.4,238958.2,223567.1,209256.2,200086.4,194985.2,187226.8,177774.8,163191.1,137319.9,132367.9,130317,110319.9,97139.5,86518.6,73848,70802.6,68030.4,68637.2
    SSIC 46 - Total Wholesale Trade,142167.5,133918.5,170303.3,115140.7,83885.8,84228.6,82137.2,74472.6,66829.3,58012.1,58182.7,62488.7,62394.1,61810.2,53691,45015.6,40337.4,45403.4,37255.6,30055.9,23963.8,19036.4,18817.3,16747,17380.3
        SSIC 462/463 - Agricultural Materials,7727.1,8010.8,9765.9,7208.4,5448.1,6200.4,6413.2,5669.8,5898.5,5165,5460.6,5311.1,5369,4979.7,4554.5,4085.6,4845.1,3438.6,2823.5,2236.6,1998.5,1473.4,1589.9,1436.3,1572.1
        SSIC 464 - Household Goods,14561.3,15818.4,13812,12901.1,11730.9,10397.3,10700.5,9688.5,8260.1,8014.5,8498.5,7273.1,5689.5,7146.3,6004.8,5638.9,5541.9,5052,4673.8,4183.4,3411.2,3165.1,3329.2,3217.1,2925.6
        SSIC 4661/4664 - Fuels & Chemicals,20707.1,33642.8,76231,30195.2,17113.3,22519.4,18402.6,13375.3,14797.2,4246.9,4010.5,11990.5,14282,17911.8,12811.7,10290.2,2865.8,8482,6675.4,5652.6,5438.9,3638.8,3403.5,1650.2,2344.3
        SSIC 4651/4652/4653/4654/4659 - Machinery & Equipment,84709.6,61535.5,49656.7,48557.7,39007.4,34023.4,35362.5,33364.3,27281.5,30046.3,26833.7,24845,25903.6,19882.4,19619.3,16105.1,18020.5,19999.5,16520.9,12852.5,9397.4,7625.4,7468.6,7375.1,7333.7
        SSIC 4655/4656 - Transport Equipment,3091.7,3664.5,2861.6,2461.7,1896.6,2264.4,2268.1,2507.4,1629.1,2446.6,2439.9,2631.1,2542.8,2125.7,2209,2178.6,2143.3,2180.6,1827.8,1618.9,1229.4,984.5,893.7,715.9,824.5
        SSIC 461/4662/4663/4665/4666/469 - Others,11370.6,11246.6,17976.1,13816.6,8689.6,8823.7,8990.2,9867.3,8962.9,8092.8,10939.6,10437.9,8607.2,9764.3,8491.7,6717.2,6920.8,6250.7,4734.2,3512,2488.4,2149.1,2132.5,2352.3,2380.1
    SSIC 47 - Total Retail Trade,8386.5,8121.4,7478.9,6697.1,5723.4,7132.2,7531.7,7398.7,7193.7,6885.3,6479.2,6266.9,6132.4,5999,5420,5125.4,5041.9,4815.3,4469.8,4181.6,3692,3307.2,3154.7,3143.4,3295.3
        SSIC 471 - General Merchandise,1861.1,1732.5,1612.7,1687.6,1694.4,1543.9,1605.5,1579.3,1614.6,1548.9,1507.2,1468.2,1453.3,1429,1328.2,1279.3,1099.3,1035,971.9,915.4,874.2,824.5,816,671,708
        SSIC 473 - Transport Equipment,1280.9,1304.4,1304.3,1300.5,1126.1,1523.7,1774.6,1757.1,1690.8,1470.1,1241.9,1099.3,1105.4,1015.1,1009.4,1147.2,1276,1220.7,1214.2,1188.6,988.5,850.2,707.5,822.7,920
        SSIC 476/4771/4772/4773/4775 - Personal Goods,3187.4,3180.7,2959,2442.6,1900.2,2883.2,2809.6,2696.4,2606.7,2530.2,2431.6,2444.2,2286,2246.7,2000.9,1671.7,1666.3,1587.8,1396.9,1249.3,1118.5,979.8,951.3,977.8,973.8
        SSIC 474/4751/4753 - Household Equipment,1200.1,1111.4,894.9,785.5,662.6,833,949,983,926.6,934.2,878.3,856.8,878.4,918.7,786.2,697.6,621,642.5,572.3,544.2,445.5,398.5,419,438.8,459.7
        SSIC 472/4752/4774/4776/4777 - Others,857,792.5,708,481,340.1,348.5,393.1,383,355,402,420.2,398.3,409.3,389.5,295.3,329.5,379.3,329.3,314.4,284,265.3,254.1,261,233.2,233.8
    SSIC 49-53 - Total Transportation & Storage,77604.4,53306,89444.4,62375.2,28923.9,30746.7,29761.1,30582.3,26675.1,29167.7,26316.8,24013.6,23183.6,21639.3,25013.9,20708,24530.9,23915.4,20189.7,19837.3,18443.9,15354,13340.2,13384.1,14429.1
        SSIC 49/5221 - Land Transport And Supporting Services To Land Transport,4131.2,4007.6,3723.7,3508.6,3305,3790.8,3901.8,3556.3,3712.1,3505.4,3266.4,3104.2,2993.2,2872.5,2771.9,2720.1,2637.6,2549.2,2344.3,2240.2,2122.2,2117.3,2159.3,2214.7,2195.1
        SSIC 50/5222/5225 - Water Transport And Supporting Services To Water Transport,58529.8,34737.5,72690.3,49480.4,18368.9,13259.6,12512.7,13849.9,10355.5,12630.5,11363.2,9918.2,9678.9,8811,11939.2,9154.3,12610.2,11862.1,9481.5,10105.8,8938.6,7167.2,5057.7,5378.9,5572
        SSIC 51/5223 - Air Transport And Supporting Services To Air Transport,7212.3,6857.3,5149,1610.7,1054,7041.6,6732.8,6625.8,6419.5,7012.5,5878.9,5626.7,5498.7,5272.9,5904.5,4797.8,5497.3,6211.5,5322.6,4594.6,4806.1,3650.9,3762.7,3538.2,4393.4
        SSIC 521 - Warehousing & Storage,2204.9,2162.3,1817.9,1801.3,1633.8,1674.5,1637.2,1808.8,1785.4,1733.3,1703.5,1578.5,1528.5,1450.4,1376,1192.7,1107.7,880,794.3,741.3,714.8,695.4,688.8,702,634.6
        SSIC 5224/5229 - Others,4475.1,4418.5,5073.7,4956.5,3759.3,4174,4113.8,3953.4,3604.3,3558.6,3391.9,3097,2823.1,2560.4,2358.8,2214.4,2008.5,1770.7,1629.3,1595.9,1358,1275,1239.3,1120.7,1167.6
        SSIC 53 - Post & Courier,1051.3,1122.8,989.8,1017.6,802.8,806.2,862.8,788.1,798.3,727.4,712.9,689,661.1,672.2,663.5,628.7,669.7,642,617.8,559.4,504.2,448.2,432.3,429.6,466.4
    SSIC 55-56 - Total Accommodation & Food Services,12778.8,12125.4,10117.5,7113.9,6605.9,9626.1,9827.2,9330.9,9091.4,8359.4,8549,7920.4,7584.9,7055.9,6030.8,4849.6,4358.8,3963.8,3386.9,2939.9,2588.8,2204.5,2508.7,2486.9,2634.1
        SSIC 55 - Total Accommodation Services,5418.7,5089.8,3724.8,2178.1,2280.3,4247.9,4524.1,4204.3,4189.3,3796.1,4138.7,3968.5,3929.1,3773.1,3033.5,2325.2,2429.6,2170.2,1788.1,1504.2,1290.9,1008.6,1235.6,1263.7,1322.9
        SSIC 56 - Total Food & Beverage Services,7360.1,7035.7,6392.7,4935.8,4325.6,5378.3,5303.1,5126.6,4902.1,4563.3,4410.3,3951.9,3655.9,3282.8,2997.4,2524.4,1929.2,1793.6,1598.8,1435.7,1297.9,1195.9,1273.1,1223.2,1311.1
    SSIC 58-63 - Total Information & Communications,41506.2,37561.1,32314.3,30733.8,27042.2,23297.6,20964,19806.4,18988.6,17357.2,17043.2,15791.1,14702.2,13494.3,12093.3,11192.3,10372.8,9695.5,8982.6,8472.5,8047.7,7416.2,7061.6,7173.7,6411.1
        SSIC 58 - Publishing Activities,8567,7871.6,7595.8,6789.6,3873.8,2751.8,2462.6,2199.6,2364.9,2592,2974.2,2501,2399.9,2447.6,2081,1786.6,1651,1538.6,1430.9,1408.6,1375.4,1301.2,1267.7,1479.3,1126.4
"        SSIC 59-60 - Movie, Video, Television, Broadcasting & Content Production",1336,-1600.3,-1390.7,-2173.1,-1154.5,790.3,1716,1765.9,1353.8,1139,1143.9,1453.6,1439.9,1292.5,1252.5,1208,1033.4,1083.3,931,871.1,674.6,584.8,480.9,348.4,460.8
        SSIC 61 - Telecommunications,5367.2,5290.6,5025.7,4507.8,4522.2,5267.7,5212.1,5327,5437.1,5319,5269.7,5087.6,4819.2,4572.2,4395.3,4406,4365.8,4086.4,3822,3718.5,3699.7,3557.3,3482,3735.4,3082.9
"        SSIC 62-63 - Computer Programming, Information Technology Consultancy, Information Services & Online Marketplaces",26236,25999.2,21083.4,21609.5,19800.6,14487.8,11573.3,10513.9,9832.7,8307.2,7655.5,6748.9,6043.2,5182.1,4364.5,3791.7,3322.7,2987.2,2798.7,2474.2,2298,1972.9,1831,1610.7,1741
"    SSIC 68-82 - Total Real Estate, Professional And Administrative & Support Services",79636.1,73619.8,71932.8,63731.9,59309.4,69276.9,70382.9,67658.5,66991.9,63045.8,57869.8,54688.1,50830.9,46996,42333.6,35977.1,34268.5,30009.5,24419.1,20668.1,19578.1,16891.6,16435.7,16186.4,16581.6
        SSIC 68 - Real Estate,19587.6,18221.9,17372,15351.7,12817.1,16633.3,15435.8,14997,16930.1,17883.1,17803.6,17840.5,16297.9,15204.7,13428.3,10585.5,10286.2,9049.1,7395.1,6213,5986.1,5740.6,6158.2,6886.7,7445
        SSIC 69 - Legal & Accounting,5613.1,5514.9,5122.8,4774.4,4059.4,4246.5,4067.8,3822.5,3724.3,3575.3,3411.1,3268.3,3069.1,2759.6,2670.3,2537.7,2544.7,2294.5,1936,1734.6,1531.3,1409.9,1377.6,1441.5,1325.2
        SSIC 70 - Head Office & Management Consultancy,18141.8,16695.1,16180.9,14236.5,13105.7,13513,12048.3,11473.9,10596.9,10087.7,9152.9,8442.7,8033.1,7390,6721,6092,5756.5,5429.2,4686.1,4132.3,3602.5,3420,3143.5,2588.9,2867.8
"        SSIC 71 - Architectural & Engineering Activities, Technical Testing & Analysis",9618.7,9103.9,8368.1,7466.5,6858.8,8012.5,7313.1,7357.2,7655.1,7557.3,7226.5,7347.7,7008.6,6577.2,6548.2,6054.2,4829.8,3949.8,2968.6,2574.3,2499.7,2417.5,2053.2,1877.5,1945
        SSIC 72 - Scientific Research & Development,3402.5,3109.5,3096,2587.5,2584.6,2372.4,2438.4,2323.1,2169.7,2089.9,1956.3,1753.6,2196.8,2118.9,1991,1350.2,1263.6,1041.2,787.2,689.4,654.9,576.7,531.8,416.4,340
        SSIC 73 - Advertising & Market Research,4094.7,2482.9,1564,1277.3,1132.4,1323.4,1231.3,1155.7,1099.3,960.4,959,939.4,866.9,846.8,771.8,730.6,749.8,669.2,583.5,528,504.7,455.2,388.1,340.8,362.3
"        SSIC 74-75 - Other Professional, Scientific & Technical Services/Veterinary Activities",1593.5,1533.6,1325.6,1073,919.7,1161.1,1029,1048.1,1003.4,1007.1,944.6,867.1,808.6,721.6,645.4,617.6,659.8,664.5,518.2,463.3,412.6,334.2,335.2,259,289
        SSIC 77 - Rental & Leasing,7050,6848.3,9142.9,7989.5,9552.3,12796.1,17488.7,16604.9,15610.2,12444.3,9580.6,8222.2,6843.3,6132.3,5010.3,4010.9,4490.7,3624.5,2693.3,2093.9,2486.2,1009.7,1044.9,1121.8,819.5
        SSIC 78 - Employment Services,3641.5,3696.5,3918.5,3497.3,2894.8,3220.3,3239.6,3145.6,3024.5,2566.7,2504.6,2224.6,2183.2,2043.5,1776,1530.9,1345,1259.9,1030.5,728.2,525,417.8,322.7,269.4,229
        SSIC 79 - Travel Agencies & Tour Operators,428,397,220.3,121.3,214.5,544,536.9,470.5,505.6,457.3,433.3,418.8,389,401.8,365.3,303.9,290.3,258.9,271.1,247.8,277.6,195.1,202.7,183,218.3
        SSIC 80 - Security & Investigation,2261.7,2118,2015.9,2181.5,2098.3,2003.7,2003.4,1842.4,1645.7,1492.2,1326.5,1189.2,1070.4,1012.4,855.1,849.1,764.4,669.3,549.2,471,420.5,365.3,353.5,344,314.7
        SSIC 81 - Cleaning & Landscape Maintenance,2619.8,2443.9,2259.1,2079,2011.7,2087.2,2125.4,2096.9,1731.1,1637,1345.3,1070.6,948.5,795.7,702.3,595.9,504.5,389.2,314.8,275.1,219.8,149.8,130.3,129,126
"        SSIC 82 - Office Administrative, Office Support & Other Business Support Services",1583.2,1454.3,1346.7,1096.3,1060.1,1363.6,1425.2,1320.6,1296.1,1287.5,1225.5,1103.4,1115.4,991.6,848.5,718.7,783.2,710.3,685.6,517.2,457.4,399.7,394,328.3,300
"    SSIC 85-96 - Total Recreation, Community & Personal Services",40956.9,37953.4,32938.1,29580.6,27036.7,32376,31261.3,29708.8,27797.2,26428.6,25645.8,23816.5,22398.7,20780.1,18608.5,14451.9,13457.5,12514.1,11616.1,10984.3,10204.2,9638.1,9484.4,8908.8,7905.8
        SSIC 85 - Education,12404.3,11392.2,10532.9,10351.2,9722.8,10057.9,10058.2,9454.3,9055.3,8787.1,8415.9,7844.1,7239.4,6504.9,6235.5,5616.1,5062.7,4555.3,4243.3,4059.9,3886.2,3770.6,3714.9,3420.4,3188.1
        SSIC 86 - Total Health Services,16223.7,14764.2,13083.1,11976.6,10923.2,11456.1,10696.5,10109.2,9574.6,8634.7,8022.2,7084.3,6406.3,5813.5,5277.8,4620.4,4184.3,3895.9,3636.4,3359.7,3236.2,3097.8,3074.5,2862.5,2146.6
            SSIC 861 - Hospitals,7664,7118.7,6356.3,5639.5,5295,5785.2,5465.3,5196.6,4774.4,4297.5,4023.5,3709.9,3467.6,3099.1,2826.1,2383.5,2118.2,1879.2,1709.6,1570.3,1498.6,1505.4,1483.8,1418.7,1143.5
            SSIC 86201/3 - Western Clinics And Specialised Medical Services,4520.7,4011.1,3545.4,3190,2853.2,3012.6,2815.3,2628,2622.3,2395.5,2276.8,2175.6,1930.2,1804,1657.4,1483.2,1386.5,1387.1,1353.2,1277.2,1266.3,1155.1,1186,1101,791.2
            SSIC 86202 - Clinics And Other General Medical Services (Non-Western),258.9,223.3,155.2,88.6,71,125.8,111,114,108.5,91.4,79.3,71.9,70.5,64,56.2,48.4,45.1,42.3,43.2,43.6,38.4,34.8,35.8,28.9,27.7
            SSIC 86204/869 - Dental & Other Health Services,3780.1,3411,3026.3,3058.5,2703.9,2532.5,2304.9,2170.6,2069.4,1850.4,1642.5,1127,938.1,846.5,738.2,705.4,634.5,587.3,530.4,468.5,432.9,402.5,368.9,314,184.3
        SSIC 87-88 - Residential Care & Social Services Without Accommodation,1447,1429,1260.9,1059.2,896.1,957.5,910,822.5,704.1,650.7,556.6,495.1,466.4,383.5,340.4,293,275.4,258.2,229,217.8,190.7,162.1,142.2,126.2,99.4
"        SSIC 90-91 - Arts Creation, Performing Arts, Libraries, Archives, Museums & Other Cultural Activities",831.4,807.9,655.3,555.1,520.5,735.3,716.4,637.4,584.1,588,564.4,547.6,464.1,477,412.6,374.6,369.7,366.6,330.1,298.2,278.5,238.3,258.9,246.8,217.8
        SSIC 92 - Gambling & Betting Activities,4392.1,4028.6,2949,1925.5,1637.3,3869.4,3863.8,3856.3,3262.9,3284.4,3846.3,3794.9,4000.5,4149.8,3153.1,714.6,780.2,704.3,743.1,699.4,573.2,601.5,630.2,498.1,482.1
"        SSIC 93 - Sports, Amusement & Recreation Activities",1308.8,1299.7,1127.2,789.3,874,1637,1493.4,1460.4,1400.7,1435.5,1401.1,1305.2,1310.3,1108,998.9,785.7,799.5,761.9,652.2,632.7,551.7,480,463.3,502.6,553.1
        SSIC 94 - Activities Of Membership Organisations,1316.9,1203.4,1106.3,1103.9,983,1312,1289.5,1206,1116.4,1093.4,1027.3,984.5,877.9,792.5,743.5,696,668.9,669.2,625.2,605.7,535.8,515.4,488.6,450.9,483.9
"        SSIC 95 - Repair Of Computers, Personal & Household Goods & Vehicles",674.2,618.6,537.1,544.8,423.2,656.7,748.8,787.6,830.4,813.1,765.3,738,667.1,638.7,568.6,532.4,553.9,553.4,503.3,500.8,438.1,410.7,354.1,427.6,391
        SSIC 96 - Other Personal Service Activities,2358.7,2409.9,1686.3,1275,1056.7,1694,1484.7,1375.2,1268.6,1141.7,1046.7,1022.7,966.8,912.1,878.1,818.9,762.9,749.1,653.4,610.1,513.7,361.7,357.7,373.7,343.7
