year,sex,occupation,employment_status,employed
2010,male,managers & administrators (including working proprietors),employers,58000
2010,male,managers & administrators (including working proprietors),employees,151200
2010,male,managers & administrators (including working proprietors),own account workers,23000
2010,male,managers & administrators (including working proprietors),contributing family workers,500
2010,male,professionals,employers,8000
2010,male,professionals,employees,188600
2010,male,professionals,own account workers,10700
2010,male,professionals,contributing family workers,200
2010,male,associate professionals and technicians,employers,3700
2010,male,associate professionals and technicians,employees,143700
2010,male,associate professionals and technicians,own account workers,19600
2010,male,associate professionals and technicians,contributing family workers,100
2010,male,clerical support workers,employers,0
2010,male,clerical support workers,employees,52400
2010,male,clerical support workers,own account workers,300
2010,male,clerical support workers,contributing family workers,100
2010,male,service and sales workers,employers,4300
2010,male,service and sales workers,employees,91200
2010,male,service and sales workers,own account workers,12400
2010,male,service and sales workers,contributing family workers,1000
2010,male,craftsmen and related trades workers,employers,2700
2010,male,craftsmen and related trades workers,employees,67300
2010,male,craftsmen and related trades workers,own account workers,7700
2010,male,craftsmen and related trades workers,contributing family workers,400
2010,male,plant and machine operators and assemblers,employers,1000
2010,male,plant and machine operators and assemblers,employees,82300
2010,male,plant and machine operators and assemblers,own account workers,42700
2010,male,plant and machine operators and assemblers,contributing family workers,300
2010,male,"cleaners, labourers and related workers",employers,200
2010,male,"cleaners, labourers and related workers",employees,61100
2010,male,"cleaners, labourers and related workers",own account workers,4000
2010,male,"cleaners, labourers and related workers",contributing family workers,1300
2010,male,others,employers,200
2010,male,others,employees,66300
2010,male,others,own account workers,200
2010,male,others,contributing family workers,0
2010,female,managers & administrators (including working proprietors),employers,18800
2010,female,managers & administrators (including working proprietors),employees,91800
2010,female,managers & administrators (including working proprietors),own account workers,8700
2010,female,managers & administrators (including working proprietors),contributing family workers,300
2010,female,professionals,employers,2800
2010,female,professionals,employees,160100
2010,female,professionals,own account workers,5000
2010,female,professionals,contributing family workers,500
2010,female,associate professionals and technicians,employers,1000
2010,female,associate professionals and technicians,employees,115700
2010,female,associate professionals and technicians,own account workers,19400
2010,female,associate professionals and technicians,contributing family workers,300
2010,female,clerical support workers,employers,400
2010,female,clerical support workers,employees,189100
2010,female,clerical support workers,own account workers,400
2010,female,clerical support workers,contributing family workers,800
2010,female,service and sales workers,employers,3200
2010,female,service and sales workers,employees,109100
2010,female,service and sales workers,own account workers,11100
2010,female,service and sales workers,contributing family workers,2200
2010,female,craftsmen and related trades workers,employers,200
2010,female,craftsmen and related trades workers,employees,7300
2010,female,craftsmen and related trades workers,own account workers,800
2010,female,craftsmen and related trades workers,contributing family workers,200
2010,female,plant and machine operators and assemblers,employers,100
2010,female,plant and machine operators and assemblers,employees,25300
2010,female,plant and machine operators and assemblers,own account workers,800
2010,female,plant and machine operators and assemblers,contributing family workers,100
2010,female,"cleaners, labourers and related workers",employers,0
2010,female,"cleaners, labourers and related workers",employees,73900
2010,female,"cleaners, labourers and related workers",own account workers,2500
2010,female,"cleaners, labourers and related workers",contributing family workers,2500
2010,female,others,employers,0
2010,female,others,employees,1900
2010,female,others,own account workers,0
2010,female,others,contributing family workers,100
2011,male,managers & administrators (including working proprietors),employers,66100
2011,male,managers & administrators (including working proprietors),employees,155600
2011,male,managers & administrators (including working proprietors),own account workers,21400
2011,male,managers & administrators (including working proprietors),contributing family workers,400
2011,male,professionals,employers,4600
2011,male,professionals,employees,168700
2011,male,professionals,own account workers,9800
2011,male,professionals,contributing family workers,100
2011,male,associate professionals and technicians,employers,1700
2011,male,associate professionals and technicians,employees,156700
2011,male,associate professionals and technicians,own account workers,23900
2011,male,associate professionals and technicians,contributing family workers,300
2011,male,clerical support workers,employers,200
2011,male,clerical support workers,employees,56300
2011,male,clerical support workers,own account workers,500
2011,male,clerical support workers,contributing family workers,300
2011,male,service and sales workers,employers,4200
2011,male,service and sales workers,employees,89700
2011,male,service and sales workers,own account workers,11800
2011,male,service and sales workers,contributing family workers,1600
2011,male,craftsmen and related trades workers,employers,1500
2011,male,craftsmen and related trades workers,employees,71600
2011,male,craftsmen and related trades workers,own account workers,8600
2011,male,craftsmen and related trades workers,contributing family workers,400
2011,male,plant and machine operators and assemblers,employers,800
2011,male,plant and machine operators and assemblers,employees,83800
2011,male,plant and machine operators and assemblers,own account workers,46600
2011,male,plant and machine operators and assemblers,contributing family workers,400
2011,male,"cleaners, labourers and related workers",employers,0
2011,male,"cleaners, labourers and related workers",employees,60000
2011,male,"cleaners, labourers and related workers",own account workers,1700
2011,male,"cleaners, labourers and related workers",contributing family workers,1100
2011,male,others,employers,0
2011,male,others,employees,68200
2011,male,others,own account workers,0
2011,male,others,contributing family workers,0
2011,female,managers & administrators (including working proprietors),employers,22200
2011,female,managers & administrators (including working proprietors),employees,91800
2011,female,managers & administrators (including working proprietors),own account workers,8500
2011,female,managers & administrators (including working proprietors),contributing family workers,900
2011,female,professionals,employers,2400
2011,female,professionals,employees,157900
2011,female,professionals,own account workers,4700
2011,female,professionals,contributing family workers,200
2011,female,associate professionals and technicians,employers,1100
2011,female,associate professionals and technicians,employees,130200
2011,female,associate professionals and technicians,own account workers,23100
2011,female,associate professionals and technicians,contributing family workers,0
2011,female,clerical support workers,employers,0
2011,female,clerical support workers,employees,190000
2011,female,clerical support workers,own account workers,400
2011,female,clerical support workers,contributing family workers,1700
2011,female,service and sales workers,employers,3000
2011,female,service and sales workers,employees,110600
2011,female,service and sales workers,own account workers,10600
2011,female,service and sales workers,contributing family workers,3300
2011,female,craftsmen and related trades workers,employers,400
2011,female,craftsmen and related trades workers,employees,6000
2011,female,craftsmen and related trades workers,own account workers,1000
2011,female,craftsmen and related trades workers,contributing family workers,0
2011,female,plant and machine operators and assemblers,employers,0
2011,female,plant and machine operators and assemblers,employees,24500
2011,female,plant and machine operators and assemblers,own account workers,1100
2011,female,plant and machine operators and assemblers,contributing family workers,200
2011,female,"cleaners, labourers and related workers",employers,0
2011,female,"cleaners, labourers and related workers",employees,76000
2011,female,"cleaners, labourers and related workers",own account workers,3000
2011,female,"cleaners, labourers and related workers",contributing family workers,3800
2011,female,others,employers,0
2011,female,others,employees,1400
2011,female,others,own account workers,0
2011,female,others,contributing family workers,0
2012,male,managers & administrators (including working proprietors),employers,67400
2012,male,managers & administrators (including working proprietors),employees,151900
2012,male,managers & administrators (including working proprietors),own account workers,19300
2012,male,managers & administrators (including working proprietors),contributing family workers,100
2012,male,professionals,employers,7800
2012,male,professionals,employees,181200
2012,male,professionals,own account workers,9800
2012,male,professionals,contributing family workers,0
2012,male,associate professionals and technicians,employers,4100
2012,male,associate professionals and technicians,employees,158000
2012,male,associate professionals and technicians,own account workers,22100
2012,male,associate professionals and technicians,contributing family workers,400
2012,male,clerical support workers,employers,300
2012,male,clerical support workers,employees,60100
2012,male,clerical support workers,own account workers,400
2012,male,clerical support workers,contributing family workers,600
2012,male,service and sales workers,employers,4700
2012,male,service and sales workers,employees,97300
2012,male,service and sales workers,own account workers,12600
2012,male,service and sales workers,contributing family workers,1000
2012,male,craftsmen and related trades workers,employers,4200
2012,male,craftsmen and related trades workers,employees,68700
2012,male,craftsmen and related trades workers,own account workers,8500
2012,male,craftsmen and related trades workers,contributing family workers,300
2012,male,plant and machine operators and assemblers,employers,1100
2012,male,plant and machine operators and assemblers,employees,77600
2012,male,plant and machine operators and assemblers,own account workers,45900
2012,male,plant and machine operators and assemblers,contributing family workers,300
2012,male,"cleaners, labourers and related workers",employers,0
2012,male,"cleaners, labourers and related workers",employees,60100
2012,male,"cleaners, labourers and related workers",own account workers,3200
2012,male,"cleaners, labourers and related workers",contributing family workers,1400
2012,male,others,employers,0
2012,male,others,employees,67600
2012,male,others,own account workers,100
2012,male,others,contributing family workers,0
2012,female,managers & administrators (including working proprietors),employers,23000
2012,female,managers & administrators (including working proprietors),employees,89000
2012,female,managers & administrators (including working proprietors),own account workers,8000
2012,female,managers & administrators (including working proprietors),contributing family workers,200
2012,female,professionals,employers,3800
2012,female,professionals,employees,160700
2012,female,professionals,own account workers,6400
2012,female,professionals,contributing family workers,200
2012,female,associate professionals and technicians,employers,2400
2012,female,associate professionals and technicians,employees,132700
2012,female,associate professionals and technicians,own account workers,20600
2012,female,associate professionals and technicians,contributing family workers,100
2012,female,clerical support workers,employers,200
2012,female,clerical support workers,employees,201900
2012,female,clerical support workers,own account workers,500
2012,female,clerical support workers,contributing family workers,1700
2012,female,service and sales workers,employers,4000
2012,female,service and sales workers,employees,116400
2012,female,service and sales workers,own account workers,13100
2012,female,service and sales workers,contributing family workers,3300
2012,female,craftsmen and related trades workers,employers,100
2012,female,craftsmen and related trades workers,employees,7300
2012,female,craftsmen and related trades workers,own account workers,1100
2012,female,craftsmen and related trades workers,contributing family workers,200
2012,female,plant and machine operators and assemblers,employers,200
2012,female,plant and machine operators and assemblers,employees,21900
2012,female,plant and machine operators and assemblers,own account workers,1700
2012,female,plant and machine operators and assemblers,contributing family workers,100
2012,female,"cleaners, labourers and related workers",employers,0
2012,female,"cleaners, labourers and related workers",employees,74600
2012,female,"cleaners, labourers and related workers",own account workers,3300
2012,female,"cleaners, labourers and related workers",contributing family workers,2800
2012,female,others,employers,0
2012,female,others,employees,900
2012,female,others,own account workers,0
2012,female,others,contributing family workers,0
2013,male,managers & administrators (including working proprietors),employers,67800
2013,male,managers & administrators (including working proprietors),employees,154600
2013,male,managers & administrators (including working proprietors),own account workers,17200
2013,male,managers & administrators (including working proprietors),contributing family workers,100
2013,male,professionals,employers,7800
2013,male,professionals,employees,177000
2013,male,professionals,own account workers,10700
2013,male,professionals,contributing family workers,100
2013,male,associate professionals and technicians,employers,4400
2013,male,associate professionals and technicians,employees,169000
2013,male,associate professionals and technicians,own account workers,21400
2013,male,associate professionals and technicians,contributing family workers,300
2013,male,clerical support workers,employers,200
2013,male,clerical support workers,employees,64100
2013,male,clerical support workers,own account workers,400
2013,male,clerical support workers,contributing family workers,400
2013,male,service and sales workers,employers,5500
2013,male,service and sales workers,employees,95700
2013,male,service and sales workers,own account workers,9700
2013,male,service and sales workers,contributing family workers,1100
2013,male,craftsmen and related trades workers,employers,3400
2013,male,craftsmen and related trades workers,employees,64700
2013,male,craftsmen and related trades workers,own account workers,6700
2013,male,craftsmen and related trades workers,contributing family workers,100
2013,male,plant and machine operators and assemblers,employers,1100
2013,male,plant and machine operators and assemblers,employees,76300
2013,male,plant and machine operators and assemblers,own account workers,47300
2013,male,plant and machine operators and assemblers,contributing family workers,300
2013,male,"cleaners, labourers and related workers",employers,0
2013,male,"cleaners, labourers and related workers",employees,62400
2013,male,"cleaners, labourers and related workers",own account workers,3800
2013,male,"cleaners, labourers and related workers",contributing family workers,1100
2013,male,others,employers,0
2013,male,others,employees,67500
2013,male,others,own account workers,0
2013,male,others,contributing family workers,0
2013,female,managers & administrators (including working proprietors),employers,26500
2013,female,managers & administrators (including working proprietors),employees,86700
2013,female,managers & administrators (including working proprietors),own account workers,7400
2013,female,managers & administrators (including working proprietors),contributing family workers,100
2013,female,professionals,employers,3700
2013,female,professionals,employees,166700
2013,female,professionals,own account workers,5800
2013,female,professionals,contributing family workers,200
2013,female,associate professionals and technicians,employers,2800
2013,female,associate professionals and technicians,employees,141000
2013,female,associate professionals and technicians,own account workers,20300
2013,female,associate professionals and technicians,contributing family workers,200
2013,female,clerical support workers,employers,200
2013,female,clerical support workers,employees,204500
2013,female,clerical support workers,own account workers,600
2013,female,clerical support workers,contributing family workers,1300
2013,female,service and sales workers,employers,5000
2013,female,service and sales workers,employees,114300
2013,female,service and sales workers,own account workers,11000
2013,female,service and sales workers,contributing family workers,2400
2013,female,craftsmen and related trades workers,employers,100
2013,female,craftsmen and related trades workers,employees,6000
2013,female,craftsmen and related trades workers,own account workers,900
2013,female,craftsmen and related trades workers,contributing family workers,200
2013,female,plant and machine operators and assemblers,employers,100
2013,female,plant and machine operators and assemblers,employees,20600
2013,female,plant and machine operators and assemblers,own account workers,1100
2013,female,plant and machine operators and assemblers,contributing family workers,100
2013,female,"cleaners, labourers and related workers",employers,0
2013,female,"cleaners, labourers and related workers",employees,77400
2013,female,"cleaners, labourers and related workers",own account workers,2700
2013,female,"cleaners, labourers and related workers",contributing family workers,2800
2013,female,others,employers,0
2013,female,others,employees,1100
2013,female,others,own account workers,0
2013,female,others,contributing family workers,0
2014,male,managers & administrators (including working proprietors),employers,63200
2014,male,managers & administrators (including working proprietors),employees,147700
2014,male,managers & administrators (including working proprietors),own account workers,22200
2014,male,managers & administrators (including working proprietors),contributing family workers,100
2014,male,professionals,employers,6200
2014,male,professionals,employees,186900
2014,male,professionals,own account workers,11900
2014,male,professionals,contributing family workers,300
2014,male,associate professionals and technicians,employers,3600
2014,male,associate professionals and technicians,employees,173000
2014,male,associate professionals and technicians,own account workers,26000
2014,male,associate professionals and technicians,contributing family workers,100
2014,male,clerical support workers,employers,0
2014,male,clerical support workers,employees,65900
2014,male,clerical support workers,own account workers,400
2014,male,clerical support workers,contributing family workers,200
2014,male,service and sales workers,employers,3900
2014,male,service and sales workers,employees,95300
2014,male,service and sales workers,own account workers,10300
2014,male,service and sales workers,contributing family workers,1200
2014,male,craftsmen and related trades workers,employers,2900
2014,male,craftsmen and related trades workers,employees,64300
2014,male,craftsmen and related trades workers,own account workers,7800
2014,male,craftsmen and related trades workers,contributing family workers,200
2014,male,plant and machine operators and assemblers,employers,1000
2014,male,plant and machine operators and assemblers,employees,78300
2014,male,plant and machine operators and assemblers,own account workers,46600
2014,male,plant and machine operators and assemblers,contributing family workers,400
2014,male,"cleaners, labourers and related workers",employers,200
2014,male,"cleaners, labourers and related workers",employees,67500
2014,male,"cleaners, labourers and related workers",own account workers,3400
2014,male,"cleaners, labourers and related workers",contributing family workers,1000
2014,male,others,employers,0
2014,male,others,employees,68800
2014,male,others,own account workers,100
2014,male,others,contributing family workers,0
2014,female,managers & administrators (including working proprietors),employers,22100
2014,female,managers & administrators (including working proprietors),employees,86000
2014,female,managers & administrators (including working proprietors),own account workers,9700
2014,female,managers & administrators (including working proprietors),contributing family workers,200
2014,female,professionals,employers,2600
2014,female,professionals,employees,169600
2014,female,professionals,own account workers,5600
2014,female,professionals,contributing family workers,100
2014,female,associate professionals and technicians,employers,2000
2014,female,associate professionals and technicians,employees,163100
2014,female,associate professionals and technicians,own account workers,23600
2014,female,associate professionals and technicians,contributing family workers,200
2014,female,clerical support workers,employers,200
2014,female,clerical support workers,employees,199100
2014,female,clerical support workers,own account workers,1100
2014,female,clerical support workers,contributing family workers,1600
2014,female,service and sales workers,employers,3800
2014,female,service and sales workers,employees,117200
2014,female,service and sales workers,own account workers,10500
2014,female,service and sales workers,contributing family workers,2000
2014,female,craftsmen and related trades workers,employers,200
2014,female,craftsmen and related trades workers,employees,6000
2014,female,craftsmen and related trades workers,own account workers,600
2014,female,craftsmen and related trades workers,contributing family workers,100
2014,female,plant and machine operators and assemblers,employers,100
2014,female,plant and machine operators and assemblers,employees,18000
2014,female,plant and machine operators and assemblers,own account workers,1200
2014,female,plant and machine operators and assemblers,contributing family workers,200
2014,female,"cleaners, labourers and related workers",employers,0
2014,female,"cleaners, labourers and related workers",employees,87600
2014,female,"cleaners, labourers and related workers",own account workers,2800
2014,female,"cleaners, labourers and related workers",contributing family workers,3300
2014,female,others,employers,0
2014,female,others,employees,1900
2014,female,others,own account workers,0
2014,female,others,contributing family workers,0
2015,male,managers & administrators (including working proprietors),employers,70500
2015,male,managers & administrators (including working proprietors),employees,148100
2015,male,managers & administrators (including working proprietors),own account workers,16400
2015,male,managers & administrators (including working proprietors),contributing family workers,100
2015,male,professionals,employers,5800
2015,male,professionals,employees,193500
2015,male,professionals,own account workers,9900
2015,male,professionals,contributing family workers,100
2015,male,associate professionals and technicians,employers,3300
2015,male,associate professionals and technicians,employees,186600
2015,male,associate professionals and technicians,own account workers,24500
2015,male,associate professionals and technicians,contributing family workers,100
2015,male,clerical support workers,employers,0
2015,male,clerical support workers,employees,62400
2015,male,clerical support workers,own account workers,300
2015,male,clerical support workers,contributing family workers,500
2015,male,service and sales workers,employers,4400
2015,male,service and sales workers,employees,98400
2015,male,service and sales workers,own account workers,9300
2015,male,service and sales workers,contributing family workers,900
2015,male,craftsmen and related trades workers,employers,3200
2015,male,craftsmen and related trades workers,employees,64200
2015,male,craftsmen and related trades workers,own account workers,6700
2015,male,craftsmen and related trades workers,contributing family workers,100
2015,male,plant and machine operators and assemblers,employers,700
2015,male,plant and machine operators and assemblers,employees,79400
2015,male,plant and machine operators and assemblers,own account workers,48100
2015,male,plant and machine operators and assemblers,contributing family workers,500
2015,male,"cleaners, labourers and related workers",employers,0
2015,male,"cleaners, labourers and related workers",employees,60900
2015,male,"cleaners, labourers and related workers",own account workers,3700
2015,male,"cleaners, labourers and related workers",contributing family workers,900
2015,male,others,employers,0
2015,male,others,employees,67700
2015,male,others,own account workers,200
2015,male,others,contributing family workers,0
2015,female,managers & administrators (including working proprietors),employers,25600
2015,female,managers & administrators (including working proprietors),employees,87200
2015,female,managers & administrators (including working proprietors),own account workers,7700
2015,female,managers & administrators (including working proprietors),contributing family workers,100
2015,female,professionals,employers,3100
2015,female,professionals,employees,187000
2015,female,professionals,own account workers,4700
2015,female,professionals,contributing family workers,0
2015,female,associate professionals and technicians,employers,1700
2015,female,associate professionals and technicians,employees,169700
2015,female,associate professionals and technicians,own account workers,22200
2015,female,associate professionals and technicians,contributing family workers,200
2015,female,clerical support workers,employers,100
2015,female,clerical support workers,employees,202900
2015,female,clerical support workers,own account workers,500
2015,female,clerical support workers,contributing family workers,800
2015,female,service and sales workers,employers,3600
2015,female,service and sales workers,employees,122900
2015,female,service and sales workers,own account workers,10500
2015,female,service and sales workers,contributing family workers,1500
2015,female,craftsmen and related trades workers,employers,500
2015,female,craftsmen and related trades workers,employees,8100
2015,female,craftsmen and related trades workers,own account workers,900
2015,female,craftsmen and related trades workers,contributing family workers,200
2015,female,plant and machine operators and assemblers,employers,100
2015,female,plant and machine operators and assemblers,employees,15800
2015,female,plant and machine operators and assemblers,own account workers,1500
2015,female,plant and machine operators and assemblers,contributing family workers,0
2015,female,"cleaners, labourers and related workers",employers,0
2015,female,"cleaners, labourers and related workers",employees,90400
2015,female,"cleaners, labourers and related workers",own account workers,2200
2015,female,"cleaners, labourers and related workers",contributing family workers,2100
2015,female,others,employers,0
2015,female,others,employees,2100
2015,female,others,own account workers,0
2015,female,others,contributing family workers,0
2016,male,managers & administrators (including working proprietors),employers,63000
2016,male,managers & administrators (including working proprietors),employees,140400
2016,male,managers & administrators (including working proprietors),own account workers,16700
2016,male,managers & administrators (including working proprietors),contributing family workers,0
2016,male,professionals,employers,5900
2016,male,professionals,employees,198500
2016,male,professionals,own account workers,10500
2016,male,professionals,contributing family workers,200
2016,male,associate professionals and technicians,employers,4000
2016,male,associate professionals and technicians,employees,199500
2016,male,associate professionals and technicians,own account workers,26000
2016,male,associate professionals and technicians,contributing family workers,400
2016,male,clerical support workers,employers,100
2016,male,clerical support workers,employees,58900
2016,male,clerical support workers,own account workers,700
2016,male,clerical support workers,contributing family workers,400
2016,male,service and sales workers,employers,5000
2016,male,service and sales workers,employees,97500
2016,male,service and sales workers,own account workers,11900
2016,male,service and sales workers,contributing family workers,1200
2016,male,craftsmen and related trades workers,employers,3800
2016,male,craftsmen and related trades workers,employees,59600
2016,male,craftsmen and related trades workers,own account workers,5700
2016,male,craftsmen and related trades workers,contributing family workers,700
2016,male,plant and machine operators and assemblers,employers,1300
2016,male,plant and machine operators and assemblers,employees,79100
2016,male,plant and machine operators and assemblers,own account workers,52000
2016,male,plant and machine operators and assemblers,contributing family workers,200
2016,male,"cleaners, labourers and related workers",employers,0
2016,male,"cleaners, labourers and related workers",employees,61200
2016,male,"cleaners, labourers and related workers",own account workers,3600
2016,male,"cleaners, labourers and related workers",contributing family workers,800
2016,male,others,employers,0
2016,male,others,employees,69300
2016,male,others,own account workers,400
2016,male,others,contributing family workers,0
2016,female,managers & administrators (including working proprietors),employers,22000
2016,female,managers & administrators (including working proprietors),employees,88500
2016,female,managers & administrators (including working proprietors),own account workers,6500
2016,female,managers & administrators (including working proprietors),contributing family workers,300
2016,female,professionals,employers,3300
2016,female,professionals,employees,196200
2016,female,professionals,own account workers,5000
2016,female,professionals,contributing family workers,300
2016,female,associate professionals and technicians,employers,2100
2016,female,associate professionals and technicians,employees,181500
2016,female,associate professionals and technicians,own account workers,24100
2016,female,associate professionals and technicians,contributing family workers,500
2016,female,clerical support workers,employers,0
2016,female,clerical support workers,employees,183200
2016,female,clerical support workers,own account workers,500
2016,female,clerical support workers,contributing family workers,1200
2016,female,service and sales workers,employers,4300
2016,female,service and sales workers,employees,129200
2016,female,service and sales workers,own account workers,11000
2016,female,service and sales workers,contributing family workers,2300
2016,female,craftsmen and related trades workers,employers,300
2016,female,craftsmen and related trades workers,employees,8100
2016,female,craftsmen and related trades workers,own account workers,900
2016,female,craftsmen and related trades workers,contributing family workers,100
2016,female,plant and machine operators and assemblers,employers,0
2016,female,plant and machine operators and assemblers,employees,17300
2016,female,plant and machine operators and assemblers,own account workers,1200
2016,female,plant and machine operators and assemblers,contributing family workers,0
2016,female,"cleaners, labourers and related workers",employers,0
2016,female,"cleaners, labourers and related workers",employees,89600
2016,female,"cleaners, labourers and related workers",own account workers,3100
2016,female,"cleaners, labourers and related workers",contributing family workers,2300
2016,female,others,employers,0
2016,female,others,employees,1900
2016,female,others,own account workers,0
2016,female,others,contributing family workers,0
2017,male,managers & administrators (including working proprietors),employers,60900
2017,male,managers & administrators (including working proprietors),employees,148200
2017,male,managers & administrators (including working proprietors),own account workers,21300
2017,male,managers & administrators (including working proprietors),contributing family workers,100
2017,male,professionals,employers,5700
2017,male,professionals,employees,210700
2017,male,professionals,own account workers,12500
2017,male,professionals,contributing family workers,0
2017,male,associate professionals and technicians,employers,3900
2017,male,associate professionals and technicians,employees,195300
2017,male,associate professionals and technicians,own account workers,25400
2017,male,associate professionals and technicians,contributing family workers,200
2017,male,clerical support workers,employers,200
2017,male,clerical support workers,employees,57100
2017,male,clerical support workers,own account workers,700
2017,male,clerical support workers,contributing family workers,500
2017,male,service and sales workers,employers,3600
2017,male,service and sales workers,employees,92000
2017,male,service and sales workers,own account workers,11400
2017,male,service and sales workers,contributing family workers,1200
2017,male,craftsmen and related trades workers,employers,2400
2017,male,craftsmen and related trades workers,employees,55500
2017,male,craftsmen and related trades workers,own account workers,8900
2017,male,craftsmen and related trades workers,contributing family workers,300
2017,male,plant and machine operators and assemblers,employers,800
2017,male,plant and machine operators and assemblers,employees,75100
2017,male,plant and machine operators and assemblers,own account workers,59600
2017,male,plant and machine operators and assemblers,contributing family workers,400
2017,male,"cleaners, labourers and related workers",employers,0
2017,male,"cleaners, labourers and related workers",employees,64100
2017,male,"cleaners, labourers and related workers",own account workers,3700
2017,male,"cleaners, labourers and related workers",contributing family workers,600
2017,male,others,employers,0
2017,male,others,employees,66700
2017,male,others,own account workers,300
2017,male,others,contributing family workers,0
2017,female,managers & administrators (including working proprietors),employers,20400
2017,female,managers & administrators (including working proprietors),employees,88900
2017,female,managers & administrators (including working proprietors),own account workers,8800
2017,female,managers & administrators (including working proprietors),contributing family workers,200
2017,female,professionals,employers,2800
2017,female,professionals,employees,197500
2017,female,professionals,own account workers,8300
2017,female,professionals,contributing family workers,100
2017,female,associate professionals and technicians,employers,1500
2017,female,associate professionals and technicians,employees,183600
2017,female,associate professionals and technicians,own account workers,26100
2017,female,associate professionals and technicians,contributing family workers,200
2017,female,clerical support workers,employers,100
2017,female,clerical support workers,employees,186800
2017,female,clerical support workers,own account workers,1000
2017,female,clerical support workers,contributing family workers,1700
2017,female,service and sales workers,employers,3000
2017,female,service and sales workers,employees,125200
2017,female,service and sales workers,own account workers,8900
2017,female,service and sales workers,contributing family workers,2700
2017,female,craftsmen and related trades workers,employers,300
2017,female,craftsmen and related trades workers,employees,7100
2017,female,craftsmen and related trades workers,own account workers,1200
2017,female,craftsmen and related trades workers,contributing family workers,300
2017,female,plant and machine operators and assemblers,employers,0
2017,female,plant and machine operators and assemblers,employees,13500
2017,female,plant and machine operators and assemblers,own account workers,1800
2017,female,plant and machine operators and assemblers,contributing family workers,200
2017,female,"cleaners, labourers and related workers",employers,0
2017,female,"cleaners, labourers and related workers",employees,87700
2017,female,"cleaners, labourers and related workers",own account workers,2800
2017,female,"cleaners, labourers and related workers",contributing family workers,1500
2017,female,others,employers,0
2017,female,others,employees,1900
2017,female,others,own account workers,0
2017,female,others,contributing family workers,100
2018,male,managers & administrators (including working proprietors),employers,49700
2018,male,managers & administrators (including working proprietors),employees,151300
2018,male,managers & administrators (including working proprietors),own account workers,18200
2018,male,managers & administrators (including working proprietors),contributing family workers,0
2018,male,professionals,employers,6800
2018,male,professionals,employees,215700
2018,male,professionals,own account workers,13400
2018,male,professionals,contributing family workers,100
2018,male,associate professionals and technicians,employers,5000
2018,male,associate professionals and technicians,employees,207700
2018,male,associate professionals and technicians,own account workers,29500
2018,male,associate professionals and technicians,contributing family workers,300
2018,male,clerical support workers,employers,100
2018,male,clerical support workers,employees,58600
2018,male,clerical support workers,own account workers,1100
2018,male,clerical support workers,contributing family workers,200
2018,male,service and sales workers,employers,3700
2018,male,service and sales workers,employees,98300
2018,male,service and sales workers,own account workers,11700
2018,male,service and sales workers,contributing family workers,1800
2018,male,craftsmen and related trades workers,employers,3200
2018,male,craftsmen and related trades workers,employees,50500
2018,male,craftsmen and related trades workers,own account workers,7000
2018,male,craftsmen and related trades workers,contributing family workers,200
2018,male,plant and machine operators and assemblers,employers,1000
2018,male,plant and machine operators and assemblers,employees,72500
2018,male,plant and machine operators and assemblers,own account workers,56900
2018,male,plant and machine operators and assemblers,contributing family workers,100
2018,male,"cleaners, labourers and related workers",employers,0
2018,male,"cleaners, labourers and related workers",employees,61400
2018,male,"cleaners, labourers and related workers",own account workers,4200
2018,male,"cleaners, labourers and related workers",contributing family workers,600
2018,male,others,employers,100
2018,male,others,employees,66300
2018,male,others,own account workers,200
2018,male,others,contributing family workers,0
2018,female,managers & administrators (including working proprietors),employers,17300
2018,female,managers & administrators (including working proprietors),employees,96900
2018,female,managers & administrators (including working proprietors),own account workers,7800
2018,female,managers & administrators (including working proprietors),contributing family workers,400
2018,female,professionals,employers,2700
2018,female,professionals,employees,201400
2018,female,professionals,own account workers,9100
2018,female,professionals,contributing family workers,100
2018,female,associate professionals and technicians,employers,2000
2018,female,associate professionals and technicians,employees,194200
2018,female,associate professionals and technicians,own account workers,25900
2018,female,associate professionals and technicians,contributing family workers,400
2018,female,clerical support workers,employers,200
2018,female,clerical support workers,employees,178700
2018,female,clerical support workers,own account workers,1500
2018,female,clerical support workers,contributing family workers,800
2018,female,service and sales workers,employers,3800
2018,female,service and sales workers,employees,129800
2018,female,service and sales workers,own account workers,12200
2018,female,service and sales workers,contributing family workers,1300
2018,female,craftsmen and related trades workers,employers,400
2018,female,craftsmen and related trades workers,employees,7200
2018,female,craftsmen and related trades workers,own account workers,1200
2018,female,craftsmen and related trades workers,contributing family workers,300
2018,female,plant and machine operators and assemblers,employers,200
2018,female,plant and machine operators and assemblers,employees,15300
2018,female,plant and machine operators and assemblers,own account workers,1800
2018,female,plant and machine operators and assemblers,contributing family workers,100
2018,female,"cleaners, labourers and related workers",employers,100
2018,female,"cleaners, labourers and related workers",employees,85300
2018,female,"cleaners, labourers and related workers",own account workers,3500
2018,female,"cleaners, labourers and related workers",contributing family workers,1300
2018,female,others,employers,100
2018,female,others,employees,3200
2018,female,others,own account workers,0
2018,female,others,contributing family workers,0
2019,male,managers & administrators (including working proprietors),employers,50400
2019,male,managers & administrators (including working proprietors),employees,163100
2019,male,managers & administrators (including working proprietors),own account workers,17300
2019,male,managers & administrators (including working proprietors),contributing family workers,100
2019,male,professionals,employers,6600
2019,male,professionals,employees,219600
2019,male,professionals,own account workers,11600
2019,male,professionals,contributing family workers,100
2019,male,associate professionals and technicians,employers,3500
2019,male,associate professionals and technicians,employees,212200
2019,male,associate professionals and technicians,own account workers,27000
2019,male,associate professionals and technicians,contributing family workers,400
2019,male,clerical support workers,employers,400
2019,male,clerical support workers,employees,55000
2019,male,clerical support workers,own account workers,600
2019,male,clerical support workers,contributing family workers,200
2019,male,service and sales workers,employers,3400
2019,male,service and sales workers,employees,97900
2019,male,service and sales workers,own account workers,9500
2019,male,service and sales workers,contributing family workers,900
2019,male,craftsmen and related trades workers,employers,3000
2019,male,craftsmen and related trades workers,employees,50100
2019,male,craftsmen and related trades workers,own account workers,5300
2019,male,craftsmen and related trades workers,contributing family workers,500
2019,male,plant and machine operators and assemblers,employers,500
2019,male,plant and machine operators and assemblers,employees,72900
2019,male,plant and machine operators and assemblers,own account workers,63200
2019,male,plant and machine operators and assemblers,contributing family workers,200
2019,male,"cleaners, labourers and related workers",employers,0
2019,male,"cleaners, labourers and related workers",employees,61200
2019,male,"cleaners, labourers and related workers",own account workers,2300
2019,male,"cleaners, labourers and related workers",contributing family workers,900
2019,male,others,employers,200
2019,male,others,employees,61900
2019,male,others,own account workers,300
2019,male,others,contributing family workers,100
2019,female,managers & administrators (including working proprietors),employers,19400
2019,female,managers & administrators (including working proprietors),employees,104300
2019,female,managers & administrators (including working proprietors),own account workers,9700
2019,female,managers & administrators (including working proprietors),contributing family workers,400
2019,female,professionals,employers,2700
2019,female,professionals,employees,220500
2019,female,professionals,own account workers,8200
2019,female,professionals,contributing family workers,100
2019,female,associate professionals and technicians,employers,1200
2019,female,associate professionals and technicians,employees,197000
2019,female,associate professionals and technicians,own account workers,26400
2019,female,associate professionals and technicians,contributing family workers,200
2019,female,clerical support workers,employers,0
2019,female,clerical support workers,employees,179700
2019,female,clerical support workers,own account workers,200
2019,female,clerical support workers,contributing family workers,900
2019,female,service and sales workers,employers,3000
2019,female,service and sales workers,employees,131100
2019,female,service and sales workers,own account workers,9800
2019,female,service and sales workers,contributing family workers,2100
2019,female,craftsmen and related trades workers,employers,400
2019,female,craftsmen and related trades workers,employees,7600
2019,female,craftsmen and related trades workers,own account workers,600
2019,female,craftsmen and related trades workers,contributing family workers,200
2019,female,plant and machine operators and assemblers,employers,100
2019,female,plant and machine operators and assemblers,employees,11800
2019,female,plant and machine operators and assemblers,own account workers,2600
2019,female,plant and machine operators and assemblers,contributing family workers,100
2019,female,"cleaners, labourers and related workers",employers,0
2019,female,"cleaners, labourers and related workers",employees,82000
2019,female,"cleaners, labourers and related workers",own account workers,1300
2019,female,"cleaners, labourers and related workers",contributing family workers,1800
2019,female,others,employers,0
2019,female,others,employees,2300
2019,female,others,own account workers,0
2019,female,others,contributing family workers,100
2020,male,managers & administrators (including working proprietors),employers,56400
2020,male,managers & administrators (including working proprietors),employees,157900
2020,male,managers & administrators (including working proprietors),own account workers,16900
2020,male,managers & administrators (including working proprietors),contributing family workers,200
2020,male,professionals,employers,1900
2020,male,professionals,employees,245400
2020,male,professionals,own account workers,12800
2020,male,professionals,contributing family workers,400
2020,male,associate professionals and technicians,employers,2100
2020,male,associate professionals and technicians,employees,199800
2020,male,associate professionals and technicians,own account workers,29500
2020,male,associate professionals and technicians,contributing family workers,400
2020,male,clerical support workers,employers,100
2020,male,clerical support workers,employees,50400
2020,male,clerical support workers,own account workers,600
2020,male,clerical support workers,contributing family workers,600
2020,male,service and sales workers,employers,3200
2020,male,service and sales workers,employees,94100
2020,male,service and sales workers,own account workers,8900
2020,male,service and sales workers,contributing family workers,1400
2020,male,craftsmen and related trades workers,employers,3500
2020,male,craftsmen and related trades workers,employees,43500
2020,male,craftsmen and related trades workers,own account workers,6500
2020,male,craftsmen and related trades workers,contributing family workers,200
2020,male,plant and machine operators and assemblers,employers,1000
2020,male,plant and machine operators and assemblers,employees,65500
2020,male,plant and machine operators and assemblers,own account workers,70300
2020,male,plant and machine operators and assemblers,contributing family workers,400
2020,male,"cleaners, labourers and related workers",employers,100
2020,male,"cleaners, labourers and related workers",employees,60200
2020,male,"cleaners, labourers and related workers",own account workers,3800
2020,male,"cleaners, labourers and related workers",contributing family workers,1300
2020,male,others,employers,200
2020,male,others,employees,58700
2020,male,others,own account workers,100
2020,male,others,contributing family workers,100
2020,female,managers & administrators (including working proprietors),employers,22300
2020,female,managers & administrators (including working proprietors),employees,105900
2020,female,managers & administrators (including working proprietors),own account workers,8600
2020,female,managers & administrators (including working proprietors),contributing family workers,200
2020,female,professionals,employers,1500
2020,female,professionals,employees,232800
2020,female,professionals,own account workers,9100
2020,female,professionals,contributing family workers,300
2020,female,associate professionals and technicians,employers,1100
2020,female,associate professionals and technicians,employees,199100
2020,female,associate professionals and technicians,own account workers,27800
2020,female,associate professionals and technicians,contributing family workers,600
2020,female,clerical support workers,employers,0
2020,female,clerical support workers,employees,161500
2020,female,clerical support workers,own account workers,900
2020,female,clerical support workers,contributing family workers,1500
2020,female,service and sales workers,employers,3400
2020,female,service and sales workers,employees,124100
2020,female,service and sales workers,own account workers,11600
2020,female,service and sales workers,contributing family workers,3600
2020,female,craftsmen and related trades workers,employers,500
2020,female,craftsmen and related trades workers,employees,6300
2020,female,craftsmen and related trades workers,own account workers,1700
2020,female,craftsmen and related trades workers,contributing family workers,200
2020,female,plant and machine operators and assemblers,employers,300
2020,female,plant and machine operators and assemblers,employees,10100
2020,female,plant and machine operators and assemblers,own account workers,4000
2020,female,plant and machine operators and assemblers,contributing family workers,200
2020,female,"cleaners, labourers and related workers",employers,100
2020,female,"cleaners, labourers and related workers",employees,80100
2020,female,"cleaners, labourers and related workers",own account workers,2000
2020,female,"cleaners, labourers and related workers",contributing family workers,2000
2020,female,others,employers,0
2020,female,others,employees,1400
2020,female,others,own account workers,100
2020,female,others,contributing family workers,0
2021,male,managers & administrators (including working proprietors),employers,52000
2021,male,managers & administrators (including working proprietors),employees,162300
2021,male,managers & administrators (including working proprietors),own account workers,19100
2021,male,managers & administrators (including working proprietors),contributing family workers,200
2021,male,professionals,employers,4700
2021,male,professionals,employees,278900
2021,male,professionals,own account workers,16600
2021,male,professionals,contributing family workers,300
2021,male,associate professionals and technicians,employers,2100
2021,male,associate professionals and technicians,employees,202200
2021,male,associate professionals and technicians,own account workers,30600
2021,male,associate professionals and technicians,contributing family workers,200
2021,male,clerical support workers,employers,100
2021,male,clerical support workers,employees,51400
2021,male,clerical support workers,own account workers,200
2021,male,clerical support workers,contributing family workers,200
2021,male,service and sales workers,employers,4100
2021,male,service and sales workers,employees,92900
2021,male,service and sales workers,own account workers,8900
2021,male,service and sales workers,contributing family workers,800
2021,male,craftsmen and related trades workers,employers,2500
2021,male,craftsmen and related trades workers,employees,40400
2021,male,craftsmen and related trades workers,own account workers,5100
2021,male,craftsmen and related trades workers,contributing family workers,200
2021,male,plant and machine operators and assemblers,employers,400
2021,male,plant and machine operators and assemblers,employees,62300
2021,male,plant and machine operators and assemblers,own account workers,59700
2021,male,plant and machine operators and assemblers,contributing family workers,100
2021,male,"cleaners, labourers and related workers",employers,100
2021,male,"cleaners, labourers and related workers",employees,59700
2021,male,"cleaners, labourers and related workers",own account workers,6400
2021,male,"cleaners, labourers and related workers",contributing family workers,900
2021,male,others,employers,100
2021,male,others,employees,54400
2021,male,others,own account workers,200
2021,male,others,contributing family workers,0
2021,female,managers & administrators (including working proprietors),employers,17200
2021,female,managers & administrators (including working proprietors),employees,115500
2021,female,managers & administrators (including working proprietors),own account workers,10800
2021,female,managers & administrators (including working proprietors),contributing family workers,500
2021,female,professionals,employers,2500
2021,female,professionals,employees,264300
2021,female,professionals,own account workers,10000
2021,female,professionals,contributing family workers,200
2021,female,associate professionals and technicians,employers,800
2021,female,associate professionals and technicians,employees,202700
2021,female,associate professionals and technicians,own account workers,28500
2021,female,associate professionals and technicians,contributing family workers,400
2021,female,clerical support workers,employers,100
2021,female,clerical support workers,employees,169700
2021,female,clerical support workers,own account workers,100
2021,female,clerical support workers,contributing family workers,1600
2021,female,service and sales workers,employers,2600
2021,female,service and sales workers,employees,117000
2021,female,service and sales workers,own account workers,9300
2021,female,service and sales workers,contributing family workers,1900
2021,female,craftsmen and related trades workers,employers,700
2021,female,craftsmen and related trades workers,employees,6800
2021,female,craftsmen and related trades workers,own account workers,1900
2021,female,craftsmen and related trades workers,contributing family workers,400
2021,female,plant and machine operators and assemblers,employers,100
2021,female,plant and machine operators and assemblers,employees,12000
2021,female,plant and machine operators and assemblers,own account workers,2400
2021,female,plant and machine operators and assemblers,contributing family workers,0
2021,female,"cleaners, labourers and related workers",employers,0
2021,female,"cleaners, labourers and related workers",employees,80300
2021,female,"cleaners, labourers and related workers",own account workers,2300
2021,female,"cleaners, labourers and related workers",contributing family workers,1800
2021,female,others,employers,0
2021,female,others,employees,1700
2021,female,others,own account workers,100
2021,female,others,contributing family workers,0
2022,male,managers & administrators (including working proprietors),employers,50800
2022,male,managers & administrators (including working proprietors),employees,177800
2022,male,managers & administrators (including working proprietors),own account workers,14800
2022,male,managers & administrators (including working proprietors),contributing family workers,100
2022,male,professionals,employers,6500
2022,male,professionals,employees,297300
2022,male,professionals,own account workers,13500
2022,male,professionals,contributing family workers,0
2022,male,associate professionals and technicians,employers,2800
2022,male,associate professionals and technicians,employees,210500
2022,male,associate professionals and technicians,own account workers,31100
2022,male,associate professionals and technicians,contributing family workers,300
2022,male,clerical support workers,employers,100
2022,male,clerical support workers,employees,48700
2022,male,clerical support workers,own account workers,500
2022,male,clerical support workers,contributing family workers,400
2022,male,service and sales workers,employers,2900
2022,male,service and sales workers,employees,96800
2022,male,service and sales workers,own account workers,7800
2022,male,service and sales workers,contributing family workers,300
2022,male,craftsmen and related trades workers,employers,2600
2022,male,craftsmen and related trades workers,employees,35000
2022,male,craftsmen and related trades workers,own account workers,6700
2022,male,craftsmen and related trades workers,contributing family workers,0
2022,male,plant and machine operators and assemblers,employers,700
2022,male,plant and machine operators and assemblers,employees,61800
2022,male,plant and machine operators and assemblers,own account workers,59500
2022,male,plant and machine operators and assemblers,contributing family workers,400
2022,male,"cleaners, labourers and related workers",employers,0
2022,male,"cleaners, labourers and related workers",employees,63000
2022,male,"cleaners, labourers and related workers",own account workers,9200
2022,male,"cleaners, labourers and related workers",contributing family workers,1000
2022,male,others,employers,0
2022,male,others,employees,53400
2022,male,others,own account workers,100
2022,male,others,contributing family workers,0
2022,female,managers & administrators (including working proprietors),employers,21000
2022,female,managers & administrators (including working proprietors),employees,134000
2022,female,managers & administrators (including working proprietors),own account workers,9200
2022,female,managers & administrators (including working proprietors),contributing family workers,100
2022,female,professionals,employers,3000
2022,female,professionals,employees,271900
2022,female,professionals,own account workers,8700
2022,female,professionals,contributing family workers,0
2022,female,associate professionals and technicians,employers,1200
2022,female,associate professionals and technicians,employees,209000
2022,female,associate professionals and technicians,own account workers,31900
2022,female,associate professionals and technicians,contributing family workers,400
2022,female,clerical support workers,employers,100
2022,female,clerical support workers,employees,161200
2022,female,clerical support workers,own account workers,400
2022,female,clerical support workers,contributing family workers,600
2022,female,service and sales workers,employers,3200
2022,female,service and sales workers,employees,118900
2022,female,service and sales workers,own account workers,9300
2022,female,service and sales workers,contributing family workers,700
2022,female,craftsmen and related trades workers,employers,300
2022,female,craftsmen and related trades workers,employees,6800
2022,female,craftsmen and related trades workers,own account workers,1800
2022,female,craftsmen and related trades workers,contributing family workers,200
2022,female,plant and machine operators and assemblers,employers,100
2022,female,plant and machine operators and assemblers,employees,9000
2022,female,plant and machine operators and assemblers,own account workers,4100
2022,female,plant and machine operators and assemblers,contributing family workers,100
2022,female,"cleaners, labourers and related workers",employers,0
2022,female,"cleaners, labourers and related workers",employees,81900
2022,female,"cleaners, labourers and related workers",own account workers,2100
2022,female,"cleaners, labourers and related workers",contributing family workers,1100
2022,female,others,employers,100
2022,female,others,employees,2200
2022,female,others,own account workers,100
2022,female,others,contributing family workers,0
2023,male,managers & administrators (including working proprietors),employers,39900
2023,male,managers & administrators (including working proprietors),employees,169700
2023,male,managers & administrators (including working proprietors),own account workers,13600
2023,male,managers & administrators (including working proprietors),contributing family workers,100
2023,male,professionals,employers,5800
2023,male,professionals,employees,294300
2023,male,professionals,own account workers,14400
2023,male,professionals,contributing family workers,200
2023,male,associate professionals and technicians,employers,2800
2023,male,associate professionals and technicians,employees,211100
2023,male,associate professionals and technicians,own account workers,31900
2023,male,associate professionals and technicians,contributing family workers,500
2023,male,clerical support workers,employers,100
2023,male,clerical support workers,employees,49000
2023,male,clerical support workers,own account workers,300
2023,male,clerical support workers,contributing family workers,100
2023,male,service and sales workers,employers,3000
2023,male,service and sales workers,employees,100100
2023,male,service and sales workers,own account workers,8600
2023,male,service and sales workers,contributing family workers,900
2023,male,craftsmen and related trades workers,employers,2400
2023,male,craftsmen and related trades workers,employees,40000
2023,male,craftsmen and related trades workers,own account workers,5600
2023,male,craftsmen and related trades workers,contributing family workers,100
2023,male,plant and machine operators and assemblers,employers,500
2023,male,plant and machine operators and assemblers,employees,58000
2023,male,plant and machine operators and assemblers,own account workers,60900
2023,male,plant and machine operators and assemblers,contributing family workers,300
2023,male,"cleaners, labourers and related workers",employers,0
2023,male,"cleaners, labourers and related workers",employees,64600
2023,male,"cleaners, labourers and related workers",own account workers,6600
2023,male,"cleaners, labourers and related workers",contributing family workers,700
2023,male,others,employers,100
2023,male,others,employees,57300
2023,male,others,own account workers,400
2023,male,others,contributing family workers,100
2023,female,managers & administrators (including working proprietors),employers,13700
2023,female,managers & administrators (including working proprietors),employees,124000
2023,female,managers & administrators (including working proprietors),own account workers,8700
2023,female,managers & administrators (including working proprietors),contributing family workers,200
2023,female,professionals,employers,2200
2023,female,professionals,employees,291800
2023,female,professionals,own account workers,11700
2023,female,professionals,contributing family workers,200
2023,female,associate professionals and technicians,employers,1300
2023,female,associate professionals and technicians,employees,209200
2023,female,associate professionals and technicians,own account workers,27100
2023,female,associate professionals and technicians,contributing family workers,300
2023,female,clerical support workers,employers,100
2023,female,clerical support workers,employees,156900
2023,female,clerical support workers,own account workers,100
2023,female,clerical support workers,contributing family workers,1300
2023,female,service and sales workers,employers,1900
2023,female,service and sales workers,employees,131500
2023,female,service and sales workers,own account workers,8800
2023,female,service and sales workers,contributing family workers,1500
2023,female,craftsmen and related trades workers,employers,400
2023,female,craftsmen and related trades workers,employees,7700
2023,female,craftsmen and related trades workers,own account workers,2200
2023,female,craftsmen and related trades workers,contributing family workers,500
2023,female,plant and machine operators and assemblers,employers,100
2023,female,plant and machine operators and assemblers,employees,9100
2023,female,plant and machine operators and assemblers,own account workers,3000
2023,female,plant and machine operators and assemblers,contributing family workers,200
2023,female,"cleaners, labourers and related workers",employers,0
2023,female,"cleaners, labourers and related workers",employees,87800
2023,female,"cleaners, labourers and related workers",own account workers,1200
2023,female,"cleaners, labourers and related workers",contributing family workers,1100
2023,female,others,employers,100
2023,female,others,employees,2700
2023,female,others,own account workers,0
2023,female,others,contributing family workers,100
2024,male,managers & administrators (including working proprietors),employers,47500
2024,male,managers & administrators (including working proprietors),employees,180700
2024,male,managers & administrators (including working proprietors),own account workers,14300
2024,male,managers & administrators (including working proprietors),contributing family workers,100
2024,male,professionals,employers,4600
2024,male,professionals,employees,294100
2024,male,professionals,own account workers,12500
2024,male,professionals,contributing family workers,300
2024,male,associate professionals and technicians,employers,2200
2024,male,associate professionals and technicians,employees,209800
2024,male,associate professionals and technicians,own account workers,29200
2024,male,associate professionals and technicians,contributing family workers,200
2024,male,clerical support workers,employers,100
2024,male,clerical support workers,employees,47500
2024,male,clerical support workers,own account workers,200
2024,male,clerical support workers,contributing family workers,300
2024,male,service and sales workers,employers,2800
2024,male,service and sales workers,employees,92000
2024,male,service and sales workers,own account workers,6900
2024,male,service and sales workers,contributing family workers,400
2024,male,craftsmen and related trades workers,employers,1200
2024,male,craftsmen and related trades workers,employees,40700
2024,male,craftsmen and related trades workers,own account workers,4500
2024,male,craftsmen and related trades workers,contributing family workers,100
2024,male,plant and machine operators and assemblers,employers,200
2024,male,plant and machine operators and assemblers,employees,58700
2024,male,plant and machine operators and assemblers,own account workers,57800
2024,male,plant and machine operators and assemblers,contributing family workers,100
2024,male,"cleaners, labourers and related workers",employers,0
2024,male,"cleaners, labourers and related workers",employees,66700
2024,male,"cleaners, labourers and related workers",own account workers,6000
2024,male,"cleaners, labourers and related workers",contributing family workers,400
2024,male,others,employers,100
2024,male,others,employees,55500
2024,male,others,own account workers,200
2024,male,others,contributing family workers,0
2024,female,managers & administrators (including working proprietors),employers,17800
2024,female,managers & administrators (including working proprietors),employees,135900
2024,female,managers & administrators (including working proprietors),own account workers,8500
2024,female,managers & administrators (including working proprietors),contributing family workers,100
2024,female,professionals,employers,2500
2024,female,professionals,employees,295700
2024,female,professionals,own account workers,10100
2024,female,professionals,contributing family workers,100
2024,female,associate professionals and technicians,employers,1400
2024,female,associate professionals and technicians,employees,213600
2024,female,associate professionals and technicians,own account workers,28100
2024,female,associate professionals and technicians,contributing family workers,200
2024,female,clerical support workers,employers,100
2024,female,clerical support workers,employees,160600
2024,female,clerical support workers,own account workers,200
2024,female,clerical support workers,contributing family workers,600
2024,female,service and sales workers,employers,2400
2024,female,service and sales workers,employees,126900
2024,female,service and sales workers,own account workers,7700
2024,female,service and sales workers,contributing family workers,1100
2024,female,craftsmen and related trades workers,employers,200
2024,female,craftsmen and related trades workers,employees,6600
2024,female,craftsmen and related trades workers,own account workers,1300
2024,female,craftsmen and related trades workers,contributing family workers,200
2024,female,plant and machine operators and assemblers,employers,100
2024,female,plant and machine operators and assemblers,employees,9200
2024,female,plant and machine operators and assemblers,own account workers,2300
2024,female,plant and machine operators and assemblers,contributing family workers,0
2024,female,"cleaners, labourers and related workers",employers,0
2024,female,"cleaners, labourers and related workers",employees,90300
2024,female,"cleaners, labourers and related workers",own account workers,1400
2024,female,"cleaners, labourers and related workers",contributing family workers,900
2024,female,others,employers,0
2024,female,others,employees,1600
2024,female,others,own account workers,0
2024,female,others,contributing family workers,0
2025,male,managers & administrators (including working proprietors),employers,42600
2025,male,managers & administrators (including working proprietors),employees,186900
2025,male,managers & administrators (including working proprietors),own account workers,15200
2025,male,managers & administrators (including working proprietors),contributing family workers,300
2025,male,professionals,employers,5600
2025,male,professionals,employees,296500
2025,male,professionals,own account workers,10700
2025,male,professionals,contributing family workers,300
2025,male,associate professionals and technicians,employers,2000
2025,male,associate professionals and technicians,employees,204800
2025,male,associate professionals and technicians,own account workers,30700
2025,male,associate professionals and technicians,contributing family workers,200
2025,male,clerical support workers,employers,0
2025,male,clerical support workers,employees,51000
2025,male,clerical support workers,own account workers,100
2025,male,clerical support workers,contributing family workers,300
2025,male,service and sales workers,employers,2800
2025,male,service and sales workers,employees,99600
2025,male,service and sales workers,own account workers,6400
2025,male,service and sales workers,contributing family workers,900
2025,male,craftsmen and related trades workers,employers,2500
2025,male,craftsmen and related trades workers,employees,37300
2025,male,craftsmen and related trades workers,own account workers,3500
2025,male,craftsmen and related trades workers,contributing family workers,0
2025,male,plant and machine operators and assemblers,employers,200
2025,male,plant and machine operators and assemblers,employees,54700
2025,male,plant and machine operators and assemblers,own account workers,61900
2025,male,plant and machine operators and assemblers,contributing family workers,100
2025,male,"cleaners, labourers and related workers",employers,0
2025,male,"cleaners, labourers and related workers",employees,68700
2025,male,"cleaners, labourers and related workers",own account workers,4800
2025,male,"cleaners, labourers and related workers",contributing family workers,500
2025,male,others,employers,100
2025,male,others,employees,52200
2025,male,others,own account workers,0
2025,male,others,contributing family workers,0
2025,female,managers & administrators (including working proprietors),employers,17900
2025,female,managers & administrators (including working proprietors),employees,134400
2025,female,managers & administrators (including working proprietors),own account workers,8100
2025,female,managers & administrators (including working proprietors),contributing family workers,400
2025,female,professionals,employers,2700
2025,female,professionals,employees,300600
2025,female,professionals,own account workers,7600
2025,female,professionals,contributing family workers,300
2025,female,associate professionals and technicians,employers,700
2025,female,associate professionals and technicians,employees,225900
2025,female,associate professionals and technicians,own account workers,31000
2025,female,associate professionals and technicians,contributing family workers,200
2025,female,clerical support workers,employers,0
2025,female,clerical support workers,employees,148900
2025,female,clerical support workers,own account workers,0
2025,female,clerical support workers,contributing family workers,700
2025,female,service and sales workers,employers,2400
2025,female,service and sales workers,employees,125400
2025,female,service and sales workers,own account workers,7600
2025,female,service and sales workers,contributing family workers,1900
2025,female,craftsmen and related trades workers,employers,300
2025,female,craftsmen and related trades workers,employees,6800
2025,female,craftsmen and related trades workers,own account workers,900
2025,female,craftsmen and related trades workers,contributing family workers,300
2025,female,plant and machine operators and assemblers,employers,100
2025,female,plant and machine operators and assemblers,employees,8300
2025,female,plant and machine operators and assemblers,own account workers,3500
2025,female,plant and machine operators and assemblers,contributing family workers,100
2025,female,"cleaners, labourers and related workers",employers,0
2025,female,"cleaners, labourers and related workers",employees,91900
2025,female,"cleaners, labourers and related workers",own account workers,1300
2025,female,"cleaners, labourers and related workers",contributing family workers,500
2025,female,others,employers,0
2025,female,others,employees,2300
2025,female,others,own account workers,0
2025,female,others,contributing family workers,0
