DataSeries,2026May,2026Apr,2026Mar,2026Feb,2026Jan,2025Dec,2025Nov,2025Oct,2025Sep,2025Aug,2025Jul,2025Jun,2025May,2025Apr,2025Mar,2025Feb,2025Jan,2024Dec,2024Nov,2024Oct,2024Sep,2024Aug,2024Jul,2024Jun,2024May,2024Apr,2024Mar,2024Feb,2024Jan,2023Dec,2023Nov,2023Oct,2023Sep,2023Aug,2023Jul,2023Jun,2023May,2023Apr,2023Mar,2023Feb,2023Jan,2022Dec,2022Nov,2022Oct,2022Sep,2022Aug,2022Jul,2022Jun,2022May,2022Apr,2022Mar,2022Feb,2022Jan,2021Dec,2021Nov,2021Oct,2021Sep,2021Aug,2021Jul,2021Jun,2021May,2021Apr,2021Mar,2021Feb,2021Jan,2020Dec,2020Nov,2020Oct,2020Sep,2020Aug,2020Jul,2020Jun,2020May,2020Apr,2020Mar,2020Feb,2020Jan,2019Dec,2019Nov,2019Oct,2019Sep,2019Aug,2019Jul,2019Jun,2019May,2019Apr,2019Mar,2019Feb,2019Jan,2018Dec,2018Nov,2018Oct,2018Sep,2018Aug,2018Jul,2018Jun,2018May,2018Apr,2018Mar,2018Feb,2018Jan,2017Dec,2017Nov,2017Oct,2017Sep,2017Aug,2017Jul,2017Jun,2017May,2017Apr,2017Mar,2017Feb,2017Jan,2016Dec,2016Nov,2016Oct,2016Sep,2016Aug,2016Jul,2016Jun,2016May,2016Apr,2016Mar,2016Feb,2016Jan,2015Dec,2015Nov,2015Oct,2015Sep,2015Aug,2015Jul,2015Jun,2015May,2015Apr,2015Mar,2015Feb,2015Jan,2014Dec,2014Nov,2014Oct,2014Sep,2014Aug,2014Jul,2014Jun,2014May,2014Apr,2014Mar,2014Feb,2014Jan,2013Dec,2013Nov,2013Oct,2013Sep,2013Aug,2013Jul,2013Jun,2013May,2013Apr,2013Mar,2013Feb,2013Jan,2012Dec,2012Nov,2012Oct,2012Sep,2012Aug,2012Jul,2012Jun,2012May,2012Apr,2012Mar,2012Feb,2012Jan,2011Dec,2011Nov,2011Oct,2011Sep,2011Aug,2011Jul,2011Jun,2011May,2011Apr,2011Mar,2011Feb,2011Jan,2010Dec,2010Nov,2010Oct,2010Sep,2010Aug,2010Jul,2010Jun,2010May,2010Apr,2010Mar,2010Feb,2010Jan,2009Dec,2009Nov,2009Oct,2009Sep,2009Aug,2009Jul,2009Jun,2009May,2009Apr,2009Mar,2009Feb,2009Jan,2008Dec,2008Nov,2008Oct,2008Sep,2008Aug,2008Jul,2008Jun,2008May,2008Apr,2008Mar,2008Feb,2008Jan,2007Dec,2007Nov,2007Oct,2007Sep,2007Aug,2007Jul,2007Jun,2007May,2007Apr,2007Mar,2007Feb,2007Jan,2006Dec,2006Nov,2006Oct,2006Sep,2006Aug,2006Jul,2006Jun,2006May,2006Apr,2006Mar,2006Feb,2006Jan,2005Dec,2005Nov,2005Oct,2005Sep,2005Aug,2005Jul,2005Jun,2005May,2005Apr,2005Mar,2005Feb,2005Jan,2004Dec,2004Nov,2004Oct,2004Sep,2004Aug,2004Jul,2004Jun,2004May,2004Apr,2004Mar,2004Feb,2004Jan,2003Dec,2003Nov,2003Oct,2003Sep,2003Aug,2003Jul,2003Jun,2003May,2003Apr,2003Mar,2003Feb,2003Jan,2002Dec,2002Nov,2002Oct,2002Sep,2002Aug,2002Jul,2002Jun,2002May,2002Apr,2002Mar,2002Feb,2002Jan,2001Dec,2001Nov,2001Oct,2001Sep,2001Aug,2001Jul,2001Jun,2001May,2001Apr,2001Mar,2001Feb,2001Jan,2000Dec,2000Nov,2000Oct,2000Sep,2000Aug,2000Jul,2000Jun,2000May,2000Apr,2000Mar,2000Feb,2000Jan,1999Dec,1999Nov,1999Oct,1999Sep,1999Aug,1999Jul,1999Jun,1999May,1999Apr,1999Mar,1999Feb,1999Jan,1998Dec,1998Nov,1998Oct,1998Sep,1998Aug,1998Jul,1998Jun,1998May,1998Apr,1998Mar,1998Feb,1998Jan,1997Dec,1997Nov,1997Oct,1997Sep,1997Aug,1997Jul,1997Jun,1997May,1997Apr,1997Mar,1997Feb,1997Jan,1996Dec,1996Nov,1996Oct,1996Sep,1996Aug,1996Jul,1996Jun,1996May,1996Apr,1996Mar,1996Feb,1996Jan,1995Dec,1995Nov,1995Oct,1995Sep,1995Aug,1995Jul,1995Jun,1995May,1995Apr,1995Mar,1995Feb,1995Jan,1994Dec,1994Nov,1994Oct,1994Sep,1994Aug,1994Jul,1994Jun,1994May,1994Apr,1994Mar,1994Feb,1994Jan,1993Dec,1993Nov,1993Oct,1993Sep,1993Aug,1993Jul,1993Jun,1993May,1993Apr,1993Mar,1993Feb,1993Jan,1992Dec,1992Nov,1992Oct,1992Sep,1992Aug,1992Jul,1992Jun,1992May,1992Apr,1992Mar,1992Feb,1992Jan,1991Dec,1991Nov,1991Oct,1991Sep,1991Aug,1991Jul,1991Jun,1991May,1991Apr,1991Mar,1991Feb,1991Jan,1990Dec,1990Nov,1990Oct,1990Sep,1990Aug,1990Jul,1990Jun,1990May,1990Apr,1990Mar,1990Feb,1990Jan,1989Dec,1989Nov,1989Oct,1989Sep,1989Aug,1989Jul,1989Jun,1989May,1989Apr,1989Mar,1989Feb,1989Jan,1988Dec,1988Nov,1988Oct,1988Sep,1988Aug,1988Jul,1988Jun,1988May,1988Apr,1988Mar,1988Feb,1988Jan
US Dollar,1.2756,1.2768,1.2792,1.2671,1.2803,1.2916,1.3031,1.2952,1.2847,1.2856,1.2809,1.2843,1.2938,1.3246,1.3362,1.3469,1.3625,1.3503,1.3365,1.309,1.2964,1.3159,1.3469,1.3516,1.3512,1.3569,1.3401,1.3445,1.3355,1.3324,1.3482,1.369,1.3638,1.3505,1.3346,1.3461,1.3393,1.3319,1.3407,1.3309,1.3258,1.352,1.3874,1.4245,1.4136,1.3843,1.3949,1.3837,1.3814,1.3656,1.3593,1.3467,1.3506,1.3632,1.3574,1.3511,1.3475,1.3552,1.3543,1.333,1.3303,1.3344,1.3423,1.3274,1.3257,1.3324,1.3478,1.3596,1.3655,1.3697,1.3883,1.3941,1.418,1.4245,1.4165,1.3897,1.3508,1.3573,1.3616,1.3713,1.3802,1.385,1.3606,1.363,1.3707,1.3561,1.354,1.3537,1.3564,1.3703,1.3755,1.3791,1.3715,1.3689,1.3632,1.3474,1.3387,1.3149,1.3148,1.3198,1.322,1.3467,1.3561,1.3604,1.3497,1.3607,1.3717,1.3837,1.3946,1.398,1.4057,1.415,1.4288,1.4358,1.4101,1.3836,1.3592,1.3474,1.3508,1.3555,1.3706,1.3509,1.3748,1.4063,1.4335,1.4085,1.4125,1.4019,1.415,1.3999,1.3608,1.3457,1.3347,1.35,1.3771,1.3544,1.3374,1.3155,1.2956,1.2738,1.2628,1.2485,1.243,1.2514,1.2517,1.2557,1.2674,1.2667,1.2725,1.2588,1.2474,1.2443,1.2635,1.2737,1.268,1.2606,1.2481,1.238,1.2466,1.2381,1.2285,1.221,1.2234,1.2247,1.2318,1.2485,1.2618,1.2783,1.2625,1.2515,1.2584,1.2537,1.2805,1.2957,1.2896,1.2792,1.2506,1.2088,1.2172,1.2347,1.2374,1.248,1.2689,1.2774,1.2879,1.3072,1.2983,1.3046,1.3359,1.3561,1.378,1.3984,1.3931,1.3818,1.4002,1.4124,1.3961,1.3961,1.3891,1.398,1.4243,1.4421,1.4501,1.4523,1.4616,1.5045,1.5303,1.5178,1.488,1.4778,1.5067,1.4763,1.4287,1.4029,1.3588,1.3676,1.3665,1.3644,1.3855,1.4108,1.4315,1.4489,1.4471,1.4666,1.5126,1.5236,1.5161,1.5365,1.5222,1.5149,1.5249,1.534,1.5379,1.5405,1.5567,1.5788,1.5789,1.5757,1.5833,1.5905,1.5773,1.6014,1.6217,1.6294,1.633,1.6752,1.6986,1.6908,1.6808,1.6625,1.6838,1.6716,1.6512,1.6532,1.6308,1.638,1.6381,1.6415,1.651,1.6778,1.696,1.7144,1.712,1.7123,1.7101,1.684,1.6997,1.6861,1.6987,1.7107,1.7289,1.7332,1.7462,1.7535,1.7552,1.7342,1.7341,1.7765,1.7527,1.7455,1.7355,1.7528,1.765,1.7858,1.7655,1.7548,1.7523,1.7832,1.7997,1.829,1.8287,1.8314,1.8388,1.8374,1.8294,1.8089,1.7484,1.7618,1.8237,1.8157,1.8135,1.8115,1.7708,1.7431,1.7365,1.7364,1.7468,1.7513,1.738,1.7201,1.7403,1.7278,1.7281,1.7097,1.7152,1.7005,1.6733,1.6746,1.6704,1.6765,1.6959,1.6797,1.6965,1.7121,1.7123,1.7134,1.7294,1.7005,1.6781,1.653,1.6389,1.6405,1.7263,1.7538,1.7077,1.6953,1.6382,1.6011,1.6171,1.6579,1.7533,1.648,1.5822,1.5577,1.5177,1.4965,1.4497,1.4271,1.4361,1.4413,1.4358,1.4193,1.4061,1.4005,1.4028,1.4122,1.4082,1.4126,1.4155,1.4091,1.4078,1.4084,1.4092,1.4128,1.4213,1.4145,1.413,1.4238,1.4341,1.4109,1.3984,1.3949,1.3937,1.3985,1.4203,1.4538,1.4524,1.4651,1.4681,1.4763,1.4891,1.5043,1.5144,1.5304,1.5463,1.5622,1.5819,1.5879,1.6032,1.5977,1.5951,1.5716,1.5973,1.6098,1.6211,1.6164,1.6131,1.6229,1.6446,1.6468,1.6531,1.6394,1.6323,1.6064,1.5983,1.6076,1.614,1.6239,1.6399,1.6564,1.6596,1.6366,1.6332,1.6461,1.6716,1.6928,1.7019,1.7269,1.7566,1.778,1.7679,1.7693,1.7565,1.7176,1.7454,1.7265,1.7084,1.7267,1.7654,1.791,1.82,1.8463,1.857,1.8785,1.8774,1.8637,1.8895,1.9178,1.9585,1.9622,1.9753,1.9588,1.959,1.9575,1.9569,1.9491,1.9406,1.9273,1.9401,1.9437,1.9606,2.0214,2.0398,2.0411,2.0462,2.0269,2.0098,2.0037,2.0133,2.0173,2.0253
Sterling Pound,1.72,1.716,1.7076,1.7218,1.731,1.7278,1.7113,1.7311,1.7351,1.7275,1.7307,1.7402,1.73,1.74,1.7235,1.6875,1.6819,1.7072,1.7042,1.7104,1.7125,1.703,1.731,1.7195,1.7066,1.6983,1.704,1.6982,1.6968,1.6865,1.6744,1.6664,1.6904,1.7162,1.7193,1.6996,1.6719,1.6563,1.6274,1.6092,1.6196,1.6466,1.6275,1.6079,1.5994,1.6596,1.6739,1.7067,1.7204,1.7687,1.791,1.8235,1.8314,1.814,1.8265,1.8489,1.8518,1.8699,1.8708,1.8708,1.8715,1.8469,1.8608,1.8407,1.8081,1.7901,1.7789,1.7643,1.7717,1.7988,1.7545,1.7464,1.7433,1.7673,1.7531,1.8023,1.7662,1.7796,1.7546,1.7295,1.7039,1.6832,1.6986,1.7273,1.7623,1.7678,1.785,1.7607,1.7485,1.7357,1.7742,1.7955,1.7898,1.7635,1.7955,1.791,1.8048,1.8526,1.8367,1.8454,1.8249,1.8057,1.793,1.7968,1.7971,1.7649,1.7823,1.7717,1.8018,1.7659,1.7342,1.7681,1.7609,1.7934,1.7527,1.7095,1.7881,1.7672,1.7799,1.924,1.9918,1.932,1.9556,2.0115,2.0659,2.1122,2.1497,2.149,2.1717,2.1849,2.1173,2.0959,2.0653,2.0166,2.0642,2.0736,2.0276,2.0566,2.0454,2.0492,2.0609,2.0864,2.1242,2.1152,2.1089,2.1016,2.1065,2.097,2.0961,2.062,2.0081,2.0035,2.0025,1.9721,1.9258,1.9528,1.909,1.8941,1.8799,1.9158,1.9624,1.9701,1.9549,1.968,1.9836,1.9612,1.9676,1.988,2.0101,2.003,1.9917,1.9806,1.9854,2.0201,2.0378,2.011,1.9745,1.978,1.9639,2.0041,2.0226,2.0406,2.051,2.0603,2.0299,2.0395,2.0726,2.0675,2.0803,2.1222,2.104,2.0621,2.0449,2.1187,2.1079,2.2102,2.2573,2.2676,2.3086,2.2623,2.3252,2.3845,2.373,2.3758,2.2527,2.2108,2.1739,2.1868,2.163,2.2079,2.3099,2.5066,2.5717,2.655,2.7028,2.688,2.6854,2.703,2.7739,2.7728,2.8178,2.9301,2.9978,2.9972,3.051,3.0611,3.0837,3.0517,3.0206,3.0111,2.9693,3.0063,3.0132,3.0255,2.9746,2.9603,2.9809,2.9806,2.9193,2.934,2.9465,2.8273,2.83,2.8501,2.8839,2.9259,2.9434,2.9828,3.0409,2.9805,2.9517,3.0416,3.0658,3.1324,3.108,3.0951,3.0797,3.1662,3.0669,3.0303,3.0414,3.1194,3.1558,3.1306,3.0549,3.0401,3.1087,3.1521,3.0892,2.9929,2.9199,2.9049,2.8121,2.796,2.8523,2.8792,2.8145,2.7976,2.7753,2.8095,2.806,2.7801,2.7742,2.7818,2.7468,2.7007,2.7259,2.6416,2.6285,2.6371,2.6023,2.6058,2.6375,2.646,2.6292,2.6276,2.5584,2.5322,2.579,2.5472,2.5874,2.5996,2.5586,2.5342,2.571,2.536,2.4921,2.5461,2.4916,2.5608,2.6259,2.6079,2.6093,2.7073,2.7117,2.7272,2.7443,2.7026,2.7115,2.7794,2.7518,2.6984,2.6703,2.7329,2.7637,2.7585,2.8027,2.7705,2.7698,2.7627,2.7239,2.7786,2.9001,2.8657,2.8088,2.7949,2.6828,2.6789,2.6851,2.7187,2.8662,2.7411,2.6699,2.5395,2.4302,2.4023,2.4244,2.3469,2.3441,2.3504,2.3097,2.3061,2.3362,2.3314,2.3322,2.2368,2.1962,2.1896,2.1988,2.1728,2.13,2.1358,2.153,2.1689,2.1752,2.1786,2.2103,2.2482,2.2334,2.2109,2.2277,2.2252,2.2147,2.2503,2.2729,2.2852,2.2848,2.2834,2.3328,2.3701,2.327,2.3207,2.3407,2.3339,2.3237,2.3149,2.3595,2.3537,2.3921,2.3826,2.3628,2.3637,2.4362,2.4009,2.426,2.4401,2.5001,2.5068,2.3951,2.3709,2.5401,2.5418,2.4935,2.6767,2.9678,3.1197,3.0962,3.0098,2.9659,2.9078,2.8632,2.9094,2.9621,3.0042,2.9719,2.9139,2.9332,2.9051,2.8898,2.9383,3.0534,3.0951,3.2189,3.3773,3.3692,3.3227,3.3537,3.356,3.3242,3.4034,3.2883,3.152,3.117,3.0741,3.0511,3.1585,3.1134,3.0603,3.0825,3.1186,3.1063,3.1283,3.1744,3.0433,3.1858,3.3166,3.3309,3.3853,3.4473,3.5513,3.5451,3.5044,3.4354,3.4666,3.4832,3.6151,3.7567,3.7609,3.6823,3.5464,3.6566
Swiss Franc,1.6279,1.6197,1.6277,1.6393,1.6203,1.6207,1.6211,1.624,1.6124,1.5938,1.6055,1.5759,1.5609,1.5844,1.5109,1.4896,1.4979,1.5152,1.5185,1.5214,1.5302,1.5335,1.5084,1.5128,1.4857,1.492,1.5106,1.5342,1.5566,1.5389,1.5128,1.5147,1.5177,1.5379,1.5267,1.4943,1.494,1.4817,1.4478,1.4395,1.4339,1.4495,1.436,1.4326,1.4523,1.4468,1.4398,1.4266,1.411,1.4473,1.4621,1.4596,1.4701,1.4805,1.4714,1.4626,1.461,1.4824,1.4749,1.4691,1.4725,1.4465,1.4455,1.4795,1.4951,1.499,1.4794,1.4898,1.4933,1.5039,1.4838,1.4639,1.4625,1.4676,1.4806,1.423,1.3926,1.3799,1.3718,1.3802,1.3931,1.4131,1.3781,1.3783,1.3561,1.3467,1.3534,1.3515,1.372,1.381,1.3742,1.389,1.4171,1.3843,1.3708,1.3618,1.3419,1.3597,1.3892,1.4124,1.3739,1.364,1.3674,1.3863,1.4031,1.4097,1.4289,1.4294,1.4141,1.3969,1.4023,1.4134,1.4163,1.4082,1.4175,1.4025,1.3953,1.3886,1.3754,1.3968,1.4007,1.4014,1.3982,1.4157,1.4247,1.4151,1.401,1.4472,1.4571,1.4485,1.4279,1.4447,1.432,1.4031,1.4052,1.4512,1.4212,1.3485,1.3441,1.3384,1.3503,1.3722,1.3866,1.3967,1.409,1.4217,1.4391,1.416,1.4077,1.4077,1.3664,1.3781,1.3669,1.3755,1.3422,1.3505,1.3055,1.3207,1.3178,1.3448,1.3278,1.3245,1.3035,1.3121,1.3104,1.2884,1.2925,1.3355,1.3447,1.3706,1.3787,1.3737,1.3634,1.3894,1.4194,1.4223,1.4393,1.5501,1.4771,1.4678,1.417,1.3882,1.3799,1.3442,1.3465,1.3485,1.3182,1.3468,1.3333,1.303,1.3066,1.2391,1.2347,1.2943,1.3123,1.3183,1.3513,1.3576,1.3723,1.3683,1.3677,1.3501,1.3431,1.3448,1.3188,1.311,1.325,1.3031,1.3267,1.2984,1.2665,1.2938,1.2901,1.2971,1.3241,1.3185,1.309,1.3477,1.3697,1.2943,1.2991,1.2727,1.2893,1.2489,1.2749,1.2664,1.2552,1.2461,1.2462,1.2495,1.2521,1.2365,1.237,1.2746,1.2591,1.2535,1.2705,1.2791,1.2811,1.2914,1.294,1.2466,1.2428,1.2497,1.2787,1.2837,1.2944,1.3128,1.33,1.3154,1.3023,1.322,1.3576,1.3822,1.3895,1.3783,1.391,1.4329,1.408,1.3577,1.343,1.3573,1.3763,1.3688,1.3329,1.2997,1.3314,1.3559,1.3675,1.3512,1.2967,1.3099,1.2669,1.2699,1.2902,1.316,1.3248,1.2899,1.289,1.2824,1.2616,1.2181,1.2048,1.1967,1.1821,1.1742,1.1897,1.1565,1.1332,1.1048,1.0919,1.0777,1.1036,1.1106,1.1091,1.108,1.0685,1.0483,1.0362,1.0179,1.0353,1.0586,1.049,1.0465,1.068,1.028,0.9826,0.9909,0.9895,1.005,1.0557,1.0503,1.0071,1.0299,1.0318,1.0413,1.0553,1.0601,1.077,1.1276,1.1114,1.1131,1.0946,1.1154,1.1358,1.1457,1.1814,1.1923,1.2132,1.2152,1.1843,1.2255,1.2308,1.174,1.1282,1.1354,1.1088,1.0646,1.0875,1.1331,1.1881,1.1464,1.1255,1.0721,1.0309,0.9889,0.9808,0.9916,1.0033,0.9872,0.9806,0.9756,1.0106,1.0549,1.1013,1.1227,1.1447,1.1756,1.147,1.1211,1.1224,1.1569,1.1784,1.1802,1.2053,1.2158,1.2375,1.2432,1.2061,1.1792,1.2106,1.2053,1.1953,1.2318,1.2145,1.1442,1.1276,1.1024,1.1334,1.1674,1.1522,1.1414,1.1436,1.1134,1.0939,1.0867,1.1054,1.0913,1.0892,1.0919,1.0658,1.0922,1.1262,1.0756,1.0705,1.0965,1.1135,1.1121,1.0798,1.0849,1.1186,1.1528,1.1445,1.2278,1.2516,1.238,1.2096,1.1391,1.0989,1.0903,1.101,1.1238,1.1672,1.1874,1.1639,1.1447,1.1467,1.1345,1.1321,1.165,1.2164,1.2297,1.2713,1.3571,1.3719,1.3499,1.3602,1.3477,1.3518,1.3691,1.3062,1.2958,1.3088,1.2626,1.2421,1.2517,1.2435,1.2234,1.21,1.2034,1.1715,1.1811,1.2004,1.1468,1.1312,1.1847,1.2094,1.2261,1.2463,1.3159,1.3369,1.3106,1.2951,1.29,1.3364,1.3898,1.4258,1.4503,1.4515,1.452,1.51
Japanese Yen,0.8065,0.8016,0.8064,0.817,0.8165,0.829,0.8403,0.856,0.8688,0.8705,0.8723,0.8888,0.895,0.9178,0.896,0.8874,0.8697,0.8794,0.8698,0.8759,0.9054,0.8993,0.8524,0.8561,0.8669,0.8822,0.8954,0.8998,0.9149,0.9247,0.9007,0.9156,0.923,0.9324,0.9463,0.9536,0.9773,0.9981,1.003,1.002,1.0168,1.0014,0.9741,0.9695,0.988,1.0248,1.0208,1.0337,1.0728,1.0822,1.1479,1.1688,1.1756,1.1969,1.1895,1.1946,1.2234,1.2339,1.2278,1.2109,1.2185,1.2241,1.2358,1.2606,1.2782,1.2836,1.2915,1.2919,1.2932,1.2915,1.2991,1.2959,1.3227,1.3216,1.3193,1.2629,1.2357,1.2436,1.2512,1.2684,1.2846,1.3025,1.2576,1.2615,1.2463,1.215,1.2182,1.2263,1.2457,1.22,1.2137,1.2222,1.2254,1.2321,1.2237,1.225,1.2202,1.2228,1.2402,1.2222,1.1908,1.1926,1.2016,1.2044,1.2195,1.2388,1.2201,1.2481,1.2432,1.2701,1.2441,1.2516,1.2436,1.2389,1.3064,1.3338,1.3337,1.3308,1.297,1.2863,1.258,1.2326,1.2169,1.2255,1.2131,1.1562,1.1538,1.1678,1.1785,1.1378,1.1043,1.0878,1.1055,1.1294,1.1436,1.142,1.1301,1.1021,1.116,1.1805,1.1782,1.2128,1.2223,1.2263,1.2297,1.2243,1.2391,1.2408,1.2233,1.2169,1.248,1.2719,1.2736,1.3009,1.2726,1.2947,1.2364,1.2686,1.3147,1.3305,1.3796,1.458,1.5113,1.5528,1.5759,1.5876,1.5968,1.6126,1.5835,1.5378,1.5262,1.5997,1.6642,1.6643,1.6639,1.6662,1.6286,1.5672,1.5328,1.534,1.5252,1.4973,1.5523,1.545,1.5598,1.5695,1.5749,1.5937,1.5822,1.5872,1.5722,1.5384,1.5113,1.4798,1.5473,1.565,1.5306,1.5568,1.5548,1.5497,1.5574,1.523,1.5352,1.5047,1.515,1.5244,1.5659,1.6432,1.6443,1.6198,1.5551,1.4731,1.3403,1.2838,1.2732,1.2793,1.3113,1.3308,1.3755,1.316,1.3271,1.291,1.304,1.2667,1.3147,1.3067,1.2467,1.2531,1.2613,1.2749,1.2997,1.2717,1.2771,1.3146,1.3277,1.3308,1.3487,1.36,1.369,1.3885,1.411,1.3684,1.383,1.3819,1.4169,1.4123,1.4332,1.4733,1.5132,1.5024,1.5044,1.5391,1.5491,1.5402,1.55,1.5623,1.5863,1.5816,1.5766,1.5394,1.5411,1.5534,1.566,1.5653,1.5265,1.5674,1.5648,1.5825,1.5964,1.5866,1.5832,1.5829,1.517,1.4757,1.479,1.4659,1.4779,1.4823,1.4779,1.4631,1.461,1.4376,1.4525,1.4411,1.4635,1.4758,1.4847,1.4436,1.4235,1.3969,1.3946,1.3706,1.3869,1.4432,1.4951,1.4921,1.4717,1.4495,1.4636,1.4871,1.4888,1.4626,1.4597,1.5002,1.4871,1.5497,1.604,1.616,1.6273,1.5913,1.6129,1.6263,1.5974,1.6209,1.6071,1.5538,1.5939,1.6316,1.5951,1.5809,1.5816,1.4826,1.4172,1.4171,1.4051,1.4321,1.4459,1.4599,1.4834,1.4076,1.3619,1.3516,1.2831,1.2138,1.2138,1.2069,1.2133,1.215,1.2567,1.3173,1.3471,1.2728,1.2652,1.2863,1.2565,1.2697,1.2592,1.2491,1.2062,1.1478,1.1714,1.1543,1.1935,1.2298,1.249,1.2575,1.2827,1.3105,1.2951,1.2938,1.324,1.3105,1.331,1.3353,1.3458,1.3894,1.3861,1.4142,1.4264,1.4916,1.6042,1.6503,1.6422,1.6739,1.5698,1.4805,1.4561,1.4631,1.4977,1.4977,1.5074,1.507,1.5372,1.4905,1.4918,1.5103,1.5051,1.4964,1.4375,1.4547,1.479,1.4707,1.5166,1.5539,1.5042,1.5068,1.4628,1.4447,1.4049,1.3613,1.3218,1.3223,1.3177,1.3275,1.3028,1.2735,1.2844,1.2809,1.2544,1.2398,1.2504,1.2827,1.3059,1.2853,1.2888,1.295,1.2652,1.2613,1.2731,1.2714,1.2804,1.2891,1.2822,1.3171,1.3026,1.2916,1.3253,1.3294,1.2714,1.2148,1.2211,1.2011,1.2089,1.1851,1.2266,1.2808,1.3015,1.3351,1.3649,1.3827,1.3617,1.3876,1.3921,1.3619,1.4176,1.4764,1.4888,1.5122,1.5263,1.5729,1.5929,1.565,1.517,1.5269,1.536,1.5947,1.611,1.6038,1.5818,1.5631,1.5902
Malaysian Ringgit,0.3227,0.3212,0.3238,0.3236,0.3179,0.3156,0.3136,0.3072,0.3049,0.3042,0.3024,0.3027,0.3035,0.2999,0.3012,0.3031,0.3045,0.3027,0.3013,0.3048,0.3041,0.2981,0.2877,0.287,0.2864,0.2847,0.2842,0.2819,0.2851,0.286,0.2876,0.2884,0.2912,0.2929,0.2906,0.2906,0.2964,0.301,0.3002,0.3049,0.3063,0.3063,0.3008,0.3036,0.3111,0.3099,0.3141,0.3144,0.3152,0.32,0.3236,0.3216,0.3224,0.3238,0.3247,0.3245,0.3235,0.3211,0.3226,0.3224,0.3223,0.3237,0.3267,0.3281,0.3284,0.3285,0.3276,0.3274,0.3291,0.327,0.3255,0.3261,0.3265,0.3269,0.3297,0.3338,0.3311,0.3272,0.3274,0.3274,0.3298,0.3307,0.3299,0.3274,0.3286,0.3297,0.3319,0.3321,0.3295,0.3284,0.3285,0.3316,0.3313,0.3344,0.3367,0.3369,0.3378,0.3384,0.3367,0.3374,0.3343,0.3302,0.325,0.3217,0.3205,0.3176,0.3197,0.3236,0.3233,0.3172,0.3166,0.3183,0.3204,0.3219,0.3254,0.3313,0.3307,0.3345,0.3361,0.3318,0.3386,0.346,0.3372,0.3361,0.33,0.3289,0.3278,0.3288,0.3283,0.3433,0.358,0.3596,0.3705,0.3715,0.3742,0.3765,0.3733,0.378,0.3875,0.3897,0.3927,0.3928,0.3905,0.3888,0.3877,0.3853,0.3861,0.3827,0.3854,0.3874,0.3899,0.3915,0.3886,0.3882,0.3974,0.4003,0.4138,0.406,0.401,0.3996,0.4043,0.3996,0.4,0.4005,0.3999,0.4002,0.3983,0.4021,0.4069,0.4087,0.4134,0.4147,0.4113,0.4097,0.4087,0.4073,0.4059,0.4052,0.4064,0.4076,0.4107,0.4142,0.4178,0.4194,0.4208,0.418,0.4167,0.4208,0.43,0.43,0.4295,0.4284,0.4282,0.4312,0.4211,0.4136,0.4137,0.4091,0.4098,0.4108,0.4074,0.4098,0.4088,0.4128,0.4149,0.4168,0.4164,0.4175,0.4173,0.4165,0.42,0.419,0.4153,0.4216,0.4181,0.4197,0.4247,0.4315,0.4348,0.4377,0.4379,0.4346,0.431,0.4342,0.4354,0.437,0.4405,0.446,0.4474,0.4407,0.4367,0.4387,0.4384,0.4336,0.4272,0.4292,0.43,0.4288,0.4316,0.4339,0.4363,0.4372,0.4378,0.4371,0.4352,0.4434,0.4495,0.4481,0.446,0.4421,0.4445,0.4399,0.4345,0.4351,0.4292,0.431,0.4311,0.432,0.4345,0.4415,0.4463,0.4511,0.4505,0.4506,0.45,0.4432,0.4473,0.4437,0.447,0.4502,0.455,0.4561,0.4595,0.4614,0.4619,0.4564,0.4564,0.4675,0.4612,0.4594,0.4567,0.4613,0.4645,0.47,0.4646,0.4618,0.4611,0.4693,0.4736,0.4813,0.4812,0.4819,0.4839,0.4835,0.4814,0.476,0.4601,0.4636,0.4799,0.4778,0.4772,0.4767,0.466,0.4587,0.457,0.457,0.4597,0.4609,0.4574,0.4526,0.458,0.4547,0.4548,0.4499,0.4514,0.4475,0.4403,0.4407,0.4396,0.4412,0.4463,0.442,0.4464,0.4506,0.4506,0.4509,0.4551,0.4469,0.4416,0.435,0.4313,0.4317,0.4529,0.4176,0.411,0.4243,0.4297,0.4281,0.4329,0.4321,0.399,0.4367,0.4676,0.4744,0.5045,0.5451,0.5635,0.5672,0.5728,0.5763,0.5798,0.5709,0.5649,0.5545,0.5558,0.5635,0.5632,0.5667,0.5683,0.5645,0.5647,0.5607,0.5541,0.5544,0.556,0.5569,0.5565,0.5623,0.5708,0.5688,0.5709,0.571,0.5647,0.5638,0.5576,0.5696,0.5686,0.5718,0.5736,0.5771,0.5824,0.5869,0.5837,0.5904,0.5916,0.5814,0.5825,0.5744,0.5918,0.6216,0.6247,0.6171,0.6271,0.6309,0.6308,0.6292,0.6288,0.6293,0.6308,0.6262,0.6361,0.638,0.647,0.6414,0.6386,0.6437,0.6455,0.6446,0.6498,0.6489,0.6436,0.629,0.607,0.6003,0.6097,0.6165,0.6169,0.6212,0.6302,0.6395,0.6412,0.6434,0.641,0.6367,0.6428,0.6388,0.6341,0.6398,0.655,0.6644,0.6729,0.6814,0.6875,0.689,0.691,0.6895,0.6988,0.7094,0.7246,0.7282,0.7322,0.7305,0.7304,0.7228,0.7259,0.7159,0.7049,0.7059,0.7134,0.7216,0.7328,0.7548,0.7658,0.7699,0.7794,0.7841,0.778,0.7785,0.784,0.7824,0.7976
Hong Kong Dollar,0.1629,0.163,0.1634,0.1621,0.1642,0.166,0.1676,0.1666,0.165,0.1643,0.1632,0.1636,0.1658,0.1706,0.1719,0.1731,0.175,0.1737,0.1718,0.1685,0.1664,0.1688,0.1725,0.1731,0.173,0.1733,0.1713,0.1719,0.1709,0.1706,0.1727,0.175,0.1742,0.1726,0.1707,0.1719,0.1709,0.1697,0.1708,0.1696,0.1696,0.1736,0.1772,0.1815,0.1801,0.1764,0.1777,0.1763,0.176,0.1742,0.1738,0.1726,0.1733,0.1748,0.1742,0.1737,0.1732,0.1741,0.1743,0.1717,0.1713,0.1718,0.1729,0.1712,0.171,0.1719,0.1738,0.1754,0.1762,0.1767,0.1791,0.1799,0.1829,0.1838,0.1824,0.1787,0.1738,0.1739,0.1739,0.1749,0.1761,0.1767,0.1742,0.1742,0.1747,0.1729,0.1725,0.1725,0.173,0.1752,0.1757,0.176,0.175,0.1744,0.1737,0.1717,0.1706,0.1675,0.1677,0.1687,0.169,0.1723,0.1737,0.1743,0.1728,0.174,0.1757,0.1775,0.1791,0.1798,0.181,0.1824,0.1842,0.185,0.1818,0.1784,0.1752,0.1737,0.1742,0.1746,0.1765,0.1742,0.1771,0.1807,0.1843,0.1817,0.1822,0.1809,0.1826,0.1806,0.1755,0.1736,0.1722,0.1742,0.1775,0.1746,0.1725,0.1696,0.1671,0.1642,0.1629,0.1611,0.1604,0.1614,0.1614,0.1619,0.1633,0.1633,0.164,0.1624,0.1609,0.1605,0.1629,0.1642,0.1635,0.1624,0.1608,0.1595,0.1607,0.1596,0.1584,0.1575,0.1578,0.158,0.1589,0.161,0.1627,0.1648,0.1626,0.1612,0.1621,0.1617,0.1649,0.1666,0.1657,0.1644,0.1604,0.155,0.1563,0.1586,0.1592,0.1605,0.1628,0.164,0.1655,0.1681,0.1674,0.1681,0.172,0.1745,0.1772,0.1795,0.1789,0.178,0.1804,0.1818,0.1798,0.1801,0.1792,0.1804,0.1838,0.1861,0.1871,0.1874,0.1886,0.1941,0.1974,0.1958,0.1918,0.1907,0.1944,0.1902,0.1834,0.1797,0.1742,0.1752,0.1752,0.1751,0.178,0.1809,0.1834,0.1858,0.1861,0.1891,0.1943,0.1949,0.1939,0.1966,0.1947,0.1938,0.1952,0.1964,0.1972,0.1982,0.2,0.2027,0.2029,0.2026,0.2037,0.2049,0.2034,0.2064,0.209,0.21,0.2106,0.216,0.219,0.218,0.2165,0.2139,0.2165,0.215,0.2119,0.212,0.2091,0.21,0.2102,0.2111,0.2123,0.2154,0.2175,0.2198,0.2195,0.2196,0.2193,0.216,0.2181,0.2169,0.2188,0.2203,0.2227,0.2239,0.2242,0.2248,0.2251,0.2224,0.2224,0.2278,0.2247,0.2238,0.2225,0.2248,0.2263,0.229,0.2264,0.225,0.2247,0.2286,0.2308,0.2345,0.2345,0.2348,0.2358,0.2356,0.2346,0.2319,0.2242,0.2259,0.2338,0.2328,0.2325,0.2323,0.227,0.2235,0.2226,0.2226,0.224,0.2246,0.2229,0.2205,0.2232,0.2217,0.2218,0.2196,0.2203,0.2185,0.2151,0.2155,0.2149,0.2158,0.2184,0.2164,0.2186,0.2207,0.2209,0.2211,0.2232,0.2195,0.2166,0.2131,0.2116,0.2117,0.2228,0.2263,0.2204,0.2188,0.2114,0.2066,0.2088,0.2142,0.2264,0.2128,0.2046,0.2014,0.196,0.1933,0.1872,0.1843,0.1855,0.186,0.1854,0.1832,0.1817,0.1811,0.1814,0.1826,0.1821,0.1826,0.1829,0.1821,0.182,0.1825,0.1823,0.1827,0.1838,0.1829,0.1827,0.1841,0.1853,0.1822,0.1807,0.1803,0.1802,0.1809,0.1837,0.188,0.1875,0.1894,0.1899,0.191,0.1927,0.1947,0.196,0.198,0.2002,0.2022,0.2047,0.2054,0.2075,0.2068,0.2064,0.2033,0.2064,0.2076,0.209,0.2089,0.2087,0.2099,0.2127,0.2129,0.2136,0.2117,0.211,0.2078,0.2068,0.2079,0.2087,0.2099,0.2118,0.214,0.2142,0.2109,0.2104,0.2118,0.2154,0.2183,0.2195,0.2224,0.2263,0.2299,0.2272,0.227,0.2254,0.2204,0.2238,0.2213,0.2192,0.2222,0.2274,0.2304,0.2342,0.2372,0.2385,0.2409,0.2403,0.2386,0.2419,0.2456,0.2507,0.2513,0.253,0.2509,0.2511,0.2513,0.2515,0.2505,0.2489,0.2471,0.2486,0.249,0.251,0.2588,0.2612,0.2616,0.2619,0.2596,0.2572,0.2565,0.258,0.2586,0.26
Australian Dollar,0.9159,0.9044,0.8988,0.8939,0.8682,0.8574,0.8478,0.8482,0.8471,0.8344,0.8378,0.8341,0.8339,0.8329,0.8414,0.8482,0.8487,0.8558,0.8733,0.8797,0.8774,0.8758,0.8991,0.8983,0.895,0.8827,0.879,0.8778,0.8881,0.8912,0.876,0.8698,0.8755,0.8764,0.8994,0.9041,0.8905,0.8914,0.8962,0.9198,0.9211,0.9128,0.9146,0.9068,0.9445,0.9634,0.9565,0.9727,0.975,1.0074,1.0013,0.9642,0.97,0.9755,0.9917,0.9993,0.9864,0.989,1.0062,1.0197,1.0322,1.0271,1.0351,1.0296,1.024,1.0025,0.9791,0.9693,0.9881,0.9855,0.975,0.9608,0.9238,0.8963,0.8813,0.9274,0.9279,0.9337,0.9299,0.9317,0.9394,0.9375,0.9507,0.9458,0.9516,0.9642,0.9588,0.9663,0.9694,0.9839,0.9967,0.9805,0.9876,1.0027,1.0094,1.0106,1.0077,1.0115,1.0212,1.0395,1.0506,1.0289,1.0341,1.0593,1.0761,1.0774,1.0688,1.045,1.0363,1.0538,1.0715,1.0849,1.065,1.0556,1.0624,1.0539,1.0324,1.0276,1.0171,1.002,1.0026,1.0348,1.0292,1.0038,1.005,1.0212,1.0114,1.0101,0.9989,1.0196,1.01,1.0384,1.0542,1.0429,1.0644,1.0547,1.0811,1.0849,1.1208,1.1186,1.1449,1.1616,1.1671,1.172,1.1649,1.1692,1.1495,1.1354,1.128,1.1306,1.1639,1.1832,1.1718,1.1501,1.1628,1.1886,1.237,1.2854,1.2881,1.278,1.2895,1.2775,1.2735,1.2609,1.2802,1.3068,1.2983,1.2757,1.2583,1.2948,1.3266,1.3447,1.3302,1.3104,1.3015,1.2904,1.28,1.2716,1.3104,1.3093,1.3218,1.3184,1.2814,1.2873,1.2821,1.2969,1.2844,1.2795,1.2508,1.2198,1.2041,1.1929,1.2164,1.2799,1.2765,1.2511,1.2761,1.2596,1.2791,1.2682,1.2251,1.2034,1.1655,1.1649,1.1159,1.0723,1.0176,0.9847,1.0114,0.9914,0.9874,1.0205,1.172,1.2394,1.308,1.3011,1.2967,1.2692,1.2812,1.2907,1.2618,1.266,1.2986,1.3178,1.2779,1.2608,1.3158,1.2939,1.2554,1.252,1.2076,1.1991,1.204,1.2107,1.2018,1.189,1.1949,1.2028,1.1899,1.1775,1.2031,1.1777,1.1801,1.2082,1.2247,1.2436,1.2478,1.2753,1.2862,1.2653,1.2671,1.2811,1.265,1.2774,1.2803,1.2804,1.2542,1.2612,1.2697,1.2287,1.1902,1.2169,1.2261,1.1866,1.2055,1.2537,1.2743,1.3126,1.3062,1.2634,1.2371,1.2013,1.1547,1.1416,1.1624,1.1518,1.1242,1.0828,1.0559,1.039,1.0119,0.9874,0.9905,0.9819,0.9663,0.9519,0.9715,1.0159,0.9896,0.9799,0.9588,0.9402,0.9508,0.9448,0.9449,0.9129,0.886,0.9249,0.93,0.9409,0.9442,0.9081,0.8925,0.933,0.9665,0.9488,0.9124,0.9264,0.9629,1.0008,1.0242,1.0256,1.0003,1.0215,1.0453,1.0689,1.1006,1.0722,1.0685,1.0932,1.0986,1.0828,1.1119,1.1229,1.1336,1.0993,1.0893,1.0885,1.0588,1.0229,1.0391,1.013,1.0162,1.0347,1.0549,1.0217,1.0319,1.0444,1.0833,1.1167,1.1429,1.0909,1.1006,1.1248,1.0989,1.1096,1.0761,1.076,1.1129,1.1229,1.1328,1.0896,1.0944,1.1171,1.1177,1.1184,1.1163,1.1065,1.1173,1.1158,1.1227,1.1081,1.0871,1.0672,1.0542,1.0487,1.0539,1.0806,1.0817,1.0462,1.0156,1.0039,1.0139,1.029,1.0436,1.0824,1.1128,1.1339,1.1077,1.0899,1.1039,1.1135,1.1126,1.1222,1.1192,1.1182,1.1258,1.1369,1.1148,1.0759,1.0605,1.0382,1.0432,1.092,1.0979,1.0911,1.126,1.1552,1.1636,1.122,1.1141,1.1306,1.1274,1.1492,1.1549,1.1662,1.203,1.2279,1.2399,1.2635,1.259,1.2304,1.2215,1.2709,1.3146,1.3436,1.3488,1.3505,1.3542,1.3508,1.3705,1.3793,1.3552,1.3467,1.3598,1.3295,1.3226,1.3887,1.4571,1.4485,1.4414,1.4367,1.4156,1.4342,1.4184,1.416,1.4799,1.5072,1.5324,1.5209,1.5251,1.4921,1.483,1.4783,1.5088,1.5678,1.5837,1.6464,1.6877,1.6699,1.6666,1.6343,1.6177,1.6459,1.6335,1.6418,1.5652,1.4979,1.4745,1.4407,1.4424
Korean Won,0.0855,0.086,0.0859,0.0875,0.0879,0.0881,0.0892,0.091,0.0922,0.0925,0.093,0.094,0.093,0.0918,0.0917,0.0932,0.0937,0.0938,0.0958,0.0963,0.0973,0.0974,0.0974,0.098,0.099,0.0991,0.1007,0.1009,0.1007,0.1022,0.1032,0.1013,0.1023,0.1022,0.104,0.1039,0.101,0.1007,0.1028,0.1044,0.1065,0.1044,0.1022,0.0999,0.1013,0.1048,0.1067,0.1083,0.109,0.1106,0.1113,0.1124,0.1129,0.1152,0.1146,0.1143,0.1149,0.1166,0.1183,0.1188,0.1184,0.1194,0.1187,0.1193,0.1207,0.1218,0.1208,0.1188,0.116,0.1154,0.1158,0.1154,0.1154,0.1163,0.1161,0.1163,0.1159,0.1156,0.1165,0.1158,0.1154,0.1144,0.1157,0.1161,0.1158,0.1187,0.1197,0.1206,0.1209,0.1221,0.122,0.1219,0.1225,0.122,0.1214,0.1233,0.1243,0.1231,0.1227,0.1222,0.124,0.1241,0.1229,0.1199,0.1191,0.1203,0.1211,0.1224,0.1239,0.1233,0.124,0.1238,0.121,0.1213,0.1212,0.1228,0.1226,0.1213,0.1184,0.1159,0.1166,0.1177,0.1159,0.1154,0.1191,0.12,0.1226,0.1224,0.1193,0.1185,0.1188,0.121,0.1221,0.1242,0.1237,0.1232,0.1228,0.1192,0.118,0.1201,0.1221,0.1219,0.1218,0.1228,0.1221,0.1203,0.1184,0.1182,0.1194,0.1191,0.1174,0.1167,0.1166,0.114,0.1126,0.111,0.1123,0.1104,0.1131,0.114,0.1152,0.1135,0.1126,0.1106,0.1096,0.1103,0.1105,0.1098,0.109,0.1101,0.1117,0.1116,0.112,0.1128,0.1137,0.1108,0.1116,0.1126,0.115,0.1142,0.1142,0.115,0.1131,0.1143,0.1151,0.114,0.1151,0.1162,0.1148,0.1148,0.1143,0.1152,0.1197,0.1239,0.1231,0.122,0.1227,0.1196,0.1195,0.119,0.1171,0.1162,0.1149,0.115,0.1162,0.1124,0.1054,0.1058,0.1101,0.1089,0.108,0.1114,0.1259,0.1343,0.1336,0.1328,0.1317,0.1383,0.1412,0.1494,0.1518,0.1557,0.1575,0.1602,0.1627,0.1629,0.165,0.1656,0.164,0.1627,0.1617,0.1637,0.164,0.1664,0.1664,0.1656,0.1657,0.1639,0.1666,0.1666,0.1675,0.1682,0.1663,0.1678,0.1659,0.1637,0.1632,0.1616,0.1633,0.1627,0.1622,0.1652,0.1648,0.1636,0.1618,0.1604,0.1579,0.1563,0.1521,0.1468,0.1477,0.148,0.1478,0.1479,0.1453,0.1462,0.1458,0.1446,0.1435,0.1434,0.1459,0.1487,0.1498,0.1488,0.1487,0.1453,0.1445,0.1442,0.1419,0.1464,0.1474,na,na,na,na,na,na,na,na,na,na,na,na,na,na,na,na,na,na,na,na,na,na,na,na,na,na,na,na,na,na,na,na,na,na,na,na,na,na,na,na,na,na,na,na,na,na,na,na,na,na,na,na,na,na,na,na,na,na,na,na,na,na,na,na,na,na,na,na,na,na,na,na,na,na,na,na,na,na,na,na,na,na,na,na,na,na,na,na,na,na,na,na,na,na,na,na,na,na,na,na,na,na,na,na,na,na,na,na,na,na,na,na,na,na,na,na,na,na,na,na,na,na,na,na,na,na,na,na,na,na,na,na,na,na,na,na,na,na,na,na,na,na,na,na,na,na,na,na,na,na,na,na,na,na,na,na,na,na,na,na,na,na,na,na,na,na,na,na,na,na,na,na,na,na,na,na,na,na,na,na
New Taiwan Dollar,4.0471,4.0313,4.0115,4.0248,4.0626,4.1152,4.1834,4.2306,4.2285,4.2638,4.3689,4.3346,4.2922,4.0511,4.0527,4.1031,4.1432,4.1437,4.13,4.0785,4.0546,4.0812,4.125,4.1734,4.18,4.1953,4.2296,4.2747,4.2785,4.2634,4.2302,4.2387,4.255,4.2435,4.2783,4.3636,4.3596,4.3578,4.3879,4.4021,4.3604,4.4082,4.4135,4.4592,4.5252,4.5986,4.6668,4.6729,4.6689,4.6941,4.7792,4.8301,4.8798,4.9126,4.88,4.8354,4.8613,4.8612,4.8367,4.7995,4.7671,4.7246,4.7498,4.7497,4.7331,4.7231,4.7211,4.737,4.6769,4.6608,4.7173,4.6995,4.7387,4.7359,4.6959,4.6056,4.4992,4.4826,4.4679,4.4668,4.4377,4.4128,4.3785,4.3558,4.3897,4.3946,4.3885,4.3939,4.3991,4.4506,4.4597,4.4645,4.4617,4.4565,4.4603,4.4808,4.4825,4.4773,4.5014,4.5139,4.4954,4.494,4.5069,4.4936,4.4798,4.4989,4.5106,4.5716,4.627,4.6028,4.5846,4.5817,4.5089,4.4883,4.4404,4.3809,4.321,4.268,4.2076,4.1885,4.2098,4.1762,4.2048,4.2289,4.2834,4.2937,4.3341,4.3137,4.3331,4.34,4.3681,4.3547,4.363,4.354,4.3783,4.2975,4.2273,4.1937,4.2194,4.1909,4.1952,4.1647,4.1521,4.1733,4.1558,4.1549,4.1697,4.1801,4.2252,4.2356,4.2259,4.2308,4.2584,4.2514,4.2331,4.2113,4.1929,4.1493,4.1924,4.1817,4.2228,4.2027,4.2001,4.1845,4.1717,4.1675,4.2092,4.2733,4.2826,4.2475,4.2637,4.2438,4.2682,4.2818,4.2655,4.2218,4.2068,4.1727,4.2229,4.2863,4.3093,4.3026,4.2992,4.3613,4.4273,4.374,4.2805,4.2348,4.2134,4.2512,4.2903,4.3464,4.3795,4.3917,4.3989,4.4068,4.3828,4.3275,4.2978,4.3274,4.3703,4.388,4.4086,4.431,4.449,4.4697,4.4583,4.4361,4.4643,4.4629,4.5517,4.5188,4.467,4.495,4.4687,4.5028,4.4662,4.4968,4.5291,4.4673,4.4229,4.4696,4.4755,4.5064,4.5799,4.6218,4.622,4.6593,4.5747,4.57,4.6183,4.6536,4.6931,4.7398,4.7444,4.7589,4.7994,4.8054,4.8545,4.8988,4.9626,4.9577,4.9923,5.0406,5.0899,5.0289,5.059,5.0494,5.1077,5.1797,5.2776,5.3308,5.2768,5.2425,5.237,5.1988,5.133,5.0984,5.0406,4.9627,5.0001,5.0259,5.0522,5.0898,5.1023,5.1033,5.1044,5.0774,5.0437,5.023,5.08,5.1213,5.1377,5.1087,5.1027,5.0092,4.9958,5.1022,5.0492,5.0203,5.0168,na,na,na,na,na,na,na,na,na,na,na,na,na,na,na,na,na,na,na,na,na,na,na,na,na,na,na,na,na,na,na,na,na,na,na,na,na,na,na,na,na,na,na,na,na,na,na,na,na,na,na,na,na,na,na,na,na,na,na,na,na,na,na,na,na,na,na,na,na,na,na,na,na,na,na,na,na,na,na,na,na,na,na,na,na,na,na,na,na,na,na,na,na,na,na,na,na,na,na,na,na,na,na,na,na,na,na,na,na,na,na,na,na,na,na,na,na,na,na,na,na,na,na,na,na,na,na,na,na,na,na,na,na,na,na,na,na,na,na,na,na,na,na,na,na,na,na,na,na,na,na,na,na,na,na,na,na,na,na,na,na,na,na,na,na,na,na,na,na,na,na,na,na,na,na,na,na,na,na,na
Euro,1.4892,1.4925,1.4796,1.4986,1.5027,1.5119,1.506,1.5084,1.5073,1.4954,1.4973,1.478,1.46,1.4853,1.4423,1.4023,1.4095,1.4141,1.421,1.4278,1.4395,1.4499,1.4603,1.456,1.4602,1.4551,1.4576,1.451,1.4571,1.4536,1.4575,1.4459,1.4561,1.4735,1.4757,1.4584,1.4566,1.4593,1.4358,1.4262,1.4277,1.4305,1.4135,1.4013,1.4,1.4016,1.4224,1.4635,1.4626,1.4782,1.4977,1.5276,1.5296,1.5409,1.5479,1.5676,1.5869,1.5953,1.6014,1.6068,1.6145,1.5963,1.5988,1.6062,1.6141,1.6212,1.5939,1.6,1.6107,1.62,1.5889,1.5693,1.5456,1.5484,1.5691,1.5157,1.5006,1.5082,1.5053,1.5147,1.5197,1.54,1.5274,1.539,1.5336,1.5239,1.5311,1.5358,1.5497,1.5593,1.5634,1.5852,1.5992,1.5807,1.593,1.5743,1.584,1.6156,1.6227,1.6301,1.6112,1.5938,1.5912,1.5998,1.608,1.608,1.5793,1.5544,1.5419,1.4984,1.5021,1.507,1.5182,1.5143,1.5242,1.5264,1.5237,1.5108,1.4947,1.5223,1.5495,1.5317,1.5274,1.5602,1.5577,1.5323,1.5185,1.5746,1.5906,1.5623,1.4981,1.5108,1.4896,1.4564,1.4922,1.5385,1.5564,1.6215,1.6169,1.6167,1.6309,1.6633,1.685,1.7016,1.7196,1.7335,1.7519,1.7297,1.7343,1.7244,1.6836,1.6971,1.6865,1.6965,1.6593,1.6637,1.6198,1.6111,1.6171,1.6542,1.6323,1.6013,1.5714,1.5875,1.5839,1.5477,1.5525,1.6042,1.6155,1.6478,1.6636,1.6582,1.6514,1.7069,1.7486,1.75,1.7221,1.7325,1.7404,1.777,1.7744,1.8021,1.7761,1.7443,1.7191,1.7274,1.7736,1.812,1.7458,1.7483,1.7581,1.7085,1.7539,1.8559,1.9015,1.9348,1.9946,2.0399,2.0725,2.0719,2.0716,2.0568,2.041,2.0368,1.9936,1.9853,1.9973,1.9415,1.982,1.9972,1.9166,1.9678,2.0564,2.1029,2.1431,2.1277,2.1255,2.1504,2.1502,2.0825,2.1054,2.1121,2.1255,2.0864,2.1004,2.0741,2.0796,2.062,2.0574,2.0465,2.0193,2.0047,1.9981,2.0351,2.0046,1.993,2.0121,2.0183,2.0094,2.0144,2.0133,1.9641,1.95,1.9477,1.9807,1.9864,2.0001,2.0334,2.0605,2.0428,2.0287,2.034,2.0974,2.1389,2.1524,2.1361,2.1518,2.1999,2.1428,2.095,2.0722,2.0882,2.1013,2.0777,2.053,2.02,2.0858,2.133,2.1405,2.1002,2.0221,2.0276,1.9602,1.9559,1.9966,2.0253,2.0076,1.9291,1.8935,1.8814,1.8435,1.7866,1.7677,1.7527,1.732,1.7178,1.7401,1.7017,1.6501,1.6192,1.6032,1.5923,1.627,1.639,1.625,1.6403,1.5938,1.588,1.5683,1.5501,1.5872,1.6182,1.6112,1.607,1.6321,1.5543,1.4937,1.5004,1.5142,1.5592,1.6369,1.6394,1.5683,1.6209,1.6556,1.673,1.6995,1.695,1.7287,1.7971,1.7805,1.7813,1.7559,1.7778,1.8207,1.835,1.8843,1.9071,1.9482,na,na,na,na,na,na,na,na,na,na,na,na,na,na,na,na,na,na,na,na,na,na,na,na,na,na,na,na,na,na,na,na,na,na,na,na,na,na,na,na,na,na,na,na,na,na,na,na,na,na,na,na,na,na,na,na,na,na,na,na,na,na,na,na,na,na,na,na,na,na,na,na,na,na,na,na,na,na,na,na,na,na,na,na,na,na,na,na,na,na,na,na,na,na,na,na,na,na,na,na,na,na,na,na,na,na,na,na,na,na,na,na,na,na,na,na,na,na,na,na,na,na,na,na,na,na,na,na,na,na,na,na
Indonesian Rupiah,0.0073,0.0074,0.0076,0.0075,0.0076,0.0077,0.0078,0.0078,0.0078,0.0079,0.0079,0.0079,0.0079,0.0079,0.0081,0.0082,0.0084,0.0084,0.0084,0.0084,0.0085,0.0084,0.0083,0.0083,0.0084,0.0085,0.0085,0.0086,0.0085,0.0086,0.0086,0.0087,0.0089,0.0089,0.0089,0.009,0.009,0.009,0.0088,0.0088,0.0087,0.0087,0.0089,0.0092,0.0094,0.0093,0.0093,0.0094,0.0095,0.0095,0.0095,0.0094,0.0094,0.0095,0.0095,0.0095,0.0095,0.0094,0.0093,0.0093,0.0093,0.0092,0.0093,0.0095,0.0094,0.0094,0.0095,0.0092,0.0092,0.0093,0.0095,0.0099,0.0095,0.009,0.0093,0.0101,0.0098,0.0097,0.0097,0.0097,0.0098,0.0097,0.0097,0.0096,0.0095,0.0096,0.0095,0.0096,0.0096,0.0095,0.0094,0.0091,0.0092,0.0094,0.0095,0.0096,0.0095,0.0095,0.0096,0.0097,0.0099,0.0099,0.01,0.0101,0.0101,0.0102,0.0103,0.0104,0.0105,0.0105,0.0105,0.0106,0.0107,0.0107,0.0106,0.0106,0.0104,0.0102,0.0103,0.0102,0.0102,0.0103,0.0104,0.0104,0.0103,0.0102,0.0103,0.0102,0.0098,0.0101,0.0102,0.0101,0.0102,0.0104,0.0105,0.0106,0.0106,0.0106,0.0107,0.0105,0.0106,0.0107,0.0107,0.0105,0.0109,0.011,0.0111,0.0106,0.0105,0.0104,0.0107,0.011,0.0111,0.0121,0.0126,0.0128,0.0128,0.0127,0.0128,0.0128,0.0127,0.0127,0.0127,0.0128,0.0129,0.0131,0.0133,0.0135,0.0136,0.0136,0.0137,0.0139,0.014,0.0142,0.0143,0.0144,0.0143,0.0142,0.0143,0.0144,0.0145,0.0144,0.0145,0.0143,0.0143,0.0145,0.0145,0.0146,0.0149,0.0151,0.0152,0.0153,0.0152,0.0153,0.0153,0.0151,0.0151,0.0148,0.0147,0.0147,0.0144,0.0145,0.0143,0.0142,0.0141,0.0136,0.0129,0.0128,0.0134,0.0131,0.0129,0.0148,0.0153,0.0153,0.0148,0.0147,0.0147,0.0148,0.0151,0.0154,0.0152,0.0155,0.0156,0.0161,0.0163,0.0162,0.0167,0.0171,0.0172,0.0167,0.0166,0.0169,0.0169,0.017,0.017,0.0172,0.0173,0.0173,0.0173,0.017,0.0174,0.0179,0.0177,0.0176,0.0172,0.017,0.0169,0.0168,0.0164,0.0166,0.0172,0.0174,0.0174,0.0173,0.0174,0.0177,0.0178,0.0178,0.0183,0.0184,0.0185,0.0185,0.0189,0.0182,0.019,0.0195,0.0198,0.02,0.0203,0.0201,0.0203,0.0205,0.0206,0.0206,0.0211,0.0211,0.0206,0.0202,0.0196,0.0196,0.0195,na,na,na,na,na,na,na,na,na,na,na,na,na,na,na,na,na,na,na,na,na,na,na,na,na,na,na,na,na,na,na,na,na,na,na,na,na,na,na,na,na,na,na,na,na,na,na,na,na,na,na,na,na,na,na,na,na,na,na,na,na,na,na,na,na,na,na,na,na,na,na,na,na,na,na,na,na,na,na,na,na,na,na,na,na,na,na,na,na,na,na,na,na,na,na,na,na,na,na,na,na,na,na,na,na,na,na,na,na,na,na,na,na,na,na,na,na,na,na,na,na,na,na,na,na,na,na,na,na,na,na,na,na,na,na,na,na,na,na,na,na,na,na,na,na,na,na,na,na,na,na,na,na,na,na,na,na,na,na,na,na,na,na,na,na,na,na,na,na,na,na,na,na,na,na,na,na,na,na,na
Thai Baht,3.9218,3.9513,3.9664,4.0545,4.0939,4.0882,4.0219,3.9781,4.0149,3.9613,3.9481,3.9345,3.9277,3.9223,3.9509,3.9853,3.9703,3.9522,3.8805,3.9243,3.8872,3.7863,3.7132,3.6822,3.6878,3.6896,3.7296,3.748,3.7958,3.805,3.8051,3.7484,3.8008,3.8554,3.8539,3.8573,3.9155,3.8865,3.8869,3.9143,3.9855,3.8861,3.8106,3.7551,3.8153,3.8592,3.8358,3.9602,4.0143,4.043,4.0885,4.1301,4.0623,4.0613,4.1022,4.037,4.0773,4.0936,4.1506,4.2428,4.252,4.2546,4.3599,4.4243,4.418,4.4289,4.4219,4.3471,4.3548,4.3878,4.4187,4.472,4.4227,4.3637,4.4131,4.4349,4.4405,4.4913,4.5018,4.5141,4.5147,4.5002,4.4176,4.3774,4.3101,4.2557,4.2675,4.324,4.262,4.1898,4.1721,4.2084,4.2043,4.1421,4.0958,4.15,4.1877,4.2012,4.2045,4.1919,4.1445,4.1239,4.1183,4.0923,4.0715,4.0906,4.0648,4.0693,4.0476,4.0575,4.0271,4.0407,4.0294,4.0121,3.9918,3.9467,3.9143,3.8818,3.8538,3.8384,3.8691,3.8478,3.9021,3.947,3.9639,3.9116,3.9485,3.9264,3.929,3.9472,3.9647,3.9884,3.9805,4.1521,4.2211,4.1578,4.0829,3.9978,3.9507,3.9252,3.9226,3.9001,3.8686,3.8489,3.849,3.8833,3.9123,3.88,3.8634,3.8894,3.943,3.9872,3.9842,4.0264,4.074,4.087,4.1917,4.2582,4.2221,4.1506,4.0863,3.9853,3.9832,3.9894,3.973,3.9707,3.9857,4.038,4.0299,4.0517,4.0992,4.0792,4.0536,4.1553,4.1645,4.1386,4.1102,4.047,4.0436,4.0464,4.0936,4.1482,4.1779,4.1617,4.2149,4.3401,4.3441,4.3536,4.3326,4.2715,4.2618,4.3065,4.3022,4.2786,4.3047,4.2608,4.2264,4.2021,4.1732,4.1852,4.2095,4.2387,4.2586,4.2541,4.221,4.2437,4.2761,4.2981,4.2613,4.2139,4.2935,4.287,4.166,4.1439,4.056,4.1193,4.2572,4.3184,4.4024,4.3321,4.3133,4.2974,4.271,4.2919,4.4147,4.4542,4.4981,4.4428,4.3964,4.3427,4.3486,4.2911,4.2742,4.307,4.2599,4.228,4.2172,4.1875,4.1674,4.1458,4.1509,4.2146,4.1589,4.1327,4.1163,4.075,4.1276,4.1337,4.0944,4.0368,4.0359,4.0847,4.1475,4.1804,4.2261,4.2584,4.2251,4.1864,4.0943,4.0614,4.0895,4.1313,4.1825,4.1969,4.2223,4.2721,4.3088,4.3132,4.3425,4.306,4.3325,4.3653,4.3116,4.2076,4.2015,4.1648,4.1113,4.1405,4.1015,4.0706,4.057,na,na,na,na,na,na,na,na,na,na,na,na,na,na,na,na,na,na,na,na,na,na,na,na,na,na,na,na,na,na,na,na,na,na,na,na,na,na,na,na,na,na,na,na,na,na,na,na,na,na,na,na,na,na,na,na,na,na,na,na,na,na,na,na,na,na,na,na,na,na,na,na,na,na,na,na,na,na,na,na,na,na,na,na,na,na,na,na,na,na,na,na,na,na,na,na,na,na,na,na,na,na,na,na,na,na,na,na,na,na,na,na,na,na,na,na,na,na,na,na,na,na,na,na,na,na,na,na,na,na,na,na,na,na,na,na,na,na,na,na,na,na,na,na,na,na,na,na,na,na,na,na,na,na,na,na,na,na,na,na,na,na,na,na,na,na,na,na,na,na,na,na,na,na,na,na,na,na,na,na
Renminbi,0.1876,0.1867,0.1855,0.1834,0.1837,0.1833,0.1833,0.1819,0.1803,0.1792,0.1786,0.1788,0.1793,0.1814,0.1843,0.1852,0.1865,0.1854,0.1854,0.1847,0.1832,0.184,0.1854,0.1863,0.1868,0.1875,0.1861,0.1869,0.1862,0.1865,0.1866,0.1874,0.1869,0.1862,0.1857,0.1879,0.1916,0.1934,0.1944,0.1947,0.1953,0.1937,0.1932,0.1981,0.2013,0.2035,0.2071,0.2067,0.2061,0.2125,0.2142,0.2123,0.2125,0.2141,0.2124,0.2104,0.2087,0.2092,0.2092,0.2075,0.2068,0.2046,0.2063,0.2055,0.2049,0.2037,0.204,0.2021,0.2005,0.1977,0.198,0.1967,0.1996,0.2013,0.2019,0.1985,0.1952,0.1935,0.1939,0.1932,0.1939,0.1961,0.1978,0.1975,0.1999,0.2019,0.2018,0.2009,0.1998,0.199,0.1981,0.1993,0.2001,0.1998,0.203,0.2084,0.2101,0.2088,0.208,0.2089,0.2056,0.2042,0.2048,0.2053,0.2055,0.2039,0.2025,0.2033,0.2025,0.2029,0.2038,0.2059,0.2072,0.2074,0.2061,0.2056,0.2037,0.2026,0.2023,0.2056,0.2099,0.2085,0.2113,0.2148,0.2181,0.2183,0.2217,0.2207,0.2222,0.2202,0.2192,0.2168,0.2151,0.2177,0.2207,0.2166,0.215,0.2125,0.2115,0.208,0.2057,0.2028,0.2005,0.2008,0.2007,0.2018,0.2053,0.2083,0.2103,0.2072,0.2047,0.2039,0.2065,0.2081,0.2067,0.2055,0.2033,0.2001,0.2005,0.1986,0.1975,0.1959,0.1963,0.1955,0.1948,0.1963,0.198,0.2009,0.1996,0.1985,0.1993,0.199,0.2028,0.204,0.2029,0.2008,0.1957,0.1887,0.1885,0.1907,0.1905,0.1911,0.1932,0.1942,0.1952,0.1966,0.1951,0.1956,0.1981,0.1998,0.2033,0.205,0.204,0.2024,0.2051,0.2068,0.2045,0.2045,0.2035,0.2048,0.2086,0.2111,0.2122,0.2125,0.2142,0.2203,0.2239,0.222,0.2177,0.2156,0.2206,0.216,0.209,0.2047,0.1987,0.1982,0.196,0.1949,0.1958,0.1969,0.1977,0.1966,0.195,0.1955,0.2011,0.2011,0.2001,0.2013,0.1983,0.1961,0.197,0.1979,0.1974,0.1969,0.1979,0.1998,0.199,0.1977,0.1982,0.1985,0.1969,0.1998,0.2019,0.2024,0.2025,0.2075,0.2103,0.2094,0.2081,0.2052,0.2046,0.202,0.1995,0.1998,0.197,0.1979,0.1979,0.1983,0.1995,0.2027,0.2049,0.2071,0.2069,0.2069,0.2066,0.2035,0.2054,0.2037,0.2052,0.2067,0.2089,0.2094,0.211,0.2118,0.2121,0.2095,0.2095,0.2146,0.2118,0.2109,0.2097,0.2118,0.2132,0.2158,0.2133,0.212,0.2117,0.2154,0.2174,0.221,0.2209,0.2213,0.2222,0.222,0.221,0.2186,0.2112,0.2129,0.2203,0.2194,0.2191,0.2189,0.2139,0.2106,0.2098,0.2098,0.211,0.2115,0.2099,0.2077,0.2102,0.2087,0.2088,0.2065,0.2072,0.2054,0.2021,0.2023,0.2018,0.2025,0.2049,0.2029,0.2049,0.2068,0.2068,0.207,0.2089,0.2054,0.2027,0.1997,0.198,0.1982,0.2085,0.2118,0.2063,0.2047,0.1979,0.1934,0.1953,0.2003,0.2118,0.199,0.1911,0.188,0.1831,0.1805,0.1749,0.1721,0.1732,0.1737,0.1731,0.1711,0.1695,0.1688,0.169,0.1702,0.1696,0.17,0.1702,0.1693,0.169,0.169,0.1692,0.1699,0.1709,0.1701,0.17,0.1712,0.1724,0.1698,0.1685,0.168,0.1675,0.166,0.1685,0.1723,0.1721,0.1727,0.1724,0.1731,0.1744,0.1752,0.1753,0.1768,0.1785,0.1797,0.1819,0.1826,0.1843,0.1836,0.1834,0.1806,0.1827,0.1827,0.1837,0.1527,na,na,na,na,na,na,na,na,na,na,na,na,na,na,na,na,na,na,na,na,na,na,na,na,na,na,na,na,na,na,na,na,na,na,na,na,na,na,na,na,na,na,na,na,na,na,na,na,na,na,na,na,na,na,na,na,na,na,na,na,na,na,na,na,na
Indian Rupee,1.3343,1.3656,1.3792,1.3967,1.4107,1.435,1.4673,1.4653,1.4554,1.469,1.4875,1.495,1.5194,1.5476,1.5418,1.5474,1.5799,1.5892,1.5845,1.5581,1.547,1.5687,1.6114,1.6196,1.6206,1.6269,1.6147,1.6207,1.6066,1.6002,1.6192,1.6454,1.6418,1.6311,1.6252,1.6371,1.6278,1.6244,1.6299,1.6115,1.6195,1.6403,1.6965,1.7319,1.7623,1.7404,1.7528,1.773,1.7863,1.7928,1.7838,1.7948,1.8144,1.8084,1.8225,1.8033,1.8315,1.8269,1.8175,1.8129,1.8154,1.7905,1.843,1.8243,1.8132,1.8091,1.8155,1.8495,1.8576,1.8349,1.8521,1.8412,1.8746,1.8701,1.9032,1.9438,1.8947,1.9071,1.9051,1.9304,1.9333,1.9472,1.9777,1.9626,1.9643,1.9527,1.9473,1.9014,1.9177,1.9362,1.9159,1.8739,1.8999,1.9673,1.9848,1.9879,1.983,2.0034,2.0217,2.0494,2.0776,2.0945,2.0909,2.0903,2.0944,2.126,2.1281,2.1471,2.1651,2.1658,2.1333,2.1104,2.0986,2.115,2.0855,2.073,2.0368,2.0131,2.0103,2.0145,2.0477,2.0316,2.0512,2.0597,2.1296,2.1156,2.1367,2.154,2.1354,2.1474,2.1376,2.1074,2.0928,2.1536,2.2046,2.1838,2.152,2.0968,2.1008,2.0761,2.0746,2.0516,2.0701,2.0956,2.1116,2.0806,2.0778,2.0355,2.0506,2.0335,1.9934,2.017,1.9794,2.0224,2.1227,2.1615,2.2712,2.2782,2.2914,2.3018,2.2649,2.2349,2.2323,2.3106,2.2588,2.2472,2.2758,2.2836,2.3208,2.4216,2.5,2.548,2.4962,2.465,2.5432,2.5974,2.6257,2.6701,2.7402,2.7524,2.7545,2.8134,2.8201,2.8127,2.8379,2.8935,2.8853,2.9371,2.9041,2.9119,2.9414,3.0046,3.0432,3.106,3.0774,3.049,3.0394,2.9946,2.9835,2.9944,2.9429,2.9816,2.9931,3.0409,3.0105,3.0053,2.9906,3.0834,3.0482,3.0371,3.0765,3.04,3.1425,3.2656,3.1712,3.1937,3.2452,3.4105,3.4344,3.5507,3.6359,3.6741,3.6694,3.7098,3.7477,3.7297,3.7496,3.7678,3.73,3.5893,3.4666,3.4742,3.4704,3.4514,3.4713,3.4722,3.4234,3.3863,3.4084,3.4523,3.4734,3.5658,3.6461,3.6768,3.6795,na,na,na,na,na,na,na,na,na,na,na,na,na,na,na,na,na,na,na,na,na,na,na,na,na,na,na,na,na,na,na,na,na,na,na,na,na,na,na,na,na,na,na,na,na,na,na,na,na,na,na,na,na,na,na,na,na,na,na,na,na,na,na,na,na,na,na,na,na,na,na,na,na,na,na,na,na,na,na,na,na,na,na,na,na,na,na,na,na,na,na,na,na,na,na,na,na,na,na,na,na,na,na,na,na,na,na,na,na,na,na,na,na,na,na,na,na,na,na,na,na,na,na,na,na,na,na,na,na,na,na,na,na,na,na,na,na,na,na,na,na,na,na,na,na,na,na,na,na,na,na,na,na,na,na,na,na,na,na,na,na,na,na,na,na,na,na,na,na,na,na,na,na,na,na,na,na,na,na,na,na,na,na,na,na,na,na,na,na,na,na,na,na,na,na,na,na,na,na,na,na,na,na,na,na,na,na,na,na,na,na,na,na,na,na,na
Philippine Peso,2.076,2.1166,2.1472,2.1763,2.1641,2.1946,2.212,2.2193,2.2415,2.2491,2.2537,2.2803,2.3273,2.3314,2.3282,2.3189,2.3324,2.3132,2.2767,2.2812,2.3132,2.3086,2.3028,2.3023,2.338,2.3812,2.3983,2.399,2.3837,2.3981,2.4156,2.4101,2.4012,2.4005,2.4319,2.4098,2.4019,2.4079,2.4482,2.4277,2.4124,2.4305,2.4107,2.4239,2.4531,2.4796,2.4952,2.5785,2.6372,2.6264,2.6088,2.6252,2.6345,2.7093,2.6963,2.6628,2.6846,2.7001,2.7073,2.7671,2.7758,2.7539,2.7634,2.7511,2.7584,2.7724,2.7931,2.8043,2.8153,2.8087,2.8088,2.7848,2.8041,2.8096,2.7816,2.738,2.6581,2.6736,2.6847,2.6638,2.6498,2.655,2.6614,2.6327,2.6233,2.605,2.5802,2.5962,2.5859,2.5966,2.6076,2.5545,2.5411,2.5685,2.5517,2.5382,2.5634,2.5253,2.5243,2.5466,2.6162,2.6742,2.6601,2.6476,2.6475,2.6711,2.7088,2.7738,2.797,2.8055,2.7959,2.831,2.8735,2.8824,2.8647,2.8604,2.8601,2.889,2.8708,2.9164,2.9285,2.9159,2.9478,2.9523,3.0148,2.9835,3.0026,3.0237,3.0264,3.0227,3.0046,2.9874,2.9916,3.039,3.0959,3.0626,2.9992,2.9437,2.8817,2.8434,2.8597,2.8517,2.8592,2.8569,2.8512,2.8132,2.8284,2.8227,2.8296,2.85,2.8636,2.8826,2.8857,2.9002,2.9235,2.9334,3.0203,3.0082,3.0602,3.0442,3.0179,2.9748,2.9765,2.9549,2.9512,2.9654,3.0114,2.9927,2.9404,2.932,2.9349,2.9393,2.9374,2.966,2.9773,2.9483,2.9022,2.849,2.8467,2.846,2.8669,2.8885,2.9157,2.9257,2.9138,2.9748,2.9776,3.0066,3.0189,3.0021,2.9768,3.0185,3.0556,3.0967,3.0636,3.0496,3.0327,3.0108,2.9543,2.9843,2.9617,2.9888,3.0115,3.0303,3.0782,3.1221,3.1587,3.1854,3.1524,3.0827,3.0629,3.0724,3.0554,3.1168,3.0255,3.0869,3.1786,3.2617,3.3526,3.4703,3.5,3.4829,3.3543,3.3132,3.2855,3.2946,3.3263,3.3295,3.2543,3.1692,3.1444,3.1699,3.1442,3.1165,3.124,3.1582,3.1356,3.07,3.0269,2.9911,3.0218,3.1161,3.1666,3.145,3.1038,3.1286,3.1166,3.0395,2.9938,2.9706,3.0068,3.0257,3.0394,3.0335,2.9971,2.991,2.9399,2.9218,2.9322,2.9777,3.0167,3.0696,3.0602,3.0565,3.0629,3.0113,3.0193,3.0051,3.0585,3.0849,3.1219,3.1539,3.1734,3.1875,3.2646,3.247,3.3,3.3689,3.2135,3.2235,3.238,na,na,na,na,na,na,na,na,na,na,na,na,na,na,na,na,na,na,na,na,na,na,na,na,na,na,na,na,na,na,na,na,na,na,na,na,na,na,na,na,na,na,na,na,na,na,na,na,na,na,na,na,na,na,na,na,na,na,na,na,na,na,na,na,na,na,na,na,na,na,na,na,na,na,na,na,na,na,na,na,na,na,na,na,na,na,na,na,na,na,na,na,na,na,na,na,na,na,na,na,na,na,na,na,na,na,na,na,na,na,na,na,na,na,na,na,na,na,na,na,na,na,na,na,na,na,na,na,na,na,na,na,na,na,na,na,na,na,na,na,na,na,na,na,na,na,na,na,na,na,na,na,na,na,na,na,na,na,na,na,na,na,na,na,na,na,na,na,na,na,na,na,na,na,na,na,na,na,na,na
