FREQ,REF_AREA,UNIT_MEASURE,UNIT_MULT,TIME_FORMAT,BREAKS,COVERAGE,DECIMALS,TITLE_TS,TIME_PERIOD,OBS_VALUE,OBS_CONF,OBS_PRE_BREAK,OBS_STATUS
M,JP,628,0,,,,,,1946-08,2.838636,F,,A
M,JP,628,0,,,,,,1946-09,2.574349,F,,A
M,JP,628,0,,,,,,1946-10,2.417735,F,,A
M,JP,628,0,,,,,,1946-11,2.378581,F,,A
M,JP,628,0,,,,,,1946-12,2.730964,F,,A
M,JP,628,0,,,,,,1947-01,3.083346,F,,A
M,JP,628,0,,,,,,1947-02,3.42594,F,,A
M,JP,628,0,,,,,,1947-03,3.788111,F,,A
M,JP,628,0,,,,,,1947-04,3.964302,F,,A
M,JP,628,0,,,,,,1947-05,4.669067,F,,A
M,JP,628,0,,,,,,1947-06,5.432562,F,,A
M,JP,628,0,,,,,,1947-07,6.460344,F,,A
M,JP,628,0,,,,,,1947-08,6.842092,F,,A
M,JP,628,0,,,,,,1947-09,7.272781,F,,A
M,JP,628,0,,,,,,1947-10,6.988918,F,,A
M,JP,628,0,,,,,,1947-11,6.988918,F,,A
M,JP,628,0,,,,,,1947-12,7.654529,F,,A
M,JP,628,0,,,,,,1948-01,7.664317,F,,A
M,JP,628,0,,,,,,1948-02,8.251621,F,,A
M,JP,628,0,,,,,,1948-03,8.819348,F,,A
M,JP,628,0,,,,,,1948-04,9.015116,F,,A
M,JP,628,0,,,,,,1948-05,9.367499,F,,A
M,JP,628,0,,,,,,1948-06,9.553479,F,,A
M,JP,628,0,,,,,,1948-07,10.473588,F,,A
M,JP,628,0,,,,,,1948-08,11.648196,F,,A
M,JP,628,0,,,,,,1948-09,11.648196,F,,A
M,JP,628,0,,,,,,1948-10,11.25666,F,,A
M,JP,628,0,,,,,,1948-11,11.74608,F,,A
M,JP,628,0,,,,,,1948-12,12.333384,F,,A
M,JP,628,0,,,,,,1949-01,12.920688,F,,A
M,JP,628,0,,,,,,1949-02,13.21434,F,,A
M,JP,628,0,,,,,,1949-03,13.605876,F,,A
M,JP,628,0,,,,,,1949-04,13.70376,F,,A
M,JP,628,0,,,,,,1949-05,13.899528,F,,A
M,JP,628,0,,,,,,1949-06,13.410108,F,,A
M,JP,628,0,,,,,,1949-07,13.70376,F,,A
M,JP,628,0,,,,,,1949-08,13.70376,F,,A
M,JP,628,0,,,,,,1949-09,13.605876,F,,A
M,JP,628,0,,,,,,1949-10,13.21434,F,,A
M,JP,628,0,,,,,,1949-11,12.72492,F,,A
M,JP,628,0,,,,,,1949-12,13.018572,F,,A
M,JP,628,0,,,,,,1950-01,13.21434,F,,A
M,JP,628,0,,,,,,1950-02,12.627036,F,,A
M,JP,628,0,,,,,,1950-03,12.333384,F,,A
M,JP,628,0,,,,,,1950-04,12.137616,F,,A
M,JP,628,0,,,,,,1950-05,12.333384,F,,A
M,JP,628,0,,,,,,1950-06,12.039732,F,,A
M,JP,628,0,,,,,,1950-07,12.333384,F,,A
M,JP,628,0,,,,,,1950-08,12.627036,F,,A
M,JP,628,0,,,,,,1950-09,12.627036,F,,A
M,JP,628,0,,,,,,1950-10,12.333384,F,,A
M,JP,628,0,,,,,,1950-11,12.333384,F,,A
M,JP,628,0,,,,,,1950-12,12.920688,F,,A
M,JP,628,0,,,,,,1951-01,13.605876,F,,A
M,JP,628,0,,,,,,1951-02,14.19318,F,,A
M,JP,628,0,,,,,,1951-03,14.486832,F,,A
M,JP,628,0,,,,,,1951-04,14.584716,F,,A
M,JP,628,0,,,,,,1951-05,14.486832,F,,A
M,JP,628,0,,,,,,1951-06,14.388948,F,,A
M,JP,628,0,,,,,,1951-07,14.388948,F,,A
M,JP,628,0,,,,,,1951-08,15.074136,F,,A
M,JP,628,0,,,,,,1951-09,15.17202,F,,A
M,JP,628,0,,,,,,1951-10,15.367788,F,,A
M,JP,628,0,,,,,,1951-11,15.367788,F,,A
M,JP,628,0,,,,,,1951-12,15.367788,F,,A
M,JP,628,0,,,,,,1952-01,15.465672,F,,A
M,JP,628,0,,,,,,1952-02,15.367788,F,,A
M,JP,628,0,,,,,,1952-03,15.367788,F,,A
M,JP,628,0,,,,,,1952-04,15.465672,F,,A
M,JP,628,0,,,,,,1952-05,15.269904,F,,A
M,JP,628,0,,,,,,1952-06,15.367788,F,,A
M,JP,628,0,,,,,,1952-07,15.563556,F,,A
M,JP,628,0,,,,,,1952-08,15.563556,F,,A
M,JP,628,0,,,,,,1952-09,15.563556,F,,A
M,JP,628,0,,,,,,1952-10,15.563556,F,,A
M,JP,628,0,,,,,,1952-11,15.465672,F,,A
M,JP,628,0,,,,,,1952-12,15.367788,F,,A
M,JP,628,0,,,,,,1953-01,15.759324,F,,A
M,JP,628,0,,,,,,1953-02,15.955092,F,,A
M,JP,628,0,,,,,,1953-03,15.955092,F,,A
M,JP,628,0,,,,,,1953-04,16.052976,F,,A
M,JP,628,0,,,,,,1953-05,15.955092,F,,A
M,JP,628,0,,,,,,1953-06,16.15086,F,,A
M,JP,628,0,,,,,,1953-07,16.542396,F,,A
M,JP,628,0,,,,,,1953-08,16.738164,F,,A
M,JP,628,0,,,,,,1953-09,16.738164,F,,A
M,JP,628,0,,,,,,1953-10,17.227584,F,,A
M,JP,628,0,,,,,,1953-11,17.031816,F,,A
M,JP,628,0,,,,,,1953-12,17.031816,F,,A
M,JP,628,0,,,,,,1954-01,17.325468,F,,A
M,JP,628,0,,,,,,1954-02,17.521236,F,,A
M,JP,628,0,,,,,,1954-03,17.521236,F,,A
M,JP,628,0,,,,,,1954-04,17.61912,F,,A
M,JP,628,0,,,,,,1954-05,17.423352,F,,A
M,JP,628,0,,,,,,1954-06,17.61912,F,,A
M,JP,628,0,,,,,,1954-07,17.717004,F,,A
M,JP,628,0,,,,,,1954-08,17.717004,F,,A
M,JP,628,0,,,,,,1954-09,17.61912,F,,A
M,JP,628,0,,,,,,1954-10,17.814888,F,,A
M,JP,628,0,,,,,,1954-11,17.423352,F,,A
M,JP,628,0,,,,,,1954-12,17.325468,F,,A
M,JP,628,0,,,,,,1955-01,17.521236,F,,A
M,JP,628,0,,,,,,1955-02,17.521236,F,,A
M,JP,628,0,,,,,,1955-03,17.325468,F,,A
M,JP,628,0,,,,,,1955-04,17.521236,F,,A
M,JP,628,0,,,,,,1955-05,17.325468,F,,A
M,JP,628,0,,,,,,1955-06,17.325468,F,,A
M,JP,628,0,,,,,,1955-07,17.227584,F,,A
M,JP,628,0,,,,,,1955-08,17.325468,F,,A
M,JP,628,0,,,,,,1955-09,17.521236,F,,A
M,JP,628,0,,,,,,1955-10,17.521236,F,,A
M,JP,628,0,,,,,,1955-11,17.1297,F,,A
M,JP,628,0,,,,,,1955-12,17.031816,F,,A
M,JP,628,0,,,,,,1956-01,17.1297,F,,A
M,JP,628,0,,,,,,1956-02,17.325468,F,,A
M,JP,628,0,,,,,,1956-03,17.325468,F,,A
M,JP,628,0,,,,,,1956-04,17.423352,F,,A
M,JP,628,0,,,,,,1956-05,17.325468,F,,A
M,JP,628,0,,,,,,1956-06,17.61912,F,,A
M,JP,628,0,,,,,,1956-07,17.325468,F,,A
M,JP,628,0,,,,,,1956-08,17.423352,F,,A
M,JP,628,0,,,,,,1956-09,17.521236,F,,A
M,JP,628,0,,,,,,1956-10,17.61912,F,,A
M,JP,628,0,,,,,,1956-11,17.325468,F,,A
M,JP,628,0,,,,,,1956-12,17.521236,F,,A
M,JP,628,0,,,,,,1957-01,17.717004,F,,A
M,JP,628,0,,,,,,1957-02,17.717004,F,,A
M,JP,628,0,,,,,,1957-03,17.717004,F,,A
M,JP,628,0,,,,,,1957-04,17.814888,F,,A
M,JP,628,0,,,,,,1957-05,18.010656,F,,A
M,JP,628,0,,,,,,1957-06,17.912772,F,,A
M,JP,628,0,,,,,,1957-07,18.10854,F,,A
M,JP,628,0,,,,,,1957-08,18.206424,F,,A
M,JP,628,0,,,,,,1957-09,18.10854,F,,A
M,JP,628,0,,,,,,1957-10,18.10854,F,,A
M,JP,628,0,,,,,,1957-11,17.814888,F,,A
M,JP,628,0,,,,,,1957-12,17.814888,F,,A
M,JP,628,0,,,,,,1958-01,17.814888,F,,A
M,JP,628,0,,,,,,1958-02,17.717004,F,,A
M,JP,628,0,,,,,,1958-03,17.61912,F,,A
M,JP,628,0,,,,,,1958-04,17.717004,F,,A
M,JP,628,0,,,,,,1958-05,17.717004,F,,A
M,JP,628,0,,,,,,1958-06,17.912772,F,,A
M,JP,628,0,,,,,,1958-07,17.814888,F,,A
M,JP,628,0,,,,,,1958-08,18.010656,F,,A
M,JP,628,0,,,,,,1958-09,17.912772,F,,A
M,JP,628,0,,,,,,1958-10,18.10854,F,,A
M,JP,628,0,,,,,,1958-11,17.912772,F,,A
M,JP,628,0,,,,,,1958-12,17.814888,F,,A
M,JP,628,0,,,,,,1959-01,17.912772,F,,A
M,JP,628,0,,,,,,1959-02,17.814888,F,,A
M,JP,628,0,,,,,,1959-03,17.814888,F,,A
M,JP,628,0,,,,,,1959-04,18.010656,F,,A
M,JP,628,0,,,,,,1959-05,17.814888,F,,A
M,JP,628,0,,,,,,1959-06,18.010656,F,,A
M,JP,628,0,,,,,,1959-07,18.010656,F,,A
M,JP,628,0,,,,,,1959-08,18.206424,F,,A
M,JP,628,0,,,,,,1959-09,18.10854,F,,A
M,JP,628,0,,,,,,1959-10,18.304308,F,,A
M,JP,628,0,,,,,,1959-11,18.206424,F,,A
M,JP,628,0,,,,,,1959-12,18.206424,F,,A
M,JP,628,0,,,,,,1960-01,18.500076,F,,A
M,JP,628,0,,,,,,1960-02,18.500076,F,,A
M,JP,628,0,,,,,,1960-03,18.500076,F,,A
M,JP,628,0,,,,,,1960-04,18.59796,F,,A
M,JP,628,0,,,,,,1960-05,18.695844,F,,A
M,JP,628,0,,,,,,1960-06,18.695844,F,,A
M,JP,628,0,,,,,,1960-07,18.695844,F,,A
M,JP,628,0,,,,,,1960-08,18.695844,F,,A
M,JP,628,0,,,,,,1960-09,18.891612,F,,A
M,JP,628,0,,,,,,1960-10,18.989496,F,,A
M,JP,628,0,,,,,,1960-11,18.695844,F,,A
M,JP,628,0,,,,,,1960-12,18.891612,F,,A
M,JP,628,0,,,,,,1961-01,19.185264,F,,A
M,JP,628,0,,,,,,1961-02,19.283148,F,,A
M,JP,628,0,,,,,,1961-03,19.283148,F,,A
M,JP,628,0,,,,,,1961-04,19.381032,F,,A
M,JP,628,0,,,,,,1961-05,19.381032,F,,A
M,JP,628,0,,,,,,1961-06,19.381032,F,,A
M,JP,628,0,,,,,,1961-07,19.674684,F,,A
M,JP,628,0,,,,,,1961-08,19.772568,F,,A
M,JP,628,0,,,,,,1961-09,19.870452,F,,A
M,JP,628,0,,,,,,1961-10,20.359872,F,,A
M,JP,628,0,,,,,,1961-11,20.457756,F,,A
M,JP,628,0,,,,,,1961-12,20.55564,F,,A
M,JP,628,0,,,,,,1962-01,20.653524,F,,A
M,JP,628,0,,,,,,1962-02,20.55564,F,,A
M,JP,628,0,,,,,,1962-03,20.653524,F,,A
M,JP,628,0,,,,,,1962-04,20.947176,F,,A
M,JP,628,0,,,,,,1962-05,21.04506,F,,A
M,JP,628,0,,,,,,1962-06,20.947176,F,,A
M,JP,628,0,,,,,,1962-07,21.240828,F,,A
M,JP,628,0,,,,,,1962-08,21.240828,F,,A
M,JP,628,0,,,,,,1962-09,21.142944,F,,A
M,JP,628,0,,,,,,1962-10,21.240828,F,,A
M,JP,628,0,,,,,,1962-11,21.240828,F,,A
M,JP,628,0,,,,,,1962-12,21.632364,F,,A
M,JP,628,0,,,,,,1963-01,22.219668,F,,A
M,JP,628,0,,,,,,1963-02,22.317552,F,,A
M,JP,628,0,,,,,,1963-03,22.415436,F,,A
M,JP,628,0,,,,,,1963-04,22.415436,F,,A
M,JP,628,0,,,,,,1963-05,22.611204,F,,A
M,JP,628,0,,,,,,1963-06,22.806972,F,,A
M,JP,628,0,,,,,,1963-07,22.611204,F,,A
M,JP,628,0,,,,,,1963-08,22.51332,F,,A
M,JP,628,0,,,,,,1963-09,23.00274,F,,A
M,JP,628,0,,,,,,1963-10,23.00274,F,,A
M,JP,628,0,,,,,,1963-11,22.904856,F,,A
M,JP,628,0,,,,,,1963-12,23.00274,F,,A
M,JP,628,0,,,,,,1964-01,23.00274,F,,A
M,JP,628,0,,,,,,1964-02,23.00274,F,,A
M,JP,628,0,,,,,,1964-03,23.00274,F,,A
M,JP,628,0,,,,,,1964-04,23.296392,F,,A
M,JP,628,0,,,,,,1964-05,23.394276,F,,A
M,JP,628,0,,,,,,1964-06,23.296392,F,,A
M,JP,628,0,,,,,,1964-07,23.296392,F,,A
M,JP,628,0,,,,,,1964-08,23.49216,F,,A
M,JP,628,0,,,,,,1964-09,23.785812,F,,A
M,JP,628,0,,,,,,1964-10,24.177348,F,,A
M,JP,628,0,,,,,,1964-11,24.079464,F,,A
M,JP,628,0,,,,,,1964-12,24.079464,F,,A
M,JP,628,0,,,,,,1965-01,24.568884,F,,A
M,JP,628,0,,,,,,1965-02,24.471,F,,A
M,JP,628,0,,,,,,1965-03,24.666768,F,,A
M,JP,628,0,,,,,,1965-04,25.156188,F,,A
M,JP,628,0,,,,,,1965-05,25.058304,F,,A
M,JP,628,0,,,,,,1965-06,24.96042,F,,A
M,JP,628,0,,,,,,1965-07,24.862536,F,,A
M,JP,628,0,,,,,,1965-08,24.96042,F,,A
M,JP,628,0,,,,,,1965-09,25.351956,F,,A
M,JP,628,0,,,,,,1965-10,25.645608,F,,A
M,JP,628,0,,,,,,1965-11,25.44984,F,,A
M,JP,628,0,,,,,,1965-12,25.547724,F,,A
M,JP,628,0,,,,,,1966-01,25.841376,F,,A
M,JP,628,0,,,,,,1966-02,26.037144,F,,A
M,JP,628,0,,,,,,1966-03,26.037144,F,,A
M,JP,628,0,,,,,,1966-04,26.42868,F,,A
M,JP,628,0,,,,,,1966-05,26.232912,F,,A
M,JP,628,0,,,,,,1966-06,26.232912,F,,A
M,JP,628,0,,,,,,1966-07,26.330796,F,,A
M,JP,628,0,,,,,,1966-08,26.135028,F,,A
M,JP,628,0,,,,,,1966-09,26.526564,F,,A
M,JP,628,0,,,,,,1966-10,26.722332,F,,A
M,JP,628,0,,,,,,1966-11,26.42868,F,,A
M,JP,628,0,,,,,,1966-12,26.722332,F,,A
M,JP,628,0,,,,,,1967-01,27.015984,F,,A
M,JP,628,0,,,,,,1967-02,27.113868,F,,A
M,JP,628,0,,,,,,1967-03,27.211752,F,,A
M,JP,628,0,,,,,,1967-04,27.309636,F,,A
M,JP,628,0,,,,,,1967-05,27.015984,F,,A
M,JP,628,0,,,,,,1967-06,26.9181,F,,A
M,JP,628,0,,,,,,1967-07,26.9181,F,,A
M,JP,628,0,,,,,,1967-08,27.113868,F,,A
M,JP,628,0,,,,,,1967-09,27.603288,F,,A
M,JP,628,0,,,,,,1967-10,27.994824,F,,A
M,JP,628,0,,,,,,1967-11,27.89694,F,,A
M,JP,628,0,,,,,,1967-12,28.190592,F,,A
M,JP,628,0,,,,,,1968-01,28.484244,F,,A
M,JP,628,0,,,,,,1968-02,28.582128,F,,A
M,JP,628,0,,,,,,1968-03,28.582128,F,,A
M,JP,628,0,,,,,,1968-04,28.680012,F,,A
M,JP,628,0,,,,,,1968-05,28.680012,F,,A
M,JP,628,0,,,,,,1968-06,28.484244,F,,A
M,JP,628,0,,,,,,1968-07,28.484244,F,,A
M,JP,628,0,,,,,,1968-08,28.680012,F,,A
M,JP,628,0,,,,,,1968-09,29.3652,F,,A
M,JP,628,0,,,,,,1968-10,29.3652,F,,A
M,JP,628,0,,,,,,1968-11,29.463084,F,,A
M,JP,628,0,,,,,,1968-12,29.267316,F,,A
M,JP,628,0,,,,,,1969-01,29.463084,F,,A
M,JP,628,0,,,,,,1969-02,29.463084,F,,A
M,JP,628,0,,,,,,1969-03,29.756736,F,,A
M,JP,628,0,,,,,,1969-04,29.952504,F,,A
M,JP,628,0,,,,,,1969-05,30.050388,F,,A
M,JP,628,0,,,,,,1969-06,30.050388,F,,A
M,JP,628,0,,,,,,1969-07,30.441924,F,,A
M,JP,628,0,,,,,,1969-08,30.735576,F,,A
M,JP,628,0,,,,,,1969-09,31.029228,F,,A
M,JP,628,0,,,,,,1969-10,31.127112,F,,A
M,JP,628,0,,,,,,1969-11,31.029228,F,,A
M,JP,628,0,,,,,,1969-12,31.224996,F,,A
M,JP,628,0,,,,,,1970-01,31.874078,F,,A
M,JP,628,0,,,,,,1970-02,31.99213,F,,A
M,JP,628,0,,,,,,1970-03,32.228234,F,,A
M,JP,628,0,,,,,,1970-04,32.582391,F,,A
M,JP,628,0,,,,,,1970-05,32.464338,F,,A
M,JP,628,0,,,,,,1970-06,32.464338,F,,A
M,JP,628,0,,,,,,1970-07,32.464338,F,,A
M,JP,628,0,,,,,,1970-08,32.346286,F,,A
M,JP,628,0,,,,,,1970-09,32.936547,F,,A
M,JP,628,0,,,,,,1970-10,33.408756,F,,A
M,JP,628,0,,,,,,1970-11,33.408756,F,,A
M,JP,628,0,,,,,,1970-12,33.64486,F,,A
M,JP,628,0,,,,,,1971-01,33.999016,F,,A
M,JP,628,0,,,,,,1971-02,33.999016,F,,A
M,JP,628,0,,,,,,1971-03,33.999016,F,,A
M,JP,628,0,,,,,,1971-04,34.471225,F,,A
M,JP,628,0,,,,,,1971-05,34.589277,F,,A
M,JP,628,0,,,,,,1971-06,34.707329,F,,A
M,JP,628,0,,,,,,1971-07,34.707329,F,,A
M,JP,628,0,,,,,,1971-08,34.707329,F,,A
M,JP,628,0,,,,,,1971-09,35.533694,F,,A
M,JP,628,0,,,,,,1971-10,35.651746,F,,A
M,JP,628,0,,,,,,1971-11,35.29759,F,,A
M,JP,628,0,,,,,,1971-12,35.29759,F,,A
M,JP,628,0,,,,,,1972-01,35.415642,F,,A
M,JP,628,0,,,,,,1972-02,35.533694,F,,A
M,JP,628,0,,,,,,1972-03,35.769798,F,,A
M,JP,628,0,,,,,,1972-04,36.242007,F,,A
M,JP,628,0,,,,,,1972-05,36.360059,F,,A
M,JP,628,0,,,,,,1972-06,36.478111,F,,A
M,JP,628,0,,,,,,1972-07,36.478111,F,,A
M,JP,628,0,,,,,,1972-08,36.714215,F,,A
M,JP,628,0,,,,,,1972-09,36.832268,F,,A
M,JP,628,0,,,,,,1972-10,37.186424,F,,A
M,JP,628,0,,,,,,1972-11,37.068372,F,,A
M,JP,628,0,,,,,,1972-12,37.304476,F,,A
M,JP,628,0,,,,,,1973-01,37.658633,F,,A
M,JP,628,0,,,,,,1973-02,38.012789,F,,A
M,JP,628,0,,,,,,1973-03,38.957206,F,,A
M,JP,628,0,,,,,,1973-04,39.665519,F,,A
M,JP,628,0,,,,,,1973-05,40.373832,F,,A
M,JP,628,0,,,,,,1973-06,40.373832,F,,A
M,JP,628,0,,,,,,1973-07,40.727988,F,,A
M,JP,628,0,,,,,,1973-08,40.964092,F,,A
M,JP,628,0,,,,,,1973-09,42.144614,F,,A
M,JP,628,0,,,,,,1973-10,42.380718,F,,A
M,JP,628,0,,,,,,1973-11,42.734875,F,,A
M,JP,628,0,,,,,,1973-12,44.1515,F,,A
M,JP,628,0,,,,,,1974-01,45.922282,F,,A
M,JP,628,0,,,,,,1974-02,47.45696,F,,A
M,JP,628,0,,,,,,1974-03,47.693064,F,,A
M,JP,628,0,,,,,,1974-04,48.991638,F,,A
M,JP,628,0,,,,,,1974-05,49.10969,F,,A
M,JP,628,0,,,,,,1974-06,49.463847,F,,A
M,JP,628,0,,,,,,1974-07,50.408264,F,,A
M,JP,628,0,,,,,,1974-08,50.880472,F,,A
M,JP,628,0,,,,,,1974-09,51.588785,F,,A
M,JP,628,0,,,,,,1974-10,52.769306,F,,A
M,JP,628,0,,,,,,1974-11,53.241515,F,,A
M,JP,628,0,,,,,,1974-12,53.359567,F,,A
M,JP,628,0,,,,,,1975-01,54.06788,F,,A
M,JP,628,0,,,,,,1975-02,54.06788,F,,A
M,JP,628,0,,,,,,1975-03,54.540089,F,,A
M,JP,628,0,,,,,,1975-04,55.484506,F,,A
M,JP,628,0,,,,,,1975-05,55.838662,F,,A
M,JP,628,0,,,,,,1975-06,55.838662,F,,A
M,JP,628,0,,,,,,1975-07,55.956714,F,,A
M,JP,628,0,,,,,,1975-08,55.838662,F,,A
M,JP,628,0,,,,,,1975-09,57.019183,F,,A
M,JP,628,0,,,,,,1975-10,57.963601,F,,A
M,JP,628,0,,,,,,1975-11,57.609444,F,,A
M,JP,628,0,,,,,,1975-12,57.609444,F,,A
M,JP,628,0,,,,,,1976-01,58.671913,F,,A
M,JP,628,0,,,,,,1976-02,59.144122,F,,A
M,JP,628,0,,,,,,1976-03,59.380226,F,,A
M,JP,628,0,,,,,,1976-04,60.796852,F,,A
M,JP,628,0,,,,,,1976-05,61.032956,F,,A
M,JP,628,0,,,,,,1976-06,61.151008,F,,A
M,JP,628,0,,,,,,1976-07,61.387113,F,,A
M,JP,628,0,,,,,,1976-08,61.151008,F,,A
M,JP,628,0,,,,,,1976-09,62.567634,F,,A
M,JP,628,0,,,,,,1976-10,62.92179,F,,A
M,JP,628,0,,,,,,1976-11,62.92179,F,,A
M,JP,628,0,,,,,,1976-12,63.748155,F,,A
M,JP,628,0,,,,,,1977-01,64.220364,F,,A
M,JP,628,0,,,,,,1977-02,64.57452,F,,A
M,JP,628,0,,,,,,1977-03,64.928677,F,,A
M,JP,628,0,,,,,,1977-04,65.991146,F,,A
M,JP,628,0,,,,,,1977-05,66.699459,F,,A
M,JP,628,0,,,,,,1977-06,66.345303,F,,A
M,JP,628,0,,,,,,1977-07,66.22725,F,,A
M,JP,628,0,,,,,,1977-08,66.345303,F,,A
M,JP,628,0,,,,,,1977-09,67.407772,F,,A
M,JP,628,0,,,,,,1977-10,67.761928,F,,A
M,JP,628,0,,,,,,1977-11,67.053615,F,,A
M,JP,628,0,,,,,,1977-12,66.935563,F,,A
M,JP,628,0,,,,,,1978-01,67.171667,F,,A
M,JP,628,0,,,,,,1978-02,67.525824,F,,A
M,JP,628,0,,,,,,1978-03,68.116085,F,,A
M,JP,628,0,,,,,,1978-04,68.824397,F,,A
M,JP,628,0,,,,,,1978-05,69.296606,F,,A
M,JP,628,0,,,,,,1978-06,68.94245,F,,A
M,JP,628,0,,,,,,1978-07,69.178554,F,,A
M,JP,628,0,,,,,,1978-08,69.414658,F,,A
M,JP,628,0,,,,,,1978-09,70.122971,F,,A
M,JP,628,0,,,,,,1978-10,70.241023,F,,A
M,JP,628,0,,,,,,1978-11,69.53271,F,,A
M,JP,628,0,,,,,,1978-12,69.53271,F,,A
M,JP,628,0,,,,,,1979-01,69.53271,F,,A
M,JP,628,0,,,,,,1979-02,69.414658,F,,A
M,JP,628,0,,,,,,1979-03,70.004919,F,,A
M,JP,628,0,,,,,,1979-04,70.949336,F,,A
M,JP,628,0,,,,,,1979-05,71.539597,F,,A
M,JP,628,0,,,,,,1979-06,71.657649,F,,A
M,JP,628,0,,,,,,1979-07,72.247909,F,,A
M,JP,628,0,,,,,,1979-08,71.539597,F,,A
M,JP,628,0,,,,,,1979-09,72.365962,F,,A
M,JP,628,0,,,,,,1979-10,73.310379,F,,A
M,JP,628,0,,,,,,1979-11,73.074274,F,,A
M,JP,628,0,,,,,,1979-12,73.428431,F,,A
M,JP,628,0,,,,,,1980-01,74.136744,F,,A
M,JP,628,0,,,,,,1980-02,74.845057,F,,A
M,JP,628,0,,,,,,1980-03,75.199213,F,,A
M,JP,628,0,,,,,,1980-04,76.615839,F,,A
M,JP,628,0,,,,,,1980-05,77.206099,F,,A
M,JP,628,0,,,,,,1980-06,77.560256,F,,A
M,JP,628,0,,,,,,1980-07,77.678308,F,,A
M,JP,628,0,,,,,,1980-08,77.324152,F,,A
M,JP,628,0,,,,,,1980-09,78.740777,F,,A
M,JP,628,0,,,,,,1980-10,78.858829,F,,A
M,JP,628,0,,,,,,1980-11,79.094934,F,,A
M,JP,628,0,,,,,,1980-12,78.740777,F,,A
M,JP,628,0,,,,,,1981-01,79.567142,F,,A
M,JP,628,0,,,,,,1981-02,79.44909,F,,A
M,JP,628,0,,,,,,1981-03,79.803246,F,,A
M,JP,628,0,,,,,,1981-04,80.393507,F,,A
M,JP,628,0,,,,,,1981-05,81.10182,F,,A
M,JP,628,0,,,,,,1981-06,81.219872,F,,A
M,JP,628,0,,,,,,1981-07,80.983768,F,,A
M,JP,628,0,,,,,,1981-08,80.629611,F,,A
M,JP,628,0,,,,,,1981-09,81.810133,F,,A
M,JP,628,0,,,,,,1981-10,82.164289,F,,A
M,JP,628,0,,,,,,1981-11,82.046237,F,,A
M,JP,628,0,,,,,,1981-12,82.164289,F,,A
M,JP,628,0,,,,,,1982-01,82.164289,F,,A
M,JP,628,0,,,,,,1982-02,82.046237,F,,A
M,JP,628,0,,,,,,1982-03,82.164289,F,,A
M,JP,628,0,,,,,,1982-04,82.75455,F,,A
M,JP,628,0,,,,,,1982-05,83.108706,F,,A
M,JP,628,0,,,,,,1982-06,83.108706,F,,A
M,JP,628,0,,,,,,1982-07,82.518446,F,,A
M,JP,628,0,,,,,,1982-08,83.226758,F,,A
M,JP,628,0,,,,,,1982-09,84.40728,F,,A
M,JP,628,0,,,,,,1982-10,84.643384,F,,A
M,JP,628,0,,,,,,1982-11,83.935071,F,,A
M,JP,628,0,,,,,,1982-12,83.817019,F,,A
M,JP,628,0,,,,,,1983-01,83.935071,F,,A
M,JP,628,0,,,,,,1983-02,83.580915,F,,A
M,JP,628,0,,,,,,1983-03,84.053123,F,,A
M,JP,628,0,,,,,,1983-04,84.40728,F,,A
M,JP,628,0,,,,,,1983-05,85.351697,F,,A
M,JP,628,0,,,,,,1983-06,84.761436,F,,A
M,JP,628,0,,,,,,1983-07,84.40728,F,,A
M,JP,628,0,,,,,,1983-08,84.289228,F,,A
M,JP,628,0,,,,,,1983-09,85.233645,F,,A
M,JP,628,0,,,,,,1983-10,85.941958,F,,A
M,JP,628,0,,,,,,1983-11,85.469749,F,,A
M,JP,628,0,,,,,,1983-12,85.233645,F,,A
M,JP,628,0,,,,,,1984-01,85.469749,F,,A
M,JP,628,0,,,,,,1984-02,86.06001,F,,A
M,JP,628,0,,,,,,1984-03,86.178062,F,,A
M,JP,628,0,,,,,,1984-04,86.414166,F,,A
M,JP,628,0,,,,,,1984-05,87.004427,F,,A
M,JP,628,0,,,,,,1984-06,86.414166,F,,A
M,JP,628,0,,,,,,1984-07,86.532218,F,,A
M,JP,628,0,,,,,,1984-08,85.823906,F,,A
M,JP,628,0,,,,,,1984-09,87.122479,F,,A
M,JP,628,0,,,,,,1984-10,87.830792,F,,A
M,JP,628,0,,,,,,1984-11,87.358583,F,,A
M,JP,628,0,,,,,,1984-12,87.476636,F,,A
M,JP,628,0,,,,,,1985-01,87.830792,F,,A
M,JP,628,0,,,,,,1985-02,87.476636,F,,A
M,JP,628,0,,,,,,1985-03,87.830792,F,,A
M,JP,628,0,,,,,,1985-04,88.303,F,,A
M,JP,628,0,,,,,,1985-05,88.539105,F,,A
M,JP,628,0,,,,,,1985-06,88.539105,F,,A
M,JP,628,0,,,,,,1985-07,88.657157,F,,A
M,JP,628,0,,,,,,1985-08,88.539105,F,,A
M,JP,628,0,,,,,,1985-09,88.539105,F,,A
M,JP,628,0,,,,,,1985-10,89.36547,F,,A
M,JP,628,0,,,,,,1985-11,88.657157,F,,A
M,JP,628,0,,,,,,1985-12,88.775209,F,,A
M,JP,628,0,,,,,,1986-01,89.129365,F,,A
M,JP,628,0,,,,,,1986-02,89.011313,F,,A
M,JP,628,0,,,,,,1986-03,88.893261,F,,A
M,JP,628,0,,,,,,1986-04,89.247418,F,,A
M,JP,628,0,,,,,,1986-05,89.483522,F,,A
M,JP,628,0,,,,,,1986-06,89.011313,F,,A
M,JP,628,0,,,,,,1986-07,88.775209,F,,A
M,JP,628,0,,,,,,1986-08,88.539105,F,,A
M,JP,628,0,,,,,,1986-09,89.011313,F,,A
M,JP,628,0,,,,,,1986-10,89.129365,F,,A
M,JP,628,0,,,,,,1986-11,88.657157,F,,A
M,JP,628,0,,,,,,1986-12,88.539105,F,,A
M,JP,628,0,,,,,,1987-01,88.184948,F,,A
M,JP,628,0,,,,,,1987-02,88.184948,F,,A
M,JP,628,0,,,,,,1987-03,88.539105,F,,A
M,JP,628,0,,,,,,1987-04,89.247418,F,,A
M,JP,628,0,,,,,,1987-05,89.483522,F,,A
M,JP,628,0,,,,,,1987-06,89.247418,F,,A
M,JP,628,0,,,,,,1987-07,88.893261,F,,A
M,JP,628,0,,,,,,1987-08,88.893261,F,,A
M,JP,628,0,,,,,,1987-09,89.719626,F,,A
M,JP,628,0,,,,,,1987-10,89.719626,F,,A
M,JP,628,0,,,,,,1987-11,89.247418,F,,A
M,JP,628,0,,,,,,1987-12,89.247418,F,,A
M,JP,628,0,,,,,,1988-01,88.893261,F,,A
M,JP,628,0,,,,,,1988-02,88.775209,F,,A
M,JP,628,0,,,,,,1988-03,89.129365,F,,A
M,JP,628,0,,,,,,1988-04,89.601574,F,,A
M,JP,628,0,,,,,,1988-05,89.601574,F,,A
M,JP,628,0,,,,,,1988-06,89.483522,F,,A
M,JP,628,0,,,,,,1988-07,89.247418,F,,A
M,JP,628,0,,,,,,1988-08,89.601574,F,,A
M,JP,628,0,,,,,,1988-09,90.309887,F,,A
M,JP,628,0,,,,,,1988-10,90.664043,F,,A
M,JP,628,0,,,,,,1988-11,90.309887,F,,A
M,JP,628,0,,,,,,1988-12,90.073783,F,,A
M,JP,628,0,,,,,,1989-01,89.95573,F,,A
M,JP,628,0,,,,,,1989-02,89.601574,F,,A
M,JP,628,0,,,,,,1989-03,90.073783,F,,A
M,JP,628,0,,,,,,1989-04,91.726513,F,,A
M,JP,628,0,,,,,,1989-05,92.198721,F,,A
M,JP,628,0,,,,,,1989-06,92.080669,F,,A
M,JP,628,0,,,,,,1989-07,91.962617,F,,A
M,JP,628,0,,,,,,1989-08,91.844565,F,,A
M,JP,628,0,,,,,,1989-09,92.67093,F,,A
M,JP,628,0,,,,,,1989-10,93.379242,F,,A
M,JP,628,0,,,,,,1989-11,92.434825,F,,A
M,JP,628,0,,,,,,1989-12,92.434825,F,,A
M,JP,628,0,,,,,,1990-01,92.907034,F,,A
M,JP,628,0,,,,,,1990-02,93.025086,F,,A
M,JP,628,0,,,,,,1990-03,93.379242,F,,A
M,JP,628,0,,,,,,1990-04,94.087555,F,,A
M,JP,628,0,,,,,,1990-05,94.559764,F,,A
M,JP,628,0,,,,,,1990-06,94.205607,F,,A
M,JP,628,0,,,,,,1990-07,94.087555,F,,A
M,JP,628,0,,,,,,1990-08,94.441712,F,,A
M,JP,628,0,,,,,,1990-09,95.150025,F,,A
M,JP,628,0,,,,,,1990-10,96.212494,F,,A
M,JP,628,0,,,,,,1990-11,95.97639,F,,A
M,JP,628,0,,,,,,1990-12,95.97639,F,,A
M,JP,628,0,,,,,,1991-01,96.56665,F,,A
M,JP,628,0,,,,,,1991-02,96.330546,F,,A
M,JP,628,0,,,,,,1991-03,96.802755,F,,A
M,JP,628,0,,,,,,1991-04,97.393015,F,,A
M,JP,628,0,,,,,,1991-05,97.865224,F,,A
M,JP,628,0,,,,,,1991-06,97.393015,F,,A
M,JP,628,0,,,,,,1991-07,97.393015,F,,A
M,JP,628,0,,,,,,1991-08,97.511067,F,,A
M,JP,628,0,,,,,,1991-09,97.747172,F,,A
M,JP,628,0,,,,,,1991-10,98.809641,F,,A
M,JP,628,0,,,,,,1991-11,98.927693,F,,A
M,JP,628,0,,,,,,1991-12,98.455485,F,,A
M,JP,628,0,,,,,,1992-01,98.337432,F,,A
M,JP,628,0,,,,,,1992-02,98.21938,F,,A
M,JP,628,0,,,,,,1992-03,98.691589,F,,A
M,JP,628,0,,,,,,1992-04,99.754058,F,,A
M,JP,628,0,,,,,,1992-05,99.754058,F,,A
M,JP,628,0,,,,,,1992-06,99.754058,F,,A
M,JP,628,0,,,,,,1992-07,98.927693,F,,A
M,JP,628,0,,,,,,1992-08,99.281849,F,,A
M,JP,628,0,,,,,,1992-09,99.754058,F,,A
M,JP,628,0,,,,,,1992-10,99.754058,F,,A
M,JP,628,0,,,,,,1992-11,99.636006,F,,A
M,JP,628,0,,,,,,1992-12,99.636006,F,,A
M,JP,628,0,,,,,,1993-01,99.517954,F,,A
M,JP,628,0,,,,,,1993-02,99.636006,F,,A
M,JP,628,0,,,,,,1993-03,99.87211,F,,A
M,JP,628,0,,,,,,1993-04,100.580423,F,,A
M,JP,628,0,,,,,,1993-05,100.698475,F,,A
M,JP,628,0,,,,,,1993-06,100.580423,F,,A
M,JP,628,0,,,,,,1993-07,100.816527,F,,A
M,JP,628,0,,,,,,1993-08,101.170684,F,,A
M,JP,628,0,,,,,,1993-09,101.170684,F,,A
M,JP,628,0,,,,,,1993-10,101.170684,F,,A
M,JP,628,0,,,,,,1993-11,100.580423,F,,A
M,JP,628,0,,,,,,1993-12,100.698475,F,,A
M,JP,628,0,,,,,,1994-01,100.698475,F,,A
M,JP,628,0,,,,,,1994-02,100.698475,F,,A
M,JP,628,0,,,,,,1994-03,101.170684,F,,A
M,JP,628,0,,,,,,1994-04,101.406788,F,,A
M,JP,628,0,,,,,,1994-05,101.52484,F,,A
M,JP,628,0,,,,,,1994-06,101.170684,F,,A
M,JP,628,0,,,,,,1994-07,100.698475,F,,A
M,JP,628,0,,,,,,1994-08,101.170684,F,,A
M,JP,628,0,,,,,,1994-09,101.406788,F,,A
M,JP,628,0,,,,,,1994-10,101.878997,F,,A
M,JP,628,0,,,,,,1994-11,101.642892,F,,A
M,JP,628,0,,,,,,1994-12,101.288736,F,,A
M,JP,628,0,,,,,,1995-01,101.288736,F,,A
M,JP,628,0,,,,,,1995-02,101.052632,F,,A
M,JP,628,0,,,,,,1995-03,100.934579,F,,A
M,JP,628,0,,,,,,1995-04,101.170684,F,,A
M,JP,628,0,,,,,,1995-05,101.406788,F,,A
M,JP,628,0,,,,,,1995-06,101.288736,F,,A
M,JP,628,0,,,,,,1995-07,100.816527,F,,A
M,JP,628,0,,,,,,1995-08,100.934579,F,,A
M,JP,628,0,,,,,,1995-09,101.52484,F,,A
M,JP,628,0,,,,,,1995-10,101.170684,F,,A
M,JP,628,0,,,,,,1995-11,100.934579,F,,A
M,JP,628,0,,,,,,1995-12,100.934579,F,,A
M,JP,628,0,,,,,,1996-01,100.816527,F,,A
M,JP,628,0,,,,,,1996-02,100.580423,F,,A
M,JP,628,0,,,,,,1996-03,100.816527,F,,A
M,JP,628,0,,,,,,1996-04,101.406788,F,,A
M,JP,628,0,,,,,,1996-05,101.642892,F,,A
M,JP,628,0,,,,,,1996-06,101.288736,F,,A
M,JP,628,0,,,,,,1996-07,101.170684,F,,A
M,JP,628,0,,,,,,1996-08,101.170684,F,,A
M,JP,628,0,,,,,,1996-09,101.52484,F,,A
M,JP,628,0,,,,,,1996-10,101.760944,F,,A
M,JP,628,0,,,,,,1996-11,101.406788,F,,A
M,JP,628,0,,,,,,1996-12,101.52484,F,,A
M,JP,628,0,,,,,,1997-01,101.406788,F,,A
M,JP,628,0,,,,,,1997-02,101.170684,F,,A
M,JP,628,0,,,,,,1997-03,101.288736,F,,A
M,JP,628,0,,,,,,1997-04,103.295622,F,,A
M,JP,628,0,,,,,,1997-05,103.531727,F,,A
M,JP,628,0,,,,,,1997-06,103.531727,F,,A
M,JP,628,0,,,,,,1997-07,103.17757,F,,A
M,JP,628,0,,,,,,1997-08,103.295622,F,,A
M,JP,628,0,,,,,,1997-09,104.003935,F,,A
M,JP,628,0,,,,,,1997-10,104.240039,F,,A
M,JP,628,0,,,,,,1997-11,103.531727,F,,A
M,JP,628,0,,,,,,1997-12,103.295622,F,,A
M,JP,628,0,,,,,,1998-01,103.295622,F,,A
M,JP,628,0,,,,,,1998-02,103.17757,F,,A
M,JP,628,0,,,,,,1998-03,103.531727,F,,A
M,JP,628,0,,,,,,1998-04,103.767831,F,,A
M,JP,628,0,,,,,,1998-05,104.003935,F,,A
M,JP,628,0,,,,,,1998-06,103.649779,F,,A
M,JP,628,0,,,,,,1998-07,103.059518,F,,A
M,JP,628,0,,,,,,1998-08,102.941466,F,,A
M,JP,628,0,,,,,,1998-09,103.767831,F,,A
M,JP,628,0,,,,,,1998-10,104.476144,F,,A
M,JP,628,0,,,,,,1998-11,104.358091,F,,A
M,JP,628,0,,,,,,1998-12,104.003935,F,,A
M,JP,628,0,,,,,,1999-01,103.413674,F,,A
M,JP,628,0,,,,,,1999-02,103.059518,F,,A
M,JP,628,0,,,,,,1999-03,103.17757,F,,A
M,JP,628,0,,,,,,1999-04,103.649779,F,,A
M,JP,628,0,,,,,,1999-05,103.649779,F,,A
M,JP,628,0,,,,,,1999-06,103.295622,F,,A
M,JP,628,0,,,,,,1999-07,102.941466,F,,A
M,JP,628,0,,,,,,1999-08,103.295622,F,,A
M,JP,628,0,,,,,,1999-09,103.531727,F,,A
M,JP,628,0,,,,,,1999-10,103.767831,F,,A
M,JP,628,0,,,,,,1999-11,103.17757,F,,A
M,JP,628,0,,,,,,1999-12,102.823414,F,,A
M,JP,628,0,,,,,,2000-01,102.705362,F,,A
M,JP,628,0,,,,,,2000-02,102.469257,F,,A
M,JP,628,0,,,,,,2000-03,102.587309,F,,A
M,JP,628,0,,,,,,2000-04,102.823414,F,,A
M,JP,628,0,,,,,,2000-05,102.941466,F,,A
M,JP,628,0,,,,,,2000-06,102.705362,F,,A
M,JP,628,0,,,,,,2000-07,102.469257,F,,A
M,JP,628,0,,,,,,2000-08,102.705362,F,,A
M,JP,628,0,,,,,,2000-09,102.587309,F,,A
M,JP,628,0,,,,,,2000-10,102.587309,F,,A
M,JP,628,0,,,,,,2000-11,102.351205,F,,A
M,JP,628,0,,,,,,2000-12,102.469257,F,,A
M,JP,628,0,,,,,,2001-01,102.469257,F,,A
M,JP,628,0,,,,,,2001-02,102.115101,F,,A
M,JP,628,0,,,,,,2001-03,101.878997,F,,A
M,JP,628,0,,,,,,2001-04,102.115101,F,,A
M,JP,628,0,,,,,,2001-05,102.233153,F,,A
M,JP,628,0,,,,,,2001-06,101.878997,F,,A
M,JP,628,0,,,,,,2001-07,101.642892,F,,A
M,JP,628,0,,,,,,2001-08,101.997049,F,,A
M,JP,628,0,,,,,,2001-09,101.878997,F,,A
M,JP,628,0,,,,,,2001-10,101.878997,F,,A
M,JP,628,0,,,,,,2001-11,101.288736,F,,A
M,JP,628,0,,,,,,2001-12,101.170684,F,,A
M,JP,628,0,,,,,,2002-01,101.052632,F,,A
M,JP,628,0,,,,,,2002-02,100.462371,F,,A
M,JP,628,0,,,,,,2002-03,100.698475,F,,A
M,JP,628,0,,,,,,2002-04,101.052632,F,,A
M,JP,628,0,,,,,,2002-05,101.288736,F,,A
M,JP,628,0,,,,,,2002-06,101.170684,F,,A
M,JP,628,0,,,,,,2002-07,100.816527,F,,A
M,JP,628,0,,,,,,2002-08,101.052632,F,,A
M,JP,628,0,,,,,,2002-09,101.052632,F,,A
M,JP,628,0,,,,,,2002-10,100.934579,F,,A
M,JP,628,0,,,,,,2002-11,100.934579,F,,A
M,JP,628,0,,,,,,2002-12,100.934579,F,,A
M,JP,628,0,,,,,,2003-01,100.580423,F,,A
M,JP,628,0,,,,,,2003-02,100.226267,F,,A
M,JP,628,0,,,,,,2003-03,100.580423,F,,A
M,JP,628,0,,,,,,2003-04,100.934579,F,,A
M,JP,628,0,,,,,,2003-05,101.052632,F,,A
M,JP,628,0,,,,,,2003-06,100.816527,F,,A
M,JP,628,0,,,,,,2003-07,100.580423,F,,A
M,JP,628,0,,,,,,2003-08,100.816527,F,,A
M,JP,628,0,,,,,,2003-09,100.934579,F,,A
M,JP,628,0,,,,,,2003-10,100.934579,F,,A
M,JP,628,0,,,,,,2003-11,100.344319,F,,A
M,JP,628,0,,,,,,2003-12,100.462371,F,,A
M,JP,628,0,,,,,,2004-01,100.226267,F,,A
M,JP,628,0,,,,,,2004-02,100.226267,F,,A
M,JP,628,0,,,,,,2004-03,100.462371,F,,A
M,JP,628,0,,,,,,2004-04,100.462371,F,,A
M,JP,628,0,,,,,,2004-05,100.580423,F,,A
M,JP,628,0,,,,,,2004-06,100.816527,F,,A
M,JP,628,0,,,,,,2004-07,100.462371,F,,A
M,JP,628,0,,,,,,2004-08,100.580423,F,,A
M,JP,628,0,,,,,,2004-09,100.934579,F,,A
M,JP,628,0,,,,,,2004-10,101.406788,F,,A
M,JP,628,0,,,,,,2004-11,101.170684,F,,A
M,JP,628,0,,,,,,2004-12,100.698475,F,,A
M,JP,628,0,,,,,,2005-01,100.462371,F,,A
M,JP,628,0,,,,,,2005-02,100.226267,F,,A
M,JP,628,0,,,,,,2005-03,100.462371,F,,A
M,JP,628,0,,,,,,2005-04,100.580423,F,,A
M,JP,628,0,,,,,,2005-05,100.698475,F,,A
M,JP,628,0,,,,,,2005-06,100.344319,F,,A
M,JP,628,0,,,,,,2005-07,100.226267,F,,A
M,JP,628,0,,,,,,2005-08,100.344319,F,,A
M,JP,628,0,,,,,,2005-09,100.580423,F,,A
M,JP,628,0,,,,,,2005-10,100.580423,F,,A
M,JP,628,0,,,,,,2005-11,100.226267,F,,A
M,JP,628,0,,,,,,2005-12,100.344319,F,,A
M,JP,628,0,,,,,,2006-01,100.344319,F,,A
M,JP,628,0,,,,,,2006-02,100.108214,F,,A
M,JP,628,0,,,,,,2006-03,100.344319,F,,A
M,JP,628,0,,,,,,2006-04,100.462371,F,,A
M,JP,628,0,,,,,,2006-05,100.816527,F,,A
M,JP,628,0,,,,,,2006-06,100.816527,F,,A
M,JP,628,0,,,,,,2006-07,100.462371,F,,A
M,JP,628,0,,,,,,2006-08,101.170684,F,,A
M,JP,628,0,,,,,,2006-09,101.170684,F,,A
M,JP,628,0,,,,,,2006-10,100.934579,F,,A
M,JP,628,0,,,,,,2006-11,100.462371,F,,A
M,JP,628,0,,,,,,2006-12,100.580423,F,,A
M,JP,628,0,,,,,,2007-01,100.344319,F,,A
M,JP,628,0,,,,,,2007-02,99.87211,F,,A
M,JP,628,0,,,,,,2007-03,100.226267,F,,A
M,JP,628,0,,,,,,2007-04,100.462371,F,,A
M,JP,628,0,,,,,,2007-05,100.816527,F,,A
M,JP,628,0,,,,,,2007-06,100.580423,F,,A
M,JP,628,0,,,,,,2007-07,100.462371,F,,A
M,JP,628,0,,,,,,2007-08,100.934579,F,,A
M,JP,628,0,,,,,,2007-09,100.934579,F,,A
M,JP,628,0,,,,,,2007-10,101.288736,F,,A
M,JP,628,0,,,,,,2007-11,101.052632,F,,A
M,JP,628,0,,,,,,2007-12,101.288736,F,,A
M,JP,628,0,,,,,,2008-01,101.052632,F,,A
M,JP,628,0,,,,,,2008-02,100.934579,F,,A
M,JP,628,0,,,,,,2008-03,101.406788,F,,A
M,JP,628,0,,,,,,2008-04,101.288736,F,,A
M,JP,628,0,,,,,,2008-05,102.115101,F,,A
M,JP,628,0,,,,,,2008-06,102.587309,F,,A
M,JP,628,0,,,,,,2008-07,102.823414,F,,A
M,JP,628,0,,,,,,2008-08,103.059518,F,,A
M,JP,628,0,,,,,,2008-09,103.059518,F,,A
M,JP,628,0,,,,,,2008-10,102.941466,F,,A
M,JP,628,0,,,,,,2008-11,102.115101,F,,A
M,JP,628,0,,,,,,2008-12,101.642892,F,,A
M,JP,628,0,,,,,,2009-01,101.052632,F,,A
M,JP,628,0,,,,,,2009-02,100.816527,F,,A
M,JP,628,0,,,,,,2009-03,101.052632,F,,A
M,JP,628,0,,,,,,2009-04,101.170684,F,,A
M,JP,628,0,,,,,,2009-05,100.934579,F,,A
M,JP,628,0,,,,,,2009-06,100.816527,F,,A
M,JP,628,0,,,,,,2009-07,100.462371,F,,A
M,JP,628,0,,,,,,2009-08,100.816527,F,,A
M,JP,628,0,,,,,,2009-09,100.816527,F,,A
M,JP,628,0,,,,,,2009-10,100.344319,F,,A
M,JP,628,0,,,,,,2009-11,100.226267,F,,A
M,JP,628,0,,,,,,2009-12,99.990162,F,,A
M,JP,628,0,,,,,,2010-01,100.108214,F,,A
M,JP,628,0,,,,,,2010-02,99.990162,F,,A
M,JP,628,0,,,,,,2010-03,100.344319,F,,A
M,JP,628,0,,,,,,2010-04,100.344319,F,,A
M,JP,628,0,,,,,,2010-05,100.344319,F,,A
M,JP,628,0,,,,,,2010-06,100.108214,F,,A
M,JP,628,0,,,,,,2010-07,99.517954,F,,A
M,JP,628,0,,,,,,2010-08,99.636006,F,,A
M,JP,628,0,,,,,,2010-09,99.87211,F,,A
M,JP,628,0,,,,,,2010-10,100.226267,F,,A
M,JP,628,0,,,,,,2010-11,99.87211,F,,A
M,JP,628,0,,,,,,2010-12,99.636006,F,,A
M,JP,628,0,,,,,,2011-01,99.517954,F,,A
M,JP,628,0,,,,,,2011-02,99.517954,F,,A
M,JP,628,0,,,,,,2011-03,99.754058,F,,A
M,JP,628,0,,,,,,2011-04,99.87211,F,,A
M,JP,628,0,,,,,,2011-05,99.87211,F,,A
M,JP,628,0,,,,,,2011-06,99.754058,F,,A
M,JP,628,0,,,,,,2011-07,99.754058,F,,A
M,JP,628,0,,,,,,2011-08,99.87211,F,,A
M,JP,628,0,,,,,,2011-09,99.87211,F,,A
M,JP,628,0,,,,,,2011-10,99.990162,F,,A
M,JP,628,0,,,,,,2011-11,99.399902,F,,A
M,JP,628,0,,,,,,2011-12,99.399902,F,,A
M,JP,628,0,,,,,,2012-01,99.636006,F,,A
M,JP,628,0,,,,,,2012-02,99.87211,F,,A
M,JP,628,0,,,,,,2012-03,100.344319,F,,A
M,JP,628,0,,,,,,2012-04,100.344319,F,,A
M,JP,628,0,,,,,,2012-05,100.108214,F,,A
M,JP,628,0,,,,,,2012-06,99.517954,F,,A
M,JP,628,0,,,,,,2012-07,99.281849,F,,A
M,JP,628,0,,,,,,2012-08,99.399902,F,,A
M,JP,628,0,,,,,,2012-09,99.517954,F,,A
M,JP,628,0,,,,,,2012-10,99.517954,F,,A
M,JP,628,0,,,,,,2012-11,99.163797,F,,A
M,JP,628,0,,,,,,2012-12,99.281849,F,,A
M,JP,628,0,,,,,,2013-01,99.281849,F,,A
M,JP,628,0,,,,,,2013-02,99.163797,F,,A
M,JP,628,0,,,,,,2013-03,99.399902,F,,A
M,JP,628,0,,,,,,2013-04,99.636006,F,,A
M,JP,628,0,,,,,,2013-05,99.754058,F,,A
M,JP,628,0,,,,,,2013-06,99.754058,F,,A
M,JP,628,0,,,,,,2013-07,99.990162,F,,A
M,JP,628,0,,,,,,2013-08,100.226267,F,,A
M,JP,628,0,,,,,,2013-09,100.580423,F,,A
M,JP,628,0,,,,,,2013-10,100.698475,F,,A
M,JP,628,0,,,,,,2013-11,100.698475,F,,A
M,JP,628,0,,,,,,2013-12,100.816527,F,,A
M,JP,628,0,,,,,,2014-01,100.698475,F,,A
M,JP,628,0,,,,,,2014-02,100.698475,F,,A
M,JP,628,0,,,,,,2014-03,100.934579,F,,A
M,JP,628,0,,,,,,2014-04,103.059518,F,,A
M,JP,628,0,,,,,,2014-05,103.413674,F,,A
M,JP,628,0,,,,,,2014-06,103.413674,F,,A
M,JP,628,0,,,,,,2014-07,103.413674,F,,A
M,JP,628,0,,,,,,2014-08,103.649779,F,,A
M,JP,628,0,,,,,,2014-09,103.885883,F,,A
M,JP,628,0,,,,,,2014-10,103.649779,F,,A
M,JP,628,0,,,,,,2014-11,103.17757,F,,A
M,JP,628,0,,,,,,2014-12,103.295622,F,,A
M,JP,628,0,,,,,,2015-01,103.17757,F,,A
M,JP,628,0,,,,,,2015-02,102.941466,F,,A
M,JP,628,0,,,,,,2015-03,103.295622,F,,A
M,JP,628,0,,,,,,2015-04,103.767831,F,,A
M,JP,628,0,,,,,,2015-05,104.003935,F,,A
M,JP,628,0,,,,,,2015-06,103.767831,F,,A
M,JP,628,0,,,,,,2015-07,103.649779,F,,A
M,JP,628,0,,,,,,2015-08,103.767831,F,,A
M,JP,628,0,,,,,,2015-09,103.885883,F,,A
M,JP,628,0,,,,,,2015-10,103.885883,F,,A
M,JP,628,0,,,,,,2015-11,103.413674,F,,A
M,JP,628,0,,,,,,2015-12,103.413674,F,,A
M,JP,628,0,,,,,,2016-01,103.059518,F,,A
M,JP,628,0,,,,,,2016-02,103.17757,F,,A
M,JP,628,0,,,,,,2016-03,103.295622,F,,A
M,JP,628,0,,,,,,2016-04,103.531727,F,,A
M,JP,628,0,,,,,,2016-05,103.531727,F,,A
M,JP,628,0,,,,,,2016-06,103.413674,F,,A
M,JP,628,0,,,,,,2016-07,103.17757,F,,A
M,JP,628,0,,,,,,2016-08,103.17757,F,,A
M,JP,628,0,,,,,,2016-09,103.413674,F,,A
M,JP,628,0,,,,,,2016-10,104.003935,F,,A
M,JP,628,0,,,,,,2016-11,104.003935,F,,A
M,JP,628,0,,,,,,2016-12,103.767831,F,,A
M,JP,628,0,,,,,,2017-01,103.531727,F,,A
M,JP,628,0,,,,,,2017-02,103.413674,F,,A
M,JP,628,0,,,,,,2017-03,103.413674,F,,A
M,JP,628,0,,,,,,2017-04,103.885883,F,,A
M,JP,628,0,,,,,,2017-05,104.003935,F,,A
M,JP,628,0,,,,,,2017-06,103.885883,F,,A
M,JP,628,0,,,,,,2017-07,103.649779,F,,A
M,JP,628,0,,,,,,2017-08,103.885883,F,,A
M,JP,628,0,,,,,,2017-09,104.121987,F,,A
M,JP,628,0,,,,,,2017-10,104.240039,F,,A
M,JP,628,0,,,,,,2017-11,104.594196,F,,A
M,JP,628,0,,,,,,2017-12,104.8303,F,,A
M,JP,628,0,,,,,,2018-01,104.948352,F,,A
M,JP,628,0,,,,,,2018-02,104.948352,F,,A
M,JP,628,0,,,,,,2018-03,104.594196,F,,A
M,JP,628,0,,,,,,2018-04,104.476144,F,,A
M,JP,628,0,,,,,,2018-05,104.712248,F,,A
M,JP,628,0,,,,,,2018-06,104.594196,F,,A
M,JP,628,0,,,,,,2018-07,104.594196,F,,A
M,JP,628,0,,,,,,2018-08,105.184456,F,,A
M,JP,628,0,,,,,,2018-09,105.302509,F,,A
M,JP,628,0,,,,,,2018-10,105.656665,F,,A
M,JP,628,0,,,,,,2018-11,105.420561,F,,A
M,JP,628,0,,,,,,2018-12,105.066404,F,,A
M,JP,628,0,,,,,,2019-01,105.184456,F,,A
M,JP,628,0,,,,,,2019-02,105.184456,F,,A
M,JP,628,0,,,,,,2019-03,105.184456,F,,A
M,JP,628,0,,,,,,2019-04,105.420561,F,,A
M,JP,628,0,,,,,,2019-05,105.420561,F,,A
M,JP,628,0,,,,,,2019-06,105.302509,F,,A
M,JP,628,0,,,,,,2019-07,105.184456,F,,A
M,JP,628,0,,,,,,2019-08,105.538613,F,,A
M,JP,628,0,,,,,,2019-09,105.538613,F,,A
M,JP,628,0,,,,,,2019-10,105.892769,F,,A
M,JP,628,0,,,,,,2019-11,106.010821,F,,A
M,JP,628,0,,,,,,2019-12,105.892769,F,,A
M,JP,628,0,,,,,,2020-01,106.010821,F,,A
M,JP,628,0,,,,,,2020-02,105.774717,F,,A
M,JP,628,0,,,,,,2020-03,105.774717,F,,A
M,JP,628,0,,,,,,2020-04,105.656665,F,,A
M,JP,628,0,,,,,,2020-05,105.656665,F,,A
M,JP,628,0,,,,,,2020-06,105.420561,F,,A
M,JP,628,0,,,,,,2020-07,105.420561,F,,A
M,JP,628,0,,,,,,2020-08,105.538613,F,,A
M,JP,628,0,,,,,,2020-09,105.302509,F,,A
M,JP,628,0,,,,,,2020-10,105.302509,F,,A
M,JP,628,0,,,,,,2020-11,104.948352,F,,A
M,JP,628,0,,,,,,2020-12,104.712248,F,,A
M,JP,628,0,,,,,,2021-01,105.302509,F,,A
M,JP,628,0,,,,,,2021-02,105.184456,F,,A
M,JP,628,0,,,,,,2021-03,105.302509,F,,A
M,JP,628,0,,,,,,2021-04,104.476144,F,,A
M,JP,628,0,,,,,,2021-05,104.8303,F,,A
M,JP,628,0,,,,,,2021-06,104.948352,F,,A
M,JP,628,0,,,,,,2021-07,105.184456,F,,A
M,JP,628,0,,,,,,2021-08,105.184456,F,,A
M,JP,628,0,,,,,,2021-09,105.538613,F,,A
M,JP,628,0,,,,,,2021-10,105.420561,F,,A
M,JP,628,0,,,,,,2021-11,105.538613,F,,A
M,JP,628,0,,,,,,2021-12,105.538613,F,,A
M,JP,628,0,,,,,,2022-01,105.774717,F,,A
M,JP,628,0,,,,,,2022-02,106.246926,F,,A
M,JP,628,0,,,,,,2022-03,106.601082,F,,A
M,JP,628,0,,,,,,2022-04,107.073291,F,,A
M,JP,628,0,,,,,,2022-05,107.427447,F,,A
M,JP,628,0,,,,,,2022-06,107.427447,F,,A
M,JP,628,0,,,,,,2022-07,107.899656,F,,A
M,JP,628,0,,,,,,2022-08,108.253812,F,,A
M,JP,628,0,,,,,,2022-09,108.726021,F,,A
M,JP,628,0,,,,,,2022-10,109.316281,F,,A
M,JP,628,0,,,,,,2022-11,109.552386,F,,A
M,JP,628,0,,,,,,2022-12,109.78849,F,,A
M,JP,628,0,,,,,,2023-01,110.378751,F,,A
M,JP,628,0,,,,,,2023-02,109.670438,F,,A
M,JP,628,0,,,,,,2023-03,110.142646,F,,A
M,JP,628,0,,,,,,2023-04,110.732907,F,,A
M,JP,628,0,,,,,,2023-05,110.850959,F,,A
M,JP,628,0,,,,,,2023-06,110.969011,F,,A
M,JP,628,0,,,,,,2023-07,111.44122,F,,A
M,JP,628,0,,,,,,2023-08,111.677324,F,,A
M,JP,628,0,,,,,,2023-09,112.031481,F,,A
M,JP,628,0,,,,,,2023-10,112.975898,F,,A
M,JP,628,0,,,,,,2023-11,112.739793,F,,A
M,JP,628,0,,,,,,2023-12,112.621741,F,,A
M,JP,628,0,,,,,,2024-01,112.739793,F,,A
M,JP,628,0,,,,,,2024-02,112.739793,F,,A
M,JP,628,0,,,,,,2024-03,113.09395,F,,A
M,JP,628,0,,,,,,2024-04,113.566158,F,,A
M,JP,628,0,,,,,,2024-05,113.920315,F,,A
M,JP,628,0,,,,,,2024-06,114.038367,F,,A
M,JP,628,0,,,,,,2024-07,114.510576,F,,A
M,JP,628,0,,,,,,2024-08,115.100836,F,,A
M,JP,628,0,,,,,,2024-09,114.864732,F,,A
M,JP,628,0,,,,,,2024-10,115.573045,F,,A
M,JP,628,0,,,,,,2024-11,116.045253,F,,A
M,JP,628,0,,,,,,2024-12,116.753566,F,,A
M,JP,628,0,,,,,,2025-01,117.225775,F,,A
M,JP,628,0,,,,,,2025-02,116.753566,F,,A
M,JP,628,0,,,,,,2025-03,117.107723,F,,A
M,JP,628,0,,,,,,2025-04,117.697983,F,,A
M,JP,628,0,,,,,,2025-05,118.05214,F,,A
M,JP,628,0,,,,,,2025-06,117.934088,F,,A
M,JP,628,0,,,,,,2025-07,118.170192,F,,A
M,JP,628,0,,,,,,2025-08,118.406296,F,,A
M,JP,628,0,,,,,,2025-09,118.170192,F,,A
M,JP,628,0,,,,,,2025-10,118.878505,F,,A
M,JP,628,0,,,,,,2025-11,119.232661,F,,A
M,JP,628,0,,,,,,2025-12,119.114609,F,,A
M,JP,628,0,,,,,,2026-01,118.996557,F,,A
M,JP,628,0,,,,,,2026-02,118.288244,F,,A
M,JP,628,0,,,,,,2026-03,118.760453,F,,A
M,JP,628,0,,,,,,2026-04,119.232661,F,,A
M,JP,628,0,,,,,,2026-05,119.822922,F,,A
M,JP,628,0,,,,,,2026-06,119.940974,F,,A
M,JP,628,0,,,,,,2026-07,120.413182,F,,A
