group,june,june_role,classification,ssoc_code,title_as_published,in_all_industries_table,series,series_note,link_and_break_note
C cashier,2009,pre (all),SSOC 2005 (codes; header unlabelled),42111,Cashier,yes,main,,
C cashier,2010,pre (all),SSOC 2010 (codes; header unlabelled),5230,Cashiers and ticket clerk,yes,main,,"June 2010: 42111 -> 52302 one-to-one (w1d_ssoc2010_correspondence.xls), but only aggregate 5230 = 52301 cage/count supervisor + 52302 cashier + 52303 office cashier + 52309 other cashiers and ticket clerks is published (w1d_ssoc2010_report.pdf): linked through the hierarchy, broader for this one June (composition lean, THESIS T1)"
C cashier,2011,pre (all),SSOC 2010,52302,Cashier,yes,main,,"June 2011: 52302 published again: linked; unchanged in 2015 and 2020 (w1d_ssoc2015_correspondence.xls, w1d_ssoc2020_correspondence.xlsx)"
C cashier,2012,pre (all),SSOC 2010,52302,Cashier,yes,main,,"June 2011: 52302 published again: linked; unchanged in 2015 and 2020 (w1d_ssoc2015_correspondence.xls, w1d_ssoc2020_correspondence.xlsx)"
C cashier,2013,cleaning transition; security/landscape pre,SSOC 2010,52302,Cashier,yes,main,,"June 2011: 52302 published again: linked; unchanged in 2015 and 2020 (w1d_ssoc2015_correspondence.xls, w1d_ssoc2020_correspondence.xlsx)"
C cashier,2014,cleaning transition; security/landscape pre,SSOC 2010,52302,Cashier,yes,main,,"June 2011: 52302 published again: linked; unchanged in 2015 and 2020 (w1d_ssoc2015_correspondence.xls, w1d_ssoc2020_correspondence.xlsx)"
C cashier,2015,transition (all),SSOC 2015,52302,Cashier,yes,main,,"June 2011: 52302 published again: linked; unchanged in 2015 and 2020 (w1d_ssoc2015_correspondence.xls, w1d_ssoc2020_correspondence.xlsx)"
C cashier,2016,cleaning post; security/landscape transition,SSOC 2015,52302,Cashier,yes,main,,"June 2011: 52302 published again: linked; unchanged in 2015 and 2020 (w1d_ssoc2015_correspondence.xls, w1d_ssoc2020_correspondence.xlsx)"
C cashier,2017,post (all),SSOC 2015,52302,Cashier,yes,main,,"June 2011: 52302 published again: linked; unchanged in 2015 and 2020 (w1d_ssoc2015_correspondence.xls, w1d_ssoc2020_correspondence.xlsx)"
C cashier,2018,post (all),SSOC 2015,52302,Cashier,yes,main,,"June 2011: 52302 published again: linked; unchanged in 2015 and 2020 (w1d_ssoc2015_correspondence.xls, w1d_ssoc2020_correspondence.xlsx)"
C cashier,2019,post (all),SSOC 2015,52302,Cashier,yes,main,,"June 2011: 52302 published again: linked; unchanged in 2015 and 2020 (w1d_ssoc2015_correspondence.xls, w1d_ssoc2020_correspondence.xlsx)"
C cashier,2020,excluded (2020-2021),SSOC 2020,52302,Cashier,yes,main,,"June 2011: 52302 published again: linked; unchanged in 2015 and 2020 (w1d_ssoc2015_correspondence.xls, w1d_ssoc2020_correspondence.xlsx)"
C cashier,2021,excluded (2020-2021),SSOC 2020,52302,Cashier,yes,main,,"June 2011: 52302 published again: linked; unchanged in 2015 and 2020 (w1d_ssoc2015_correspondence.xls, w1d_ssoc2020_correspondence.xlsx)"
C cashier,2022,post (all),SSOC 2020,52302,Cashier,yes,main,,"June 2011: 52302 published again: linked; unchanged in 2015 and 2020 (w1d_ssoc2015_correspondence.xls, w1d_ssoc2020_correspondence.xlsx)"
C cashier,2023,"after window (shown, not scored)",SSOC 2020,52302,Cashier (general),yes,main,,after window
C cashier,2024,"after window (shown, not scored)",SSOC 2020,52302,Cashier (general),yes,main,,after window
C cashier,2025,"after window (shown, not scored)",SSOC 2024,52302,Cashier (general),yes,main,,after window
C food/drink stall assistant,2009,pre (all),SSOC 2005 (codes; header unlabelled),91223,Food and drink stall assistant,yes,main,,
C food/drink stall assistant,2010,pre (all),SSOC 2010 (codes; header unlabelled),94102,Food/Drink stall assistant,yes,main,,"June 2010: text differs (""and"" vs ""/""); 91223 -> 94102 one-to-one (w1d_ssoc2010_correspondence.xls): linked"
C food/drink stall assistant,2011,pre (all),SSOC 2010,94102,Food/Drink stall assistant,yes,main,,"June 2010: text differs (""and"" vs ""/""); 91223 -> 94102 one-to-one (w1d_ssoc2010_correspondence.xls): linked"
C food/drink stall assistant,2012,pre (all),SSOC 2010,94102,Food/Drink stall assistant,yes,main,,"June 2010: text differs (""and"" vs ""/""); 91223 -> 94102 one-to-one (w1d_ssoc2010_correspondence.xls): linked"
C food/drink stall assistant,2013,cleaning transition; security/landscape pre,SSOC 2010,94102,Food/Drink stall assistant,yes,main,,"June 2010: text differs (""and"" vs ""/""); 91223 -> 94102 one-to-one (w1d_ssoc2010_correspondence.xls): linked"
C food/drink stall assistant,2014,cleaning transition; security/landscape pre,SSOC 2010,94102,Food/Drink stall assistant,yes,main,,"June 2010: text differs (""and"" vs ""/""); 91223 -> 94102 one-to-one (w1d_ssoc2010_correspondence.xls): linked"
C food/drink stall assistant,2015,transition (all),SSOC 2015,94102,Food/Drink stall assistant,yes,main,,"June 2010: text differs (""and"" vs ""/""); 91223 -> 94102 one-to-one (w1d_ssoc2010_correspondence.xls): linked"
C food/drink stall assistant,2016,cleaning post; security/landscape transition,SSOC 2015,94102,Food/Drink stall assistant,yes,main,,"June 2010: text differs (""and"" vs ""/""); 91223 -> 94102 one-to-one (w1d_ssoc2010_correspondence.xls): linked"
C food/drink stall assistant,2017,post (all),SSOC 2015,94102,Food/Drink stall assistant,yes,main,,"June 2010: text differs (""and"" vs ""/""); 91223 -> 94102 one-to-one (w1d_ssoc2010_correspondence.xls): linked"
C food/drink stall assistant,2018,post (all),SSOC 2015,94102,Food/Drink stall assistant,yes,main,,"June 2010: text differs (""and"" vs ""/""); 91223 -> 94102 one-to-one (w1d_ssoc2010_correspondence.xls): linked"
C food/drink stall assistant,2019,post (all),SSOC 2015,94102,Food/Drink stall assistant,yes,main,,"June 2010: text differs (""and"" vs ""/""); 91223 -> 94102 one-to-one (w1d_ssoc2010_correspondence.xls): linked"
C food/drink stall assistant,2020,excluded (2020-2021),SSOC 2020,94102,Food/Drink stall assistant,yes,main,,"June 2010: text differs (""and"" vs ""/""); 91223 -> 94102 one-to-one (w1d_ssoc2010_correspondence.xls): linked"
C food/drink stall assistant,2021,excluded (2020-2021),SSOC 2020,94102,Food/Drink stall assistant,yes,main,,"June 2010: text differs (""and"" vs ""/""); 91223 -> 94102 one-to-one (w1d_ssoc2010_correspondence.xls): linked"
C food/drink stall assistant,2022,post (all),SSOC 2020,94102,Food/Drink stall assistant,yes,main,,"June 2010: text differs (""and"" vs ""/""); 91223 -> 94102 one-to-one (w1d_ssoc2010_correspondence.xls): linked"
C food/drink stall assistant,2023,"after window (shown, not scored)",SSOC 2020,94102,Food/Drink stall assistant,yes,main,,"June 2010: text differs (""and"" vs ""/""); 91223 -> 94102 one-to-one (w1d_ssoc2010_correspondence.xls): linked"
C food/drink stall assistant,2024,"after window (shown, not scored)",SSOC 2020,94102,Food/Drink stall assistant,yes,main,,"June 2010: text differs (""and"" vs ""/""); 91223 -> 94102 one-to-one (w1d_ssoc2010_correspondence.xls): linked"
C food/drink stall assistant,2025,"after window (shown, not scored)",SSOC 2024,94102,Food/Drink stall assistant,yes,main,,"June 2010: text differs (""and"" vs ""/""); 91223 -> 94102 one-to-one (w1d_ssoc2010_correspondence.xls): linked"
C general office clerk,2009,pre (all),SSOC 2005 (codes; header unlabelled),41201,Office clerk,yes,main,,
C general office clerk,2010,pre (all),SSOC 2010 (codes; header unlabelled),4110,General office clerk,yes,main,,"June 2010: 41201 -> 41101 (w1d_ssoc2010_correspondence.xls); OWS publishes aggregate 4110 = 41101 + 41102 filing and copying clerk + 41103 personnel/HR clerk + 41109 other administrative clerks (w1d_ssoc2010_report.pdf): linked through the hierarchy, broader from 2010 (composition lean, THESIS T1). SSOC 2015 (v2018) folds 41102 into 41101, inside the aggregate."
C general office clerk,2011,pre (all),SSOC 2010,4110,General office clerk,yes,main,,"June 2010: 41201 -> 41101 (w1d_ssoc2010_correspondence.xls); OWS publishes aggregate 4110 = 41101 + 41102 filing and copying clerk + 41103 personnel/HR clerk + 41109 other administrative clerks (w1d_ssoc2010_report.pdf): linked through the hierarchy, broader from 2010 (composition lean, THESIS T1). SSOC 2015 (v2018) folds 41102 into 41101, inside the aggregate."
C general office clerk,2012,pre (all),SSOC 2010,4110,General office clerk,yes,main,,"June 2010: 41201 -> 41101 (w1d_ssoc2010_correspondence.xls); OWS publishes aggregate 4110 = 41101 + 41102 filing and copying clerk + 41103 personnel/HR clerk + 41109 other administrative clerks (w1d_ssoc2010_report.pdf): linked through the hierarchy, broader from 2010 (composition lean, THESIS T1). SSOC 2015 (v2018) folds 41102 into 41101, inside the aggregate."
C general office clerk,2013,cleaning transition; security/landscape pre,SSOC 2010,4110,General office clerk,yes,main,,"June 2010: 41201 -> 41101 (w1d_ssoc2010_correspondence.xls); OWS publishes aggregate 4110 = 41101 + 41102 filing and copying clerk + 41103 personnel/HR clerk + 41109 other administrative clerks (w1d_ssoc2010_report.pdf): linked through the hierarchy, broader from 2010 (composition lean, THESIS T1). SSOC 2015 (v2018) folds 41102 into 41101, inside the aggregate."
C general office clerk,2014,cleaning transition; security/landscape pre,SSOC 2010,4110,General office clerk,yes,main,,"June 2010: 41201 -> 41101 (w1d_ssoc2010_correspondence.xls); OWS publishes aggregate 4110 = 41101 + 41102 filing and copying clerk + 41103 personnel/HR clerk + 41109 other administrative clerks (w1d_ssoc2010_report.pdf): linked through the hierarchy, broader from 2010 (composition lean, THESIS T1). SSOC 2015 (v2018) folds 41102 into 41101, inside the aggregate."
C general office clerk,2015,transition (all),SSOC 2015,4110,General office clerk,yes,main,,"June 2010: 41201 -> 41101 (w1d_ssoc2010_correspondence.xls); OWS publishes aggregate 4110 = 41101 + 41102 filing and copying clerk + 41103 personnel/HR clerk + 41109 other administrative clerks (w1d_ssoc2010_report.pdf): linked through the hierarchy, broader from 2010 (composition lean, THESIS T1). SSOC 2015 (v2018) folds 41102 into 41101, inside the aggregate."
C general office clerk,2016,cleaning post; security/landscape transition,SSOC 2015,4110,General office clerk,yes,main,,"June 2010: 41201 -> 41101 (w1d_ssoc2010_correspondence.xls); OWS publishes aggregate 4110 = 41101 + 41102 filing and copying clerk + 41103 personnel/HR clerk + 41109 other administrative clerks (w1d_ssoc2010_report.pdf): linked through the hierarchy, broader from 2010 (composition lean, THESIS T1). SSOC 2015 (v2018) folds 41102 into 41101, inside the aggregate."
C general office clerk,2017,post (all),SSOC 2015,4110,General office clerk,yes,main,,"June 2010: 41201 -> 41101 (w1d_ssoc2010_correspondence.xls); OWS publishes aggregate 4110 = 41101 + 41102 filing and copying clerk + 41103 personnel/HR clerk + 41109 other administrative clerks (w1d_ssoc2010_report.pdf): linked through the hierarchy, broader from 2010 (composition lean, THESIS T1). SSOC 2015 (v2018) folds 41102 into 41101, inside the aggregate."
C general office clerk,2018,post (all),SSOC 2015,4110,General office clerk,yes,main,,"June 2010: 41201 -> 41101 (w1d_ssoc2010_correspondence.xls); OWS publishes aggregate 4110 = 41101 + 41102 filing and copying clerk + 41103 personnel/HR clerk + 41109 other administrative clerks (w1d_ssoc2010_report.pdf): linked through the hierarchy, broader from 2010 (composition lean, THESIS T1). SSOC 2015 (v2018) folds 41102 into 41101, inside the aggregate."
C general office clerk,2019,post (all),SSOC 2015,4110,General office clerk,yes,main,,"June 2010: 41201 -> 41101 (w1d_ssoc2010_correspondence.xls); OWS publishes aggregate 4110 = 41101 + 41102 filing and copying clerk + 41103 personnel/HR clerk + 41109 other administrative clerks (w1d_ssoc2010_report.pdf): linked through the hierarchy, broader from 2010 (composition lean, THESIS T1). SSOC 2015 (v2018) folds 41102 into 41101, inside the aggregate."
C general office clerk,2020,excluded (2020-2021),SSOC 2020,4110,General office clerk,yes,main,,"June 2010: 41201 -> 41101 (w1d_ssoc2010_correspondence.xls); OWS publishes aggregate 4110 = 41101 + 41102 filing and copying clerk + 41103 personnel/HR clerk + 41109 other administrative clerks (w1d_ssoc2010_report.pdf): linked through the hierarchy, broader from 2010 (composition lean, THESIS T1). SSOC 2015 (v2018) folds 41102 into 41101, inside the aggregate."
C general office clerk,2021,excluded (2020-2021),SSOC 2020,4110,General office clerk,yes,main,,"June 2010: 41201 -> 41101 (w1d_ssoc2010_correspondence.xls); OWS publishes aggregate 4110 = 41101 + 41102 filing and copying clerk + 41103 personnel/HR clerk + 41109 other administrative clerks (w1d_ssoc2010_report.pdf): linked through the hierarchy, broader from 2010 (composition lean, THESIS T1). SSOC 2015 (v2018) folds 41102 into 41101, inside the aggregate."
C general office clerk,2022,post (all),SSOC 2020,4110,General office clerk,yes,main,,"June 2010: 41201 -> 41101 (w1d_ssoc2010_correspondence.xls); OWS publishes aggregate 4110 = 41101 + 41102 filing and copying clerk + 41103 personnel/HR clerk + 41109 other administrative clerks (w1d_ssoc2010_report.pdf): linked through the hierarchy, broader from 2010 (composition lean, THESIS T1). SSOC 2015 (v2018) folds 41102 into 41101, inside the aggregate."
C general office clerk,2023,"after window (shown, not scored)",SSOC 2020,41101,Office clerk (including filing and copying),yes,main,,after window
C general office clerk,2024,"after window (shown, not scored)",SSOC 2020,41101,Office clerk (including filing and copying),yes,main,,after window
C general office clerk,2025,"after window (shown, not scored)",SSOC 2024,41101,Office clerk,yes,main,,after window
C kitchen assistant,2009,pre (all),SSOC 2005 (codes; header unlabelled),91222,Kitchen assistant,yes,main,,
C kitchen assistant,2010,pre (all),SSOC 2010 (codes; header unlabelled),94101,Kitchen assistant,yes,main,,"same text: linked; 91222 -> 94101 + 94103 fast food preparer (w1d_ssoc2010_correspondence.xls), so narrower from 2010 (composition lean, THESIS T1)"
C kitchen assistant,2011,pre (all),SSOC 2010,94101,Kitchen assistant,yes,main,,"same text: linked; 91222 -> 94101 + 94103 fast food preparer (w1d_ssoc2010_correspondence.xls), so narrower from 2010 (composition lean, THESIS T1)"
C kitchen assistant,2012,pre (all),SSOC 2010,94101,Kitchen assistant,yes,main,,"same text: linked; 91222 -> 94101 + 94103 fast food preparer (w1d_ssoc2010_correspondence.xls), so narrower from 2010 (composition lean, THESIS T1)"
C kitchen assistant,2013,cleaning transition; security/landscape pre,SSOC 2010,94101,Kitchen assistant,yes,main,,"same text: linked; 91222 -> 94101 + 94103 fast food preparer (w1d_ssoc2010_correspondence.xls), so narrower from 2010 (composition lean, THESIS T1)"
C kitchen assistant,2014,cleaning transition; security/landscape pre,SSOC 2010,94101,Kitchen assistant,yes,main,,"same text: linked; 91222 -> 94101 + 94103 fast food preparer (w1d_ssoc2010_correspondence.xls), so narrower from 2010 (composition lean, THESIS T1)"
C kitchen assistant,2015,transition (all),SSOC 2015,94101,Kitchen assistant,yes,main,,"same text: linked; 91222 -> 94101 + 94103 fast food preparer (w1d_ssoc2010_correspondence.xls), so narrower from 2010 (composition lean, THESIS T1)"
C kitchen assistant,2016,cleaning post; security/landscape transition,SSOC 2015,94101,Kitchen assistant,yes,main,,"same text: linked; 91222 -> 94101 + 94103 fast food preparer (w1d_ssoc2010_correspondence.xls), so narrower from 2010 (composition lean, THESIS T1)"
C kitchen assistant,2017,post (all),SSOC 2015,94101,Kitchen assistant,yes,main,,"same text: linked; 91222 -> 94101 + 94103 fast food preparer (w1d_ssoc2010_correspondence.xls), so narrower from 2010 (composition lean, THESIS T1)"
C kitchen assistant,2018,post (all),SSOC 2015,94101,Kitchen assistant,yes,main,,"same text: linked; 91222 -> 94101 + 94103 fast food preparer (w1d_ssoc2010_correspondence.xls), so narrower from 2010 (composition lean, THESIS T1)"
C kitchen assistant,2019,post (all),SSOC 2015,94101,Kitchen assistant,yes,main,,"same text: linked; 91222 -> 94101 + 94103 fast food preparer (w1d_ssoc2010_correspondence.xls), so narrower from 2010 (composition lean, THESIS T1)"
C kitchen assistant,2020,excluded (2020-2021),SSOC 2020,94101,Kitchen assistant,yes,main,,"same text: linked; 91222 -> 94101 + 94103 fast food preparer (w1d_ssoc2010_correspondence.xls), so narrower from 2010 (composition lean, THESIS T1)"
C kitchen assistant,2021,excluded (2020-2021),SSOC 2020,94101,Kitchen assistant,yes,main,,"same text: linked; 91222 -> 94101 + 94103 fast food preparer (w1d_ssoc2010_correspondence.xls), so narrower from 2010 (composition lean, THESIS T1)"
C kitchen assistant,2022,post (all),SSOC 2020,94101,Kitchen assistant,yes,main,,"same text: linked; 91222 -> 94101 + 94103 fast food preparer (w1d_ssoc2010_correspondence.xls), so narrower from 2010 (composition lean, THESIS T1)"
C kitchen assistant,2023,"after window (shown, not scored)",SSOC 2020,94101,Kitchen assistant,yes,main,,"same text: linked; 91222 -> 94101 + 94103 fast food preparer (w1d_ssoc2010_correspondence.xls), so narrower from 2010 (composition lean, THESIS T1)"
C kitchen assistant,2024,"after window (shown, not scored)",SSOC 2020,94101,Kitchen assistant,yes,main,,"same text: linked; 91222 -> 94101 + 94103 fast food preparer (w1d_ssoc2010_correspondence.xls), so narrower from 2010 (composition lean, THESIS T1)"
C kitchen assistant,2025,"after window (shown, not scored)",SSOC 2024,94101,Kitchen assistant,yes,main,,"same text: linked; 91222 -> 94101 + 94103 fast food preparer (w1d_ssoc2010_correspondence.xls), so narrower from 2010 (composition lean, THESIS T1)"
C lorry driver,2009,pre (all),SSOC 2005 (codes; header unlabelled),83260,Lorry driver,yes,main,,
C lorry driver,2010,pre (all),SSOC 2010 (codes; header unlabelled),83321,Lorry driver,yes,main,,same text; 83260 -> 83321 one-to-one (w1d_ssoc2010_correspondence.xls): linked
C lorry driver,2011,pre (all),SSOC 2010,83321,Lorry driver,yes,main,,same text; 83260 -> 83321 one-to-one (w1d_ssoc2010_correspondence.xls): linked
C lorry driver,2012,pre (all),SSOC 2010,83321,Lorry driver,yes,main,,same text; 83260 -> 83321 one-to-one (w1d_ssoc2010_correspondence.xls): linked
C lorry driver,2013,cleaning transition; security/landscape pre,SSOC 2010,83321,Lorry driver,yes,main,,same text; 83260 -> 83321 one-to-one (w1d_ssoc2010_correspondence.xls): linked
C lorry driver,2014,cleaning transition; security/landscape pre,SSOC 2010,83321,Lorry driver,yes,main,,same text; 83260 -> 83321 one-to-one (w1d_ssoc2010_correspondence.xls): linked
C lorry driver,2015,transition (all),SSOC 2015,83321,Lorry driver,yes,main,,same text; 83260 -> 83321 one-to-one (w1d_ssoc2010_correspondence.xls): linked
C lorry driver,2016,cleaning post; security/landscape transition,SSOC 2015,83321,Lorry driver,yes,main,,same text; 83260 -> 83321 one-to-one (w1d_ssoc2010_correspondence.xls): linked
C lorry driver,2017,post (all),SSOC 2015,83321,Lorry driver,yes,main,,same text; 83260 -> 83321 one-to-one (w1d_ssoc2010_correspondence.xls): linked
C lorry driver,2018,post (all),SSOC 2015,83321,Lorry driver,yes,main,,same text; 83260 -> 83321 one-to-one (w1d_ssoc2010_correspondence.xls): linked
C lorry driver,2019,post (all),SSOC 2015,83321,Lorry driver,yes,main,,same text; 83260 -> 83321 one-to-one (w1d_ssoc2010_correspondence.xls): linked
C lorry driver,2020,excluded (2020-2021),SSOC 2020,83321,Lorry driver,yes,main,,same text; 83260 -> 83321 one-to-one (w1d_ssoc2010_correspondence.xls): linked
C lorry driver,2021,excluded (2020-2021),SSOC 2020,83321,Lorry driver,yes,main,,same text; 83260 -> 83321 one-to-one (w1d_ssoc2010_correspondence.xls): linked
C lorry driver,2022,post (all),SSOC 2020,83321,Lorry driver,yes,main,,same text; 83260 -> 83321 one-to-one (w1d_ssoc2010_correspondence.xls): linked
C lorry driver,2023,"after window (shown, not scored)",SSOC 2020,83321,Lorry driver,yes,main,,same text; 83260 -> 83321 one-to-one (w1d_ssoc2010_correspondence.xls): linked
C lorry driver,2024,"after window (shown, not scored)",SSOC 2020,83321,Lorry driver,yes,main,,same text; 83260 -> 83321 one-to-one (w1d_ssoc2010_correspondence.xls): linked
C lorry driver,2025,"after window (shown, not scored)",SSOC 2024,83321,Lorry driver,yes,main,,same text; 83260 -> 83321 one-to-one (w1d_ssoc2010_correspondence.xls): linked
C shop sales assistant,2009,pre (all),SSOC 2005 (codes; header unlabelled),52102,Shop sales assistant,yes,main,,
C shop sales assistant,2010,pre (all),SSOC 2010 (codes; header unlabelled),52202,Shop sales assistant,yes,main,,same text; 52102 -> 52202 one-to-one (w1d_ssoc2010_correspondence.xls); unchanged in 2015 and 2020: linked
C shop sales assistant,2011,pre (all),SSOC 2010,52202,Shop sales assistant,yes,main,,same text; 52102 -> 52202 one-to-one (w1d_ssoc2010_correspondence.xls); unchanged in 2015 and 2020: linked
C shop sales assistant,2012,pre (all),SSOC 2010,52202,Shop sales assistant,yes,main,,same text; 52102 -> 52202 one-to-one (w1d_ssoc2010_correspondence.xls); unchanged in 2015 and 2020: linked
C shop sales assistant,2013,cleaning transition; security/landscape pre,SSOC 2010,52202,Shop sales assistant,yes,main,,same text; 52102 -> 52202 one-to-one (w1d_ssoc2010_correspondence.xls); unchanged in 2015 and 2020: linked
C shop sales assistant,2014,cleaning transition; security/landscape pre,SSOC 2010,52202,Shop sales assistant,yes,main,,same text; 52102 -> 52202 one-to-one (w1d_ssoc2010_correspondence.xls); unchanged in 2015 and 2020: linked
C shop sales assistant,2015,transition (all),SSOC 2015,52202,Shop sales assistant,yes,main,,same text; 52102 -> 52202 one-to-one (w1d_ssoc2010_correspondence.xls); unchanged in 2015 and 2020: linked
C shop sales assistant,2016,cleaning post; security/landscape transition,SSOC 2015,52202,Shop sales assistant,yes,main,,same text; 52102 -> 52202 one-to-one (w1d_ssoc2010_correspondence.xls); unchanged in 2015 and 2020: linked
C shop sales assistant,2017,post (all),SSOC 2015,52202,Shop sales assistant,yes,main,,same text; 52102 -> 52202 one-to-one (w1d_ssoc2010_correspondence.xls); unchanged in 2015 and 2020: linked
C shop sales assistant,2018,post (all),SSOC 2015,52202,Shop sales assistant,yes,main,,same text; 52102 -> 52202 one-to-one (w1d_ssoc2010_correspondence.xls); unchanged in 2015 and 2020: linked
C shop sales assistant,2019,post (all),SSOC 2015,52202,Shop sales assistant,yes,main,,same text; 52102 -> 52202 one-to-one (w1d_ssoc2010_correspondence.xls); unchanged in 2015 and 2020: linked
C shop sales assistant,2020,excluded (2020-2021),SSOC 2020,52202,Shop sales assistant,yes,main,,same text; 52102 -> 52202 one-to-one (w1d_ssoc2010_correspondence.xls); unchanged in 2015 and 2020: linked
C shop sales assistant,2021,excluded (2020-2021),SSOC 2020,52202,Shop sales assistant,yes,main,,same text; 52102 -> 52202 one-to-one (w1d_ssoc2010_correspondence.xls); unchanged in 2015 and 2020: linked
C shop sales assistant,2022,post (all),SSOC 2020,52202,Shop sales assistant,yes,main,,same text; 52102 -> 52202 one-to-one (w1d_ssoc2010_correspondence.xls); unchanged in 2015 and 2020: linked
C shop sales assistant,2023,"after window (shown, not scored)",SSOC 2020,52202,Shop sales assistant,yes,main,,same text; 52102 -> 52202 one-to-one (w1d_ssoc2010_correspondence.xls); unchanged in 2015 and 2020: linked
C shop sales assistant,2024,"after window (shown, not scored)",SSOC 2020,52202,Shop sales assistant,yes,main,,same text; 52102 -> 52202 one-to-one (w1d_ssoc2010_correspondence.xls); unchanged in 2015 and 2020: linked
C shop sales assistant,2025,"after window (shown, not scored)",SSOC 2024,52202,Shop sales assistant,yes,main,,same text; 52102 -> 52202 one-to-one (w1d_ssoc2010_correspondence.xls); unchanged in 2015 and 2020: linked
C van driver,2009,pre (all),SSOC 2005 (codes; header unlabelled),83242,Van driver,yes,main,,
C van driver,2010,pre (all),SSOC 2010 (codes; header unlabelled),83223,Van driver,yes,main,,same text; 83242 -> 83223 one-to-one (w1d_ssoc2010_correspondence.xls): linked
C van driver,2011,pre (all),SSOC 2010,83223,Van driver,yes,main,,same text; 83242 -> 83223 one-to-one (w1d_ssoc2010_correspondence.xls): linked
C van driver,2012,pre (all),SSOC 2010,83223,Van driver,yes,main,,same text; 83242 -> 83223 one-to-one (w1d_ssoc2010_correspondence.xls): linked
C van driver,2013,cleaning transition; security/landscape pre,SSOC 2010,83223,Van driver,yes,main,,same text; 83242 -> 83223 one-to-one (w1d_ssoc2010_correspondence.xls): linked
C van driver,2014,cleaning transition; security/landscape pre,SSOC 2010,83223,Van driver,yes,main,,same text; 83242 -> 83223 one-to-one (w1d_ssoc2010_correspondence.xls): linked
C van driver,2015,transition (all),SSOC 2015,83223,Van driver,yes,main,,same text; 83242 -> 83223 one-to-one (w1d_ssoc2010_correspondence.xls): linked
C van driver,2016,cleaning post; security/landscape transition,SSOC 2015,83223,Van driver,yes,main,,same text; 83242 -> 83223 one-to-one (w1d_ssoc2010_correspondence.xls): linked
C van driver,2017,post (all),SSOC 2015,83223,Van driver,yes,main,,same text; 83242 -> 83223 one-to-one (w1d_ssoc2010_correspondence.xls): linked
C van driver,2018,post (all),SSOC 2015,83223,Van driver,yes,main,,same text; 83242 -> 83223 one-to-one (w1d_ssoc2010_correspondence.xls): linked
C van driver,2019,post (all),SSOC 2015,83223,Van driver,yes,main,,same text; 83242 -> 83223 one-to-one (w1d_ssoc2010_correspondence.xls): linked
C van driver,2020,excluded (2020-2021),SSOC 2020,83223,Van driver,yes,main,,same text; 83242 -> 83223 one-to-one (w1d_ssoc2010_correspondence.xls): linked
C van driver,2021,excluded (2020-2021),SSOC 2020,83223,Van driver,yes,main,,same text; 83242 -> 83223 one-to-one (w1d_ssoc2010_correspondence.xls): linked
C van driver,2022,post (all),SSOC 2020,83223,Van driver,yes,main,,same text; 83242 -> 83223 one-to-one (w1d_ssoc2010_correspondence.xls): linked
C van driver,2023,"after window (shown, not scored)",SSOC 2020,83223,Van driver,yes,main,,same text; 83242 -> 83223 one-to-one (w1d_ssoc2010_correspondence.xls): linked
C van driver,2024,"after window (shown, not scored)",SSOC 2020,83223,Van driver,yes,main,,same text; 83242 -> 83223 one-to-one (w1d_ssoc2010_correspondence.xls): linked
C van driver,2025,"after window (shown, not scored)",SSOC 2024,83223,Van driver,yes,main,,same text; 83242 -> 83223 one-to-one (w1d_ssoc2010_correspondence.xls): linked
C waiter,2009,pre (all),SSOC 2005 (codes; header unlabelled),51230,Waiter,yes,main,,
C waiter,2010,pre (all),SSOC 2010 (codes; header unlabelled),51312,Waiter,yes,main,,"same text: linked; 51230 -> 51311 captain waiter/waiter supervisor + 51312 waiter (w1d_ssoc2010_correspondence.xls), so narrower from 2010 (composition lean, THESIS T1)"
C waiter,2011,pre (all),SSOC 2010,51312,Waiter,yes,main,,"same text: linked; 51230 -> 51311 captain waiter/waiter supervisor + 51312 waiter (w1d_ssoc2010_correspondence.xls), so narrower from 2010 (composition lean, THESIS T1)"
C waiter,2012,pre (all),SSOC 2010,51312,Waiter,yes,main,,"same text: linked; 51230 -> 51311 captain waiter/waiter supervisor + 51312 waiter (w1d_ssoc2010_correspondence.xls), so narrower from 2010 (composition lean, THESIS T1)"
C waiter,2013,cleaning transition; security/landscape pre,SSOC 2010,51312,Waiter,yes,main,,"same text: linked; 51230 -> 51311 captain waiter/waiter supervisor + 51312 waiter (w1d_ssoc2010_correspondence.xls), so narrower from 2010 (composition lean, THESIS T1)"
C waiter,2014,cleaning transition; security/landscape pre,SSOC 2010,51312,Waiter,yes,main,,"same text: linked; 51230 -> 51311 captain waiter/waiter supervisor + 51312 waiter (w1d_ssoc2010_correspondence.xls), so narrower from 2010 (composition lean, THESIS T1)"
C waiter,2015,transition (all),SSOC 2015,51312,Waiter,yes,main,,"same text: linked; 51230 -> 51311 captain waiter/waiter supervisor + 51312 waiter (w1d_ssoc2010_correspondence.xls), so narrower from 2010 (composition lean, THESIS T1)"
C waiter,2016,cleaning post; security/landscape transition,SSOC 2015,51312,Waiter,yes,main,,"same text: linked; 51230 -> 51311 captain waiter/waiter supervisor + 51312 waiter (w1d_ssoc2010_correspondence.xls), so narrower from 2010 (composition lean, THESIS T1)"
C waiter,2017,post (all),SSOC 2015,51312,Waiter,yes,main,,"same text: linked; 51230 -> 51311 captain waiter/waiter supervisor + 51312 waiter (w1d_ssoc2010_correspondence.xls), so narrower from 2010 (composition lean, THESIS T1)"
C waiter,2018,post (all),SSOC 2015,51312,Waiter,yes,main,,"same text: linked; 51230 -> 51311 captain waiter/waiter supervisor + 51312 waiter (w1d_ssoc2010_correspondence.xls), so narrower from 2010 (composition lean, THESIS T1)"
C waiter,2019,post (all),SSOC 2015,51312,Waiter,yes,main,,"same text: linked; 51230 -> 51311 captain waiter/waiter supervisor + 51312 waiter (w1d_ssoc2010_correspondence.xls), so narrower from 2010 (composition lean, THESIS T1)"
C waiter,2020,excluded (2020-2021),SSOC 2020,51312,Waiter,yes,main,,"same text: linked; 51230 -> 51311 captain waiter/waiter supervisor + 51312 waiter (w1d_ssoc2010_correspondence.xls), so narrower from 2010 (composition lean, THESIS T1)"
C waiter,2021,excluded (2020-2021),SSOC 2020,51312,Waiter,yes,main,,"same text: linked; 51230 -> 51311 captain waiter/waiter supervisor + 51312 waiter (w1d_ssoc2010_correspondence.xls), so narrower from 2010 (composition lean, THESIS T1)"
C waiter,2022,post (all),SSOC 2020,51312,Waiter,yes,main,,"same text: linked; 51230 -> 51311 captain waiter/waiter supervisor + 51312 waiter (w1d_ssoc2010_correspondence.xls), so narrower from 2010 (composition lean, THESIS T1)"
C waiter,2023,"after window (shown, not scored)",SSOC 2020,51312,Waiter,yes,main,,"same text: linked; 51230 -> 51311 captain waiter/waiter supervisor + 51312 waiter (w1d_ssoc2010_correspondence.xls), so narrower from 2010 (composition lean, THESIS T1)"
C waiter,2024,"after window (shown, not scored)",SSOC 2020,51312,Waiter,yes,main,,"same text: linked; 51230 -> 51311 captain waiter/waiter supervisor + 51312 waiter (w1d_ssoc2010_correspondence.xls), so narrower from 2010 (composition lean, THESIS T1)"
C waiter,2025,"after window (shown, not scored)",SSOC 2024,51312,Waiter,yes,main,,"same text: linked; 51230 -> 51311 captain waiter/waiter supervisor + 51312 waiter (w1d_ssoc2010_correspondence.xls), so narrower from 2010 (composition lean, THESIS T1)"
cleaning,2009,pre,SSOC 2005 (codes; header unlabelled),91291,Office cleaner,yes,main,,
cleaning,2009,pre,SSOC 2005 (codes; header unlabelled),91292,Cleaner (Industrial establishment),yes,main,,
cleaning,2010,pre,SSOC 2010 (codes; header unlabelled),91131,Office cleaner,yes,main,,"SSOC 2005 91291 -> 91131, one-to-one (w1d_ssoc2010_correspondence.xls): linked"
cleaning,2010,pre,SSOC 2010 (codes; header unlabelled),91132,Cleaner (industrial establishment),yes,main,,"SSOC 2005 91292 -> 91132, one-to-one (w1d_ssoc2010_correspondence.xls): linked"
cleaning,2011,pre,SSOC 2010,9113,Cleaner in offices and other establishments,yes,main,,"June 2011: aggregate 9113 = 91131 + 91132 + 91139 cleaner in offices and other establishments nec (w1d_ssoc2010_report.pdf): linked through the hierarchy; adds 91139 (composition lean, THESIS T1)"
cleaning,2012,pre,SSOC 2010,9113,Cleaner in offices and other establishments,yes,main,,"June 2011: aggregate 9113 = 91131 + 91132 + 91139 cleaner in offices and other establishments nec (w1d_ssoc2010_report.pdf): linked through the hierarchy; adds 91139 (composition lean, THESIS T1)"
cleaning,2013,transition,SSOC 2010,9113,Cleaner in offices and other establishments,yes,main,,"June 2011: aggregate 9113 = 91131 + 91132 + 91139 cleaner in offices and other establishments nec (w1d_ssoc2010_report.pdf): linked through the hierarchy; adds 91139 (composition lean, THESIS T1)"
cleaning,2014,transition,SSOC 2010,9113,Cleaner in offices and other establishments,yes,main,,"June 2011: aggregate 9113 = 91131 + 91132 + 91139 cleaner in offices and other establishments nec (w1d_ssoc2010_report.pdf): linked through the hierarchy; adds 91139 (composition lean, THESIS T1)"
cleaning,2015,transition,SSOC 2015,91130,Office cleaner,yes,main,"lowest rung, w3_cleaning_tcc_report_2012.pdf (at least $1,000) and w3_cleaning_tcc_2016.pdf Annex C (General/Indoor Cleaners, e.g. offices, schools, hospitals and polyclinics; F&B General Cleaners)",June 2015: 91131 -> 91130 (w1d_ssoc2015_correspondence.xls): 9113 successor
cleaning,2015,transition,SSOC 2015,91140,Industrial establishment cleaner,yes,excluded,"dropped from the main series and the sensitivity: missing-year rule, absent June 2018. The rule as written drops a title missing in any scored June from its group, so it is dropped, not kept as a sensitivity",June 2015: 91132 -> 91140 (w1d_ssoc2015_correspondence.xls): 9113 successor; ABSENT from the June 2018 table
cleaning,2015,transition,SSOC 2015,91151,"Food and beverage establishment cleaner (eg restaurants, food courts, hawker centres)",yes,main,"9113 successor; lowest rung, w3_cleaning_tcc_report_2012.pdf (at least $1,000) and w3_cleaning_tcc_2016.pdf Annex C (General/Indoor Cleaners, e.g. offices, schools, hospitals and polyclinics; F&B General Cleaners)",June 2015: from 91139 in part (w1d_ssoc2015_correspondence.xls): 9113 successor
cleaning,2015,transition,SSOC 2015,91160,"Residential area cleaner (eg HDB estates, condominiums, private apartments, common areas within residential estates)",yes,sensitivity,"9113 successor, but spans HDB estates (conservancy group, higher rung) and condominiums (w3_cleaning_mom_page.pdf); its exclusion from the main series is a stated lean toward FAIL at T2",June 2015: from 91139 in part (w1d_ssoc2015_correspondence.xls): 9113 successor
cleaning,2015,transition,SSOC 2015,91170,"Cleaner in open areas (eg bus stops, drains, waterways, overhead bridges, roads, expressways, parks, beaches)",yes,excluded,workplace-split rule: not a 9113 successor; also absent June 2019 (missing-year rule),"June 2015: from 96130 sweeper and related worker only (w1d_ssoc2015_correspondence.xls, sheet ssoc2015-ssoc2010): not a 9113 successor; ABSENT from the June 2019 table"
cleaning,2015,transition,SSOC 2015,91190,"Cleaner in other establishments (eg shopping malls, schools, hospitals, places of worship)",yes,main,"lowest rung, w3_cleaning_tcc_report_2012.pdf (at least $1,000) and w3_cleaning_tcc_2016.pdf Annex C (General/Indoor Cleaners, e.g. offices, schools, hospitals and polyclinics; F&B General Cleaners)","June 2015: from 91139 in part, and from 96130 sweeper in part (w1d_ssoc2015_correspondence.xls): 9113 successor"
cleaning,2016,post,SSOC 2015,91130,Office cleaner,yes,main,"lowest rung, w3_cleaning_tcc_report_2012.pdf (at least $1,000) and w3_cleaning_tcc_2016.pdf Annex C (General/Indoor Cleaners, e.g. offices, schools, hospitals and polyclinics; F&B General Cleaners)",June 2015: 91131 -> 91130 (w1d_ssoc2015_correspondence.xls): 9113 successor
cleaning,2016,post,SSOC 2015,91140,Industrial establishment cleaner,yes,excluded,"dropped from the main series and the sensitivity: missing-year rule, absent June 2018. The rule as written drops a title missing in any scored June from its group, so it is dropped, not kept as a sensitivity",June 2015: 91132 -> 91140 (w1d_ssoc2015_correspondence.xls): 9113 successor; ABSENT from the June 2018 table
cleaning,2016,post,SSOC 2015,91151,"Food and beverage establishment cleaner (eg restaurants, food courts, hawker centres)",yes,main,"9113 successor; lowest rung, w3_cleaning_tcc_report_2012.pdf (at least $1,000) and w3_cleaning_tcc_2016.pdf Annex C (General/Indoor Cleaners, e.g. offices, schools, hospitals and polyclinics; F&B General Cleaners)",June 2015: from 91139 in part (w1d_ssoc2015_correspondence.xls): 9113 successor
cleaning,2016,post,SSOC 2015,91160,"Residential area cleaner (eg HDB estates, condominiums, private apartments, common areas within residential estates)",yes,sensitivity,"9113 successor, but spans HDB estates (conservancy group, higher rung) and condominiums (w3_cleaning_mom_page.pdf); its exclusion from the main series is a stated lean toward FAIL at T2",June 2015: from 91139 in part (w1d_ssoc2015_correspondence.xls): 9113 successor
cleaning,2016,post,SSOC 2015,91170,"Cleaner in open areas (eg bus stops, drains, waterways, overhead bridges, roads, expressways, parks, beaches)",yes,excluded,workplace-split rule: not a 9113 successor; also absent June 2019 (missing-year rule),"June 2015: from 96130 sweeper and related worker only (w1d_ssoc2015_correspondence.xls, sheet ssoc2015-ssoc2010): not a 9113 successor; ABSENT from the June 2019 table"
cleaning,2016,post,SSOC 2015,91190,"Cleaner in other establishments (eg shopping malls, schools, hospitals, places of worship)",yes,main,"lowest rung, w3_cleaning_tcc_report_2012.pdf (at least $1,000) and w3_cleaning_tcc_2016.pdf Annex C (General/Indoor Cleaners, e.g. offices, schools, hospitals and polyclinics; F&B General Cleaners)","June 2015: from 91139 in part, and from 96130 sweeper in part (w1d_ssoc2015_correspondence.xls): 9113 successor"
cleaning,2017,post,SSOC 2015,91130,Office cleaner,yes,main,"lowest rung, w3_cleaning_tcc_report_2012.pdf (at least $1,000) and w3_cleaning_tcc_2016.pdf Annex C (General/Indoor Cleaners, e.g. offices, schools, hospitals and polyclinics; F&B General Cleaners)",June 2015: 91131 -> 91130 (w1d_ssoc2015_correspondence.xls): 9113 successor
cleaning,2017,post,SSOC 2015,91140,Industrial establishment cleaner,yes,excluded,"dropped from the main series and the sensitivity: missing-year rule, absent June 2018. The rule as written drops a title missing in any scored June from its group, so it is dropped, not kept as a sensitivity",June 2015: 91132 -> 91140 (w1d_ssoc2015_correspondence.xls): 9113 successor; ABSENT from the June 2018 table
cleaning,2017,post,SSOC 2015,91151,"Food and beverage establishment cleaner (eg restaurants, food courts, hawker centres)",yes,main,"9113 successor; lowest rung, w3_cleaning_tcc_report_2012.pdf (at least $1,000) and w3_cleaning_tcc_2016.pdf Annex C (General/Indoor Cleaners, e.g. offices, schools, hospitals and polyclinics; F&B General Cleaners)",June 2015: from 91139 in part (w1d_ssoc2015_correspondence.xls): 9113 successor
cleaning,2017,post,SSOC 2015,91160,"Residential area cleaner (eg HDB estates, condominiums, private apartments, common areas within residential estates)",yes,sensitivity,"9113 successor, but spans HDB estates (conservancy group, higher rung) and condominiums (w3_cleaning_mom_page.pdf); its exclusion from the main series is a stated lean toward FAIL at T2",June 2015: from 91139 in part (w1d_ssoc2015_correspondence.xls): 9113 successor
cleaning,2017,post,SSOC 2015,91170,"Cleaner in open areas (eg bus stops, drains, waterways, overhead bridges, roads, expressways, parks, beaches)",yes,excluded,workplace-split rule: not a 9113 successor; also absent June 2019 (missing-year rule),"June 2015: from 96130 sweeper and related worker only (w1d_ssoc2015_correspondence.xls, sheet ssoc2015-ssoc2010): not a 9113 successor; ABSENT from the June 2019 table"
cleaning,2017,post,SSOC 2015,91190,"Cleaner in other establishments (eg shopping malls, schools, hospitals, places of worship)",yes,main,"lowest rung, w3_cleaning_tcc_report_2012.pdf (at least $1,000) and w3_cleaning_tcc_2016.pdf Annex C (General/Indoor Cleaners, e.g. offices, schools, hospitals and polyclinics; F&B General Cleaners)","June 2015: from 91139 in part, and from 96130 sweeper in part (w1d_ssoc2015_correspondence.xls): 9113 successor"
cleaning,2018,post,SSOC 2015,91130,Office cleaner,yes,main,"lowest rung, w3_cleaning_tcc_report_2012.pdf (at least $1,000) and w3_cleaning_tcc_2016.pdf Annex C (General/Indoor Cleaners, e.g. offices, schools, hospitals and polyclinics; F&B General Cleaners)",June 2015: 91131 -> 91130 (w1d_ssoc2015_correspondence.xls): 9113 successor
cleaning,2018,post,SSOC 2015,91140,Industrial establishment cleaner,NO,excluded,"dropped from the main series and the sensitivity: missing-year rule, absent June 2018. The rule as written drops a title missing in any scored June from its group, so it is dropped, not kept as a sensitivity",June 2015: 91132 -> 91140 (w1d_ssoc2015_correspondence.xls): 9113 successor; ABSENT from the June 2018 table
cleaning,2018,post,SSOC 2015,91151,"Food and beverage establishment cleaner (eg restaurants, food courts, hawker centres)",yes,main,"9113 successor; lowest rung, w3_cleaning_tcc_report_2012.pdf (at least $1,000) and w3_cleaning_tcc_2016.pdf Annex C (General/Indoor Cleaners, e.g. offices, schools, hospitals and polyclinics; F&B General Cleaners)",June 2015: from 91139 in part (w1d_ssoc2015_correspondence.xls): 9113 successor
cleaning,2018,post,SSOC 2015,91160,"Residential area cleaner (eg HDB estates, condominiums, private apartments, common areas within residential estates)",yes,sensitivity,"9113 successor, but spans HDB estates (conservancy group, higher rung) and condominiums (w3_cleaning_mom_page.pdf); its exclusion from the main series is a stated lean toward FAIL at T2",June 2015: from 91139 in part (w1d_ssoc2015_correspondence.xls): 9113 successor
cleaning,2018,post,SSOC 2015,91170,"Cleaner in open areas (eg bus stops, drains, waterways, overhead bridges, roads, expressways, parks, beaches)",yes,excluded,workplace-split rule: not a 9113 successor; also absent June 2019 (missing-year rule),"June 2015: from 96130 sweeper and related worker only (w1d_ssoc2015_correspondence.xls, sheet ssoc2015-ssoc2010): not a 9113 successor; ABSENT from the June 2019 table"
cleaning,2018,post,SSOC 2015,91190,"Cleaner in other establishments (eg shopping malls, schools, hospitals, places of worship)",yes,main,"lowest rung, w3_cleaning_tcc_report_2012.pdf (at least $1,000) and w3_cleaning_tcc_2016.pdf Annex C (General/Indoor Cleaners, e.g. offices, schools, hospitals and polyclinics; F&B General Cleaners)","June 2015: from 91139 in part, and from 96130 sweeper in part (w1d_ssoc2015_correspondence.xls): 9113 successor"
cleaning,2019,post,SSOC 2015,91130,Office cleaner,yes,main,"lowest rung, w3_cleaning_tcc_report_2012.pdf (at least $1,000) and w3_cleaning_tcc_2016.pdf Annex C (General/Indoor Cleaners, e.g. offices, schools, hospitals and polyclinics; F&B General Cleaners)",June 2015: 91131 -> 91130 (w1d_ssoc2015_correspondence.xls): 9113 successor
cleaning,2019,post,SSOC 2015,91140,Industrial establishment cleaner,yes,excluded,"dropped from the main series and the sensitivity: missing-year rule, absent June 2018. The rule as written drops a title missing in any scored June from its group, so it is dropped, not kept as a sensitivity",June 2015: 91132 -> 91140 (w1d_ssoc2015_correspondence.xls): 9113 successor; ABSENT from the June 2018 table
cleaning,2019,post,SSOC 2015,91151,"Food and beverage establishment cleaner (eg restaurants, food courts, hawker centres)",yes,main,"9113 successor; lowest rung, w3_cleaning_tcc_report_2012.pdf (at least $1,000) and w3_cleaning_tcc_2016.pdf Annex C (General/Indoor Cleaners, e.g. offices, schools, hospitals and polyclinics; F&B General Cleaners)",June 2015: from 91139 in part (w1d_ssoc2015_correspondence.xls): 9113 successor
cleaning,2019,post,SSOC 2015,91160,"Residential area cleaner (eg HDB estates, condominiums, private apartments, common areas within residential estates)",yes,sensitivity,"9113 successor, but spans HDB estates (conservancy group, higher rung) and condominiums (w3_cleaning_mom_page.pdf); its exclusion from the main series is a stated lean toward FAIL at T2",June 2015: from 91139 in part (w1d_ssoc2015_correspondence.xls): 9113 successor
cleaning,2019,post,SSOC 2015,91170,"Cleaner in open areas (eg bus stops, drains, waterways, overhead bridges, roads, expressways, parks, beaches)",NO,excluded,workplace-split rule: not a 9113 successor; also absent June 2019 (missing-year rule),"June 2015: from 96130 sweeper and related worker only (w1d_ssoc2015_correspondence.xls, sheet ssoc2015-ssoc2010): not a 9113 successor; ABSENT from the June 2019 table"
cleaning,2019,post,SSOC 2015,91190,"Cleaner in other establishments (eg shopping malls, schools, hospitals, places of worship)",yes,main,"lowest rung, w3_cleaning_tcc_report_2012.pdf (at least $1,000) and w3_cleaning_tcc_2016.pdf Annex C (General/Indoor Cleaners, e.g. offices, schools, hospitals and polyclinics; F&B General Cleaners)","June 2015: from 91139 in part, and from 96130 sweeper in part (w1d_ssoc2015_correspondence.xls): 9113 successor"
cleaning,2020,excluded (2020-2021),SSOC 2020,91131,"Office, commercial and industrial establishments indoor cleaner",yes,main,"General/Indoor Cleaners, lowest rung, w3_cleaning_col_order_2021.pdf para 1.1","June 2020: from 91130, 91140 and 91190, each in part (w1d_ssoc2020_correspondence.xlsx)"
cleaning,2020,excluded (2020-2021),SSOC 2020,91132,"Office, commercial and industrial establishments outdoor cleaner",yes,sensitivity,"Outdoor/Healthcare/Restroom Cleaners rung, above the lowest (grade-split rule)","June 2020: from 91130, 91140 and 91190, each in part (w1d_ssoc2020_correspondence.xlsx)"
cleaning,2020,excluded (2020-2021),SSOC 2020,91133,"Office, commercial and industrial establishments multi-skilled cleaner cum machine operator",yes,sensitivity,"Multi-skilled Cleaner cum Machine Operator rung, above the lowest (grade-split rule)","June 2020: from 91130, 91140 and 91190, each in part (w1d_ssoc2020_correspondence.xlsx)"
cleaning,2020,excluded (2020-2021),SSOC 2020,91151,Food and beverage establishments general cleaner,yes,main,"F&B General Cleaners, lowest rung, w3_cleaning_col_order_2021.pdf para 1.1","June 2020: from 91151 in part; its multi-skilled part goes to 91154, not published (w1d_ssoc2020_correspondence.xlsx)"
cleaning,2020,excluded (2020-2021),SSOC 2020,91161,Residential and open areas general cleaner,yes,sensitivity,"conservancy General Cleaners rung, above the lowest; successor of 91160 (and of 91170, which the workplace-split rule excludes)","June 2020: from 91160 and 91170, each in part (w1d_ssoc2020_correspondence.xlsx)"
cleaning,2021,excluded (2020-2021),SSOC 2020,91131,"Office, commercial and industrial establishments indoor cleaner",yes,main,"General/Indoor Cleaners, lowest rung, w3_cleaning_col_order_2021.pdf para 1.1","June 2020: from 91130, 91140 and 91190, each in part (w1d_ssoc2020_correspondence.xlsx)"
cleaning,2021,excluded (2020-2021),SSOC 2020,91132,"Office, commercial and industrial establishments outdoor cleaner",yes,sensitivity,"Outdoor/Healthcare/Restroom Cleaners rung, above the lowest (grade-split rule)","June 2020: from 91130, 91140 and 91190, each in part (w1d_ssoc2020_correspondence.xlsx)"
cleaning,2021,excluded (2020-2021),SSOC 2020,91133,"Office, commercial and industrial establishments multi-skilled cleaner cum machine operator",yes,sensitivity,"Multi-skilled Cleaner cum Machine Operator rung, above the lowest (grade-split rule)","June 2020: from 91130, 91140 and 91190, each in part (w1d_ssoc2020_correspondence.xlsx)"
cleaning,2021,excluded (2020-2021),SSOC 2020,91151,Food and beverage establishments general cleaner,yes,main,"F&B General Cleaners, lowest rung, w3_cleaning_col_order_2021.pdf para 1.1","June 2020: from 91151 in part; its multi-skilled part goes to 91154, not published (w1d_ssoc2020_correspondence.xlsx)"
cleaning,2021,excluded (2020-2021),SSOC 2020,91161,Residential and open areas general cleaner,yes,sensitivity,"conservancy General Cleaners rung, above the lowest; successor of 91160 (and of 91170, which the workplace-split rule excludes)","June 2020: from 91160 and 91170, each in part (w1d_ssoc2020_correspondence.xlsx)"
cleaning,2022,post,SSOC 2020,91131,"Office, commercial and industrial establishments indoor cleaner",yes,main,"General/Indoor Cleaners, lowest rung, w3_cleaning_col_order_2021.pdf para 1.1","June 2020: from 91130, 91140 and 91190, each in part (w1d_ssoc2020_correspondence.xlsx)"
cleaning,2022,post,SSOC 2020,91132,"Office, commercial and industrial establishments outdoor cleaner",yes,sensitivity,"Outdoor/Healthcare/Restroom Cleaners rung, above the lowest (grade-split rule)","June 2020: from 91130, 91140 and 91190, each in part (w1d_ssoc2020_correspondence.xlsx)"
cleaning,2022,post,SSOC 2020,91133,"Office, commercial and industrial establishments multi-skilled cleaner cum machine operator",yes,sensitivity,"Multi-skilled Cleaner cum Machine Operator rung, above the lowest (grade-split rule)","June 2020: from 91130, 91140 and 91190, each in part (w1d_ssoc2020_correspondence.xlsx)"
cleaning,2022,post,SSOC 2020,91151,Food and beverage establishments general cleaner,yes,main,"F&B General Cleaners, lowest rung, w3_cleaning_col_order_2021.pdf para 1.1","June 2020: from 91151 in part; its multi-skilled part goes to 91154, not published (w1d_ssoc2020_correspondence.xlsx)"
cleaning,2022,post,SSOC 2020,91161,Residential and open areas general cleaner,yes,sensitivity,"conservancy General Cleaners rung, above the lowest; successor of 91160 (and of 91170, which the workplace-split rule excludes)","June 2020: from 91160 and 91170, each in part (w1d_ssoc2020_correspondence.xlsx)"
landscape,2009,pre,SSOC 2005 (codes; header unlabelled),93111,Gardener,yes,main,,
landscape,2010,pre,SSOC 2010 (codes; header unlabelled),92141,Garden labourer,yes,main,,"SSOC 2005 93111 -> SSOC 2010 92141, one-to-one (w1d_ssoc2010_correspondence.xls): linked"
landscape,2011,pre,SSOC 2010,9214,Park and garden maintenance worker,yes,main,,"June 2011: aggregate 9214 = 92141 garden labourer + 92142 grass cutter + 92143 tree cutter + 92149 other park and garden maintenance workers (w1d_ssoc2010_report.pdf): linked through the hierarchy; broader than 92141 (composition lean, THESIS T1). 2012-2019: same text; SSOC 2015 keeps all four codes (w1d_ssoc2015_correspondence.xls)."
landscape,2012,pre,SSOC 2010,9214,Park and garden maintenance worker,yes,main,,"June 2011: aggregate 9214 = 92141 garden labourer + 92142 grass cutter + 92143 tree cutter + 92149 other park and garden maintenance workers (w1d_ssoc2010_report.pdf): linked through the hierarchy; broader than 92141 (composition lean, THESIS T1). 2012-2019: same text; SSOC 2015 keeps all four codes (w1d_ssoc2015_correspondence.xls)."
landscape,2013,pre,SSOC 2010,9214,Park and garden maintenance worker,yes,main,,"June 2011: aggregate 9214 = 92141 garden labourer + 92142 grass cutter + 92143 tree cutter + 92149 other park and garden maintenance workers (w1d_ssoc2010_report.pdf): linked through the hierarchy; broader than 92141 (composition lean, THESIS T1). 2012-2019: same text; SSOC 2015 keeps all four codes (w1d_ssoc2015_correspondence.xls)."
landscape,2014,pre,SSOC 2010,9214,Park and garden maintenance worker,yes,main,,"June 2011: aggregate 9214 = 92141 garden labourer + 92142 grass cutter + 92143 tree cutter + 92149 other park and garden maintenance workers (w1d_ssoc2010_report.pdf): linked through the hierarchy; broader than 92141 (composition lean, THESIS T1). 2012-2019: same text; SSOC 2015 keeps all four codes (w1d_ssoc2015_correspondence.xls)."
landscape,2015,transition,SSOC 2015,9214,Park and garden maintenance worker,yes,main,,"June 2011: aggregate 9214 = 92141 garden labourer + 92142 grass cutter + 92143 tree cutter + 92149 other park and garden maintenance workers (w1d_ssoc2010_report.pdf): linked through the hierarchy; broader than 92141 (composition lean, THESIS T1). 2012-2019: same text; SSOC 2015 keeps all four codes (w1d_ssoc2015_correspondence.xls)."
landscape,2016,transition,SSOC 2015,9214,Park and garden maintenance worker,yes,main,,"June 2011: aggregate 9214 = 92141 garden labourer + 92142 grass cutter + 92143 tree cutter + 92149 other park and garden maintenance workers (w1d_ssoc2010_report.pdf): linked through the hierarchy; broader than 92141 (composition lean, THESIS T1). 2012-2019: same text; SSOC 2015 keeps all four codes (w1d_ssoc2015_correspondence.xls)."
landscape,2017,post,SSOC 2015,9214,Park and garden maintenance worker,yes,main,,"June 2011: aggregate 9214 = 92141 garden labourer + 92142 grass cutter + 92143 tree cutter + 92149 other park and garden maintenance workers (w1d_ssoc2010_report.pdf): linked through the hierarchy; broader than 92141 (composition lean, THESIS T1). 2012-2019: same text; SSOC 2015 keeps all four codes (w1d_ssoc2015_correspondence.xls)."
landscape,2018,post,SSOC 2015,9214,Park and garden maintenance worker,yes,main,,"June 2011: aggregate 9214 = 92141 garden labourer + 92142 grass cutter + 92143 tree cutter + 92149 other park and garden maintenance workers (w1d_ssoc2010_report.pdf): linked through the hierarchy; broader than 92141 (composition lean, THESIS T1). 2012-2019: same text; SSOC 2015 keeps all four codes (w1d_ssoc2015_correspondence.xls)."
landscape,2019,post,SSOC 2015,9214,Park and garden maintenance worker,yes,main,,"June 2011: aggregate 9214 = 92141 garden labourer + 92142 grass cutter + 92143 tree cutter + 92149 other park and garden maintenance workers (w1d_ssoc2010_report.pdf): linked through the hierarchy; broader than 92141 (composition lean, THESIS T1). 2012-2019: same text; SSOC 2015 keeps all four codes (w1d_ssoc2015_correspondence.xls)."
landscape,2020,excluded (2020-2021),SSOC 2020,9214,"Park, garden and landscape maintenance worker",yes,main,,"same code, text changed at June 2020; the four 2015 codes map only to 92141, 92142 and 92149, all inside 9214 (w1d_ssoc2020_correspondence.xlsx): same members, linked"
landscape,2021,excluded (2020-2021),SSOC 2020,9214,"Park, garden and landscape maintenance worker",yes,main,,"same code, text changed at June 2020; the four 2015 codes map only to 92141, 92142 and 92149, all inside 9214 (w1d_ssoc2020_correspondence.xlsx): same members, linked"
landscape,2022,post,SSOC 2020,9214,"Park, garden and landscape maintenance worker",yes,main,,"same code, text changed at June 2020; the four 2015 codes map only to 92141, 92142 and 92149, all inside 9214 (w1d_ssoc2020_correspondence.xlsx): same members, linked"
landscape,2023,"after window (shown, not scored)",SSOC 2020,92142,Landscape worker,yes,main,,after window
landscape,2024,"after window (shown, not scored)",SSOC 2020,92142,Landscape worker,yes,main,,after window
landscape,2025,"after window (shown, not scored)",SSOC 2024,92142,Landscape worker,yes,main,,after window
security,2009,pre,SSOC 2005 (codes; header unlabelled),51440,Private security guard,yes,main,,
security,2010,pre,SSOC 2010 (codes; header unlabelled),5414,Security guard,yes,main,,"June 2010: SSOC 2005 51440 -> SSOC 2010 54140, one-to-one (w1d_ssoc2010_correspondence.xls); 5414 = 54140 alone in the SSOC 2010 hierarchy (w1d_ssoc2010_report.pdf): linked. 2011-2014: same text. June 2015: 54140 -> 54141 security supervisor + 54142 private security officer (w1d_ssoc2015_correspondence.xls), so 5414 keeps the same members: linked."
security,2011,pre,SSOC 2010,5414,Security guard,yes,main,,"June 2010: SSOC 2005 51440 -> SSOC 2010 54140, one-to-one (w1d_ssoc2010_correspondence.xls); 5414 = 54140 alone in the SSOC 2010 hierarchy (w1d_ssoc2010_report.pdf): linked. 2011-2014: same text. June 2015: 54140 -> 54141 security supervisor + 54142 private security officer (w1d_ssoc2015_correspondence.xls), so 5414 keeps the same members: linked."
security,2012,pre,SSOC 2010,5414,Security guard,yes,main,,"June 2010: SSOC 2005 51440 -> SSOC 2010 54140, one-to-one (w1d_ssoc2010_correspondence.xls); 5414 = 54140 alone in the SSOC 2010 hierarchy (w1d_ssoc2010_report.pdf): linked. 2011-2014: same text. June 2015: 54140 -> 54141 security supervisor + 54142 private security officer (w1d_ssoc2015_correspondence.xls), so 5414 keeps the same members: linked."
security,2013,pre,SSOC 2010,5414,Security guard,yes,main,,"June 2010: SSOC 2005 51440 -> SSOC 2010 54140, one-to-one (w1d_ssoc2010_correspondence.xls); 5414 = 54140 alone in the SSOC 2010 hierarchy (w1d_ssoc2010_report.pdf): linked. 2011-2014: same text. June 2015: 54140 -> 54141 security supervisor + 54142 private security officer (w1d_ssoc2015_correspondence.xls), so 5414 keeps the same members: linked."
security,2014,pre,SSOC 2010,5414,Security guard,yes,main,,"June 2010: SSOC 2005 51440 -> SSOC 2010 54140, one-to-one (w1d_ssoc2010_correspondence.xls); 5414 = 54140 alone in the SSOC 2010 hierarchy (w1d_ssoc2010_report.pdf): linked. 2011-2014: same text. June 2015: 54140 -> 54141 security supervisor + 54142 private security officer (w1d_ssoc2015_correspondence.xls), so 5414 keeps the same members: linked."
security,2015,transition,SSOC 2015,5414,Security guard,yes,main,,"June 2010: SSOC 2005 51440 -> SSOC 2010 54140, one-to-one (w1d_ssoc2010_correspondence.xls); 5414 = 54140 alone in the SSOC 2010 hierarchy (w1d_ssoc2010_report.pdf): linked. 2011-2014: same text. June 2015: 54140 -> 54141 security supervisor + 54142 private security officer (w1d_ssoc2015_correspondence.xls), so 5414 keeps the same members: linked."
security,2016,transition,SSOC 2015,5414,Security guard,yes,main,,"June 2010: SSOC 2005 51440 -> SSOC 2010 54140, one-to-one (w1d_ssoc2010_correspondence.xls); 5414 = 54140 alone in the SSOC 2010 hierarchy (w1d_ssoc2010_report.pdf): linked. 2011-2014: same text. June 2015: 54140 -> 54141 security supervisor + 54142 private security officer (w1d_ssoc2015_correspondence.xls), so 5414 keeps the same members: linked."
security,2017,post,SSOC 2015,5414,Security guard,yes,main,,"June 2010: SSOC 2005 51440 -> SSOC 2010 54140, one-to-one (w1d_ssoc2010_correspondence.xls); 5414 = 54140 alone in the SSOC 2010 hierarchy (w1d_ssoc2010_report.pdf): linked. 2011-2014: same text. June 2015: 54140 -> 54141 security supervisor + 54142 private security officer (w1d_ssoc2015_correspondence.xls), so 5414 keeps the same members: linked."
security,2018,post,SSOC 2015,5414,Security guard,yes,main,,"June 2010: SSOC 2005 51440 -> SSOC 2010 54140, one-to-one (w1d_ssoc2010_correspondence.xls); 5414 = 54140 alone in the SSOC 2010 hierarchy (w1d_ssoc2010_report.pdf): linked. 2011-2014: same text. June 2015: 54140 -> 54141 security supervisor + 54142 private security officer (w1d_ssoc2015_correspondence.xls), so 5414 keeps the same members: linked."
security,2019,post,SSOC 2015,5414,Security guard,yes,main,,"June 2010: SSOC 2005 51440 -> SSOC 2010 54140, one-to-one (w1d_ssoc2010_correspondence.xls); 5414 = 54140 alone in the SSOC 2010 hierarchy (w1d_ssoc2010_report.pdf): linked. 2011-2014: same text. June 2015: 54140 -> 54141 security supervisor + 54142 private security officer (w1d_ssoc2015_correspondence.xls), so 5414 keeps the same members: linked."
security,2020,excluded (2020-2021),SSOC 2020,54141,Senior security supervisor,yes,sensitivity,Senior Security Supervisor rank: higher grade (grade-split rule),June 2020: 54141 -> 54141 + 54142 (w1d_ssoc2020_correspondence.xlsx)
security,2020,excluded (2020-2021),SSOC 2020,54142,Security supervisor,yes,sensitivity,Security Supervisor rank: higher grade (grade-split rule),June 2020: 54141 -> 54141 + 54142 (w1d_ssoc2020_correspondence.xlsx)
security,2020,excluded (2020-2021),SSOC 2020,54143,Senior private security officer,yes,sensitivity,Senior SO rank: higher grade (grade-split rule),June 2020: 54142 -> 54143 + 54144 (w1d_ssoc2020_correspondence.xlsx)
security,2020,excluded (2020-2021),SSOC 2020,54144,Private security officer,yes,main,"Security Officer rank, the lowest (w3_security_stc_2017.pdf Annex C): grade-split rule",June 2020: 54142 -> 54143 + 54144 (w1d_ssoc2020_correspondence.xlsx)
security,2021,excluded (2020-2021),SSOC 2020,54141,Senior security supervisor,yes,sensitivity,Senior Security Supervisor rank: higher grade (grade-split rule),June 2020: 54141 -> 54141 + 54142 (w1d_ssoc2020_correspondence.xlsx)
security,2021,excluded (2020-2021),SSOC 2020,54142,Security supervisor,yes,sensitivity,Security Supervisor rank: higher grade (grade-split rule),June 2020: 54141 -> 54141 + 54142 (w1d_ssoc2020_correspondence.xlsx)
security,2021,excluded (2020-2021),SSOC 2020,54143,Senior private security officer,yes,sensitivity,Senior SO rank: higher grade (grade-split rule),June 2020: 54142 -> 54143 + 54144 (w1d_ssoc2020_correspondence.xlsx)
security,2021,excluded (2020-2021),SSOC 2020,54144,Private security officer,yes,main,"Security Officer rank, the lowest (w3_security_stc_2017.pdf Annex C): grade-split rule",June 2020: 54142 -> 54143 + 54144 (w1d_ssoc2020_correspondence.xlsx)
security,2022,post,SSOC 2020,54141,Senior security supervisor,yes,sensitivity,Senior Security Supervisor rank: higher grade (grade-split rule),June 2020: 54141 -> 54141 + 54142 (w1d_ssoc2020_correspondence.xlsx)
security,2022,post,SSOC 2020,54142,Security supervisor,yes,sensitivity,Security Supervisor rank: higher grade (grade-split rule),June 2020: 54141 -> 54141 + 54142 (w1d_ssoc2020_correspondence.xlsx)
security,2022,post,SSOC 2020,54143,Senior private security officer,yes,sensitivity,Senior SO rank: higher grade (grade-split rule),June 2020: 54142 -> 54143 + 54144 (w1d_ssoc2020_correspondence.xlsx)
security,2022,post,SSOC 2020,54144,Private security officer,yes,main,"Security Officer rank, the lowest (w3_security_stc_2017.pdf Annex C): grade-split rule",June 2020: 54142 -> 54143 + 54144 (w1d_ssoc2020_correspondence.xlsx)
security,2023,"after window (shown, not scored)",SSOC 2020,54141,Senior security supervisor,yes,sensitivity,Senior Security Supervisor rank: higher grade (grade-split rule),June 2020: 54141 -> 54141 + 54142 (w1d_ssoc2020_correspondence.xlsx)
security,2023,"after window (shown, not scored)",SSOC 2020,54142,Security supervisor,yes,sensitivity,Security Supervisor rank: higher grade (grade-split rule),June 2020: 54141 -> 54141 + 54142 (w1d_ssoc2020_correspondence.xlsx)
security,2023,"after window (shown, not scored)",SSOC 2020,54143,Senior private security officer,yes,sensitivity,Senior SO rank: higher grade (grade-split rule),June 2020: 54142 -> 54143 + 54144 (w1d_ssoc2020_correspondence.xlsx)
security,2023,"after window (shown, not scored)",SSOC 2020,54144,Private security officer,yes,main,"Security Officer rank, the lowest (w3_security_stc_2017.pdf Annex C): grade-split rule",June 2020: 54142 -> 54143 + 54144 (w1d_ssoc2020_correspondence.xlsx)
security,2024,"after window (shown, not scored)",SSOC 2020,54141,Senior security supervisor,yes,sensitivity,Senior Security Supervisor rank: higher grade (grade-split rule),June 2020: 54141 -> 54141 + 54142 (w1d_ssoc2020_correspondence.xlsx)
security,2024,"after window (shown, not scored)",SSOC 2020,54142,Security supervisor,yes,sensitivity,Security Supervisor rank: higher grade (grade-split rule),June 2020: 54141 -> 54141 + 54142 (w1d_ssoc2020_correspondence.xlsx)
security,2024,"after window (shown, not scored)",SSOC 2020,54143,Senior private security officer,yes,sensitivity,Senior SO rank: higher grade (grade-split rule),June 2020: 54142 -> 54143 + 54144 (w1d_ssoc2020_correspondence.xlsx)
security,2024,"after window (shown, not scored)",SSOC 2020,54144,Private security officer,yes,main,"Security Officer rank, the lowest (w3_security_stc_2017.pdf Annex C): grade-split rule",June 2020: 54142 -> 54143 + 54144 (w1d_ssoc2020_correspondence.xlsx)
security,2025,"after window (shown, not scored)",SSOC 2024,54141,Senior security supervisor,yes,sensitivity,Senior Security Supervisor rank: higher grade (grade-split rule),June 2020: 54141 -> 54141 + 54142 (w1d_ssoc2020_correspondence.xlsx)
security,2025,"after window (shown, not scored)",SSOC 2024,54142,Security supervisor,yes,sensitivity,Security Supervisor rank: higher grade (grade-split rule),June 2020: 54141 -> 54141 + 54142 (w1d_ssoc2020_correspondence.xlsx)
security,2025,"after window (shown, not scored)",SSOC 2024,54143,Senior private security officer,yes,sensitivity,Senior SO rank: higher grade (grade-split rule),June 2020: 54142 -> 54143 + 54144 (w1d_ssoc2020_correspondence.xlsx)
security,2025,"after window (shown, not scored)",SSOC 2024,54144,Private security officer,yes,main,"Security Officer rank, the lowest (w3_security_stc_2017.pdf Annex C): grade-split rule",June 2020: 54142 -> 54143 + 54144 (w1d_ssoc2020_correspondence.xlsx)
hotel cleaners,,excluded,,9112,"9112 Cleaner and helper in hotels and related establishments (2011-2022); 91293/91122 Hotel cleaner (2009-2010, 2023-)",,excluded,,"hotel housekeeping is mostly in-house, unbound until Sep 2022; title also mixes helpers"
dishwashers and table-top cleaners,,excluded,,91224,91224 Dish washer (2009); 94104 Dish washer/Plate collector (2010-2014); 91152 Dish washer/Plate collector/Table-top cleaner (2015-2019); 91153 Dishwasher and 91152 Table-top cleaner (2020-),,excluded,,ladder ambiguous: named in the cleaning ladder F&B group (w3_cleaning_col_order_2021.pdf) and in food services from 2023; title moves between cleaner and food groups; excluded from both sides
gardener/horticultural/nursery worker,,excluded,,6113,6113 (2015-2019); 61133 (2020-),,excluded,,"first published June 2015, absent from the pre-period; nursery and farm work outside LCR maintenance"
building structure cleaner,,excluded,,71332,"71332 (2010, 2012-2013)",,excluded,,"construction trade (facade cleaning), not the cleaning ladder"
food service counter attendant,,excluded,,52492,52492 (2010-),,excluded,,absent from June 2009: dropped by the missing-year rule
tea server/steward,,excluded,,94104,94104 (2015-),,excluded,,first published June 2015
car drivers,,excluded,,none,none published,,excluded,,no car-driver title in any OWS table; the comparison drivers are van and lorry drivers
"waste truck, trailer-truck drivers; lorry attendant",,excluded,,83326/83324;,83326/83324; 83322; 93335,,excluded,,waste management ladder (2023) and cleaning conservancy roles; trailer-truck and attendants not named in THESIS
"aircraft, ship, motor-vehicle, window cleaners; laundry workers",,excluded,,various,various,,excluded,,not general cleaning covered by the cleaning ladder
