date,statement_file,slope,width,centre,centre_statement,centre_source,recentre_no_direction,slope_in_force,recentre_score,p,source_para,quote_slope,quote_width,quote_centre,s5a_slope,s5a_width,s5a_level,checker_review,note
20010222,s5b_mas_mps_20010222.html,same,same,unchanged,unchanged,statement,no,1,0,1,20010712:3,MAS decided to maintain this stance of a modest appreciation,within an unchanged policy band,(no re-centring wording),-,-,-,yes,Own decision paragraph excluded by an outcome marker and not read; coded from the 12 Jul 2001 statement's description of the January 2001 decision.
20010712,s5b_mas_mps_20010712.html,zero,same,unchanged,unchanged,statement,no,0,0,0,20010712:16,a policy band centred on a zero percent appreciation of the S$NEER,(no width wording),(no re-centring wording),Set at 0%,-,-,no,
20011010,s5b_mas_mps_20011010.html,zero,wider,unchanged,unchanged,statement,no,0,0,0,20011010:5,will continue to be centred on a zero percent appreciation of the S$NEER,decided to widen the policy band,(no re-centring wording),-,Widen,-,no,
20020102,s5b_mas_mps_20020102.html,zero,narrower,down,unchanged,"S5a Level cell (checker ruling, 3 Oct 2026)",yes,0,-1,-1,20020102:23,maintain a zero percent appreciation path for the policy band,restoring a narrower policy band,centred on the current level of the S$NEER,-,Restore narrower band,"Re-centre downwards, at prevailing level of the S$NEER",yes,"Centred on the current level, no direction word: unchanged by rule. S5a gives a direction."
20020711,s5b_mas_mps_20020711.html,zero,same,unchanged,unchanged,statement,no,0,0,0,20020711:20,maintain its current policy stance of a zero per cent appreciation,(no width wording),(no re-centring wording),-,-,-,no,
20030102,s5b_mas_mps_20030102.html,zero,same,unchanged,unchanged,statement,no,0,0,0,20030102:12,maintain the neutral policy stance of a zero percent appreciation,no change in the level at which the policy band is centred and in the width of the band,no change in the level at which the policy band is centred,-,-,-,no,
20030710,s5b_mas_mps_20030710.html,zero,same,down,unchanged,"S5a Level cell (checker ruling, 3 Oct 2026)",yes,0,-1,-1,20030710:10,while maintaining a zero percent appreciation path,The width of the band will remain unchanged,re-centre the exchange rate policy band at the current level of the S$NEER,-,-,"Re-centre downwards, at prevailing level of the S$NEER",yes,No direction word: unchanged by rule. S5a gives a direction; the 12 Apr 2004 statement (para 2) describes it as 'a re-centring of the policy band at a lower level in July 2003'.
20031010,s5b_mas_mps_20031010.html,zero,same,unchanged,unchanged,statement,no,0,0,0,20031010:12,maintain the current neutral policy stance of a zero percent appreciation,no change in the level at which the policy band is centred and in the width of the band,no change in the level at which the policy band is centred,-,-,-,no,
20040412,s5b_mas_mps_20040412.html,steeper,same,unchanged,unchanged,statement,no,1,0,1,20081010:2,MAS has maintained the policy of a modest and gradual appreciation of the Singapore dollar nominal effective exchange rate (S$NEER) policy band since April 2004,(no width wording),(no re-centring wording),Increase,-,-,yes,The statement's only candidate (para 2) recaps 2003 and states no April 2004 decision. Coded from MAS's later descriptions (10 Oct 2008 para 2; 11 Oct 2005 para 12 'adopted since April 2004') and S5a: a move from zero to an appreciating slope is steeper by rule.
20041011,s5b_mas_mps_20041011.html,same,same,unchanged,unchanged,statement,no,1,0,1,20041011:11,maintaining its policy of a modest and gradual appreciation of the S$NEER,There will be no change in the slope or the width of the policy band,(no re-centring wording),-,-,-,no,
20050412,s5b_mas_mps_20050412.html,same,same,unchanged,unchanged,statement,no,1,0,1,20050412:14,maintain the current policy of a modest and gradual appreciation of the S$NEER policy band,There will be no change in the slope or the width of the policy band,(no re-centring wording),-,-,-,no,
20051011,s5b_mas_mps_20051011.html,same,same,unchanged,unchanged,statement,no,1,0,1,20051011:12,maintain its current policy of a modest and gradual appreciation of the S$NEER policy band,"There will be no change in the level, slope or width of the policy band","There will be no change in the level, slope or width of the policy band",-,-,-,no,
20060411,s5b_mas_mps_20060411.html,same,same,unchanged,unchanged,statement,no,1,0,1,20060411:12,maintain the current policy of a modest and gradual appreciation of the S$NEER policy band,nor any change to its slope or width,There will be no re-centring of the policy band,-,-,-,no,
20061010,s5b_mas_mps_20061010.html,same,same,unchanged,unchanged,statement,no,1,0,1,20061010:13,maintain the policy of a modest and gradual appreciation of the S$NEER policy band,or any change to its slope or width,There will be no re-centring of the policy band,-,-,-,no,
20070410,s5b_mas_mps_20070410.html,same,same,unchanged,unchanged,statement,no,1,0,1,20070410:11,maintain the policy of a modest and gradual appreciation of the S$NEER policy band,or any change to its slope or width,There will be no re-centring of the policy band,-,-,-,no,
20071010,s5b_mas_mps_20071010.html,steeper,same,unchanged,unchanged,statement,no,1,0,1,20071010:10,we will increase slightly the slope of the S$NEER policy band,or any change in its width,There will be no re-centring of the policy band,Increase slightly,-,-,no,
20080410,s5b_mas_mps_20080410.html,same,same,up,up,statement,no,1,1,2,20080410:12,There will be no change to the slope or width of the policy band,There will be no change to the slope or width of the policy band,an upward shift of the policy band,-,-,"Re-centre upwards, at prevailing level of the S$NEER",no,Also: 're-centre the exchange rate policy band at the prevailing level of the S$NEER'.
20081010,s5b_mas_mps_20081010.html,zero,same,unchanged,unchanged,statement,no,0,0,0,20081010:8,shifting its policy stance to a zero percent appreciation of the S$NEER policy band,there will be no re-centring of the band or change to its width,there will be no re-centring of the band,Set at 0%,-,-,no,The extracted paragraph merges MAS's inflation outlook with the decision (disclosed).
20090414,s5b_mas_mps_20090414.html,zero,same,down,unchanged,"S5a Level cell (checker ruling, 3 Oct 2026)",yes,0,-1,-1,20090414:10,while keeping the zero percent appreciation path,The width of the band will remain unchanged,re-centre the exchange rate policy band to the prevailing level of the S$NEER,-,-,"Re-centre downwards, at prevailing level of the S$NEER",yes,No direction word: unchanged by rule. S5a gives a direction; the 14 Apr 2010 statement (para 2) says 'The policy band was re-centred downwards in April last year'.
20091012,s5b_mas_mps_20091012.html,zero,same,unchanged,unchanged,statement,no,0,0,0,20091012:9,maintain the current policy stance of a zero percent appreciation of the S$NEER policy path,There will be no change to the width of the policy band,the level at which it is centred,-,-,-,no,
20100414,s5b_mas_mps_20100414.html,steeper,same,up,unchanged,"S5a Level cell (checker ruling, 3 Oct 2026)",yes,1,1,2,20100414:7,shift the policy band from that of a zero percent appreciation to one of modest and gradual appreciation,There will be no change to the width of the policy band,re-centre the exchange rate policy band at the prevailing level of the S$NEER,Increase,-,"Re-centre upwards, at prevailing level of the S$NEER",yes,No direction word: unchanged by rule. S5a gives a direction.
20101014,s5b_mas_mps_20101014.html,steeper,wider,unchanged,unchanged,statement,no,1,0,1,20101014:7,the slope of the policy band will be increased slightly,widened slightly,with no change to the level at which the band is centred,Increase slightly,Widen slightly,-,no,The paragraph also quotes MAS's CPI forecasts (disclosed).
20110414,s5b_mas_mps_20110414.html,same,same,up,up,statement,no,1,1,2,20110414:7,There will be no change to the slope and width of the band,There will be no change to the slope and width of the band,re-centre the exchange rate policy band upwards,-,-,"Re-centre upwards, to below prevailing level of the S$NEER",no,Also: 're-centred below the prevailing level of the S$NEER'.
20111014,s5b_mas_mps_20111014.html,flatter,same,unchanged,unchanged,statement,no,1,0,1,20111014:13,the slope of the policy band will be reduced,with no change to the width of the band,the level at which it is centred,Reduce,-,-,no,Still positive: 'continue with the policy of a modest and gradual appreciation'.
20120413,s5b_mas_mps_20120413.html,steeper,narrower,unchanged,unchanged,statement,no,1,0,1,20120413:10,The slope will be increased slightly,restoring a narrower policy band,there will be no change to the level at which the band is centred,Increase slightly,Restore narrower band,-,no,
20121012,s5b_mas_mps_20121012.html,same,same,unchanged,unchanged,statement,no,1,0,1,20121012:13,maintain the policy of a modest and gradual appreciation of the S$NEER policy band,There will be no change to the slope and width of the policy band,as well as the level at which it is centred,-,-,-,no,
20130412,s5b_mas_mps_20130412.html,same,same,unchanged,unchanged,statement,no,1,0,1,20130412:13,maintain its policy of a modest and gradual appreciation of the S$NEER policy band,There will be no change to the slope and width of the policy band,as well as the level at which it is centred,-,-,-,no,
20131014,s5b_mas_mps_20131014.html,same,same,unchanged,unchanged,statement,no,1,0,1,20131014:11,There will be no change to the slope of the policy band,will be kept unchanged,and the level at which it is centred,-,-,-,no,
20140414,s5b_mas_mps_20140414.html,same,same,unchanged,unchanged,statement,no,1,0,1,20140414:15,There will be no change to the slope of the policy band,The width of the band will be kept unchanged,and the level at which it is centred,-,-,-,no,
20141014,s5b_mas_mps_20141014.html,same,same,unchanged,unchanged,statement,no,1,0,1,20141014:15,There will be no change to the slope and width of the policy band,There will be no change to the slope and width of the policy band,and the level at which it is centred,-,-,-,no,
20150128,s5b_mas_mps_20150128.html,flatter,same,unchanged,unchanged,statement,no,1,0,1,20150128:14,the slope of the policy band will be reduced,with no change to its width,and the level at which it is centred,Reduce,-,-,no,Still positive: 'continue with the policy of a modest and gradual appreciation'.
20150414,s5b_mas_mps_20150414.html,same,same,unchanged,unchanged,statement,no,1,0,1,20150414:15,There will be no change to the slope and width of the policy band,There will be no change to the slope and width of the policy band,and the level at which it is centred,-,-,-,no,
20151014,s5b_mas_mps_20151014.html,flatter,same,unchanged,unchanged,statement,no,1,0,1,20151014:13,the rate of appreciation will be reduced slightly,There will be no change to the width of the policy band,and the level at which it is centred,Reduce slightly,-,-,no,
20160414,s5b_mas_mps_20160414.html,zero,same,unchanged,unchanged,statement,no,0,0,0,20160414:14,set the rate of appreciation of the S$NEER policy band at zero percent,(no width wording),(no re-centring wording),Set at 0%,-,-,no,The second candidate (para 16) states an S$NEER outcome (disclosed).
20161014,s5b_mas_mps_20161014.html,zero,same,unchanged,unchanged,statement,no,0,0,0,20161014:15,maintain the rate of appreciation of the S$NEER policy band at zero percent,The width of the policy band and the level at which it is centred will be unchanged,The width of the policy band and the level at which it is centred will be unchanged,-,-,-,no,
20170413,s5b_mas_mps_20170413.html,zero,same,unchanged,unchanged,statement,no,0,0,0,20170413:14,maintain the rate of appreciation of the S$NEER policy band at zero percent,The width of the policy band and the level at which it is centred will be unchanged,The width of the policy band and the level at which it is centred will be unchanged,-,-,-,no,
20171013,s5b_mas_mps_20171013.html,zero,same,unchanged,unchanged,statement,no,0,0,0,20171013:14,maintain the rate of appreciation of the S$NEER policy band at zero percent,The width of the policy band and the level at which it is centred will be unchanged,The width of the policy band and the level at which it is centred will be unchanged,-,-,-,no,
20180413,s5b_mas_mps_20180413.html,steeper,same,unchanged,unchanged,statement,no,1,0,1,20180413:17,"increase slightly the slope of the S$NEER policy band, from zero percent previously",The width of the policy band and the level at which it is centred will be unchanged,The width of the policy band and the level at which it is centred will be unchanged,Increase slightly,-,-,no,
20181012,s5b_mas_mps_20181012.html,steeper,same,unchanged,unchanged,statement,no,1,0,1,20181012:16,increase slightly the slope of the S$NEER policy band,The width of the policy band and the level at which it is centred will be unchanged,The width of the policy band and the level at which it is centred will be unchanged,Increase slightly,-,-,no,
20190412,s5b_mas_mps_20190412.html,same,same,unchanged,unchanged,statement,no,1,0,1,20190412:15,maintain the current rate of appreciation of the S$NEER policy band,There will be no change to its width and the level at which it is centred,There will be no change to its width and the level at which it is centred,-,-,-,no,
20191014,s5b_mas_mps_20191014.html,flatter,same,unchanged,unchanged,statement,no,1,0,1,20191014:15,reduce slightly the rate of appreciation of the S$NEER policy band,There will be no change to the width of the policy band and the level at which it is centred,There will be no change to the width of the policy band and the level at which it is centred,Reduce slightly,-,-,no,
20200330,s5b_mas_mps_20200330.html,zero,same,down,unchanged,"S5a Level cell (checker ruling, 3 Oct 2026)",yes,0,-1,-1,20200330:18,adopt a zero percent per annum rate of appreciation of the policy band,There will be no change to the width of the policy band,starting at the prevailing level of the S$NEER,Set at 0%,-,"Re-centre downwards, at prevailing level of the S$NEER",yes,"Band starts at the prevailing level, no direction word: unchanged by rule. S5a gives a direction."
20201014,s5b_mas_mps_20201014.html,zero,same,unchanged,unchanged,statement,no,0,0,0,20201014:17,maintain a zero percent per annum rate of appreciation of the policy band,The width of the policy band and the level at which it is centred will be unchanged,The width of the policy band and the level at which it is centred will be unchanged,-,-,-,no,
20210414,s5b_mas_mps_20210414.html,zero,same,unchanged,unchanged,statement,no,0,0,0,20210414:14,maintain a zero percent per annum rate of appreciation of the policy band,The width of the policy band and the level at which it is centred will be unchanged,The width of the policy band and the level at which it is centred will be unchanged,-,-,-,no,
20211014,s5b_mas_mps_20211014.html,steeper,same,unchanged,unchanged,statement,no,1,0,1,20211014:16,"raise slightly the slope of the S$NEER policy band, from zero percent previously",The width of the policy band and the level at which it is centred will be unchanged,The width of the policy band and the level at which it is centred will be unchanged,Increase slightly,-,-,no,
20220125,s5b_mas_mps_20220125.html,steeper,same,unchanged,unchanged,statement,no,1,0,1,20220125:15,raise slightly the rate of appreciation of the S$NEER policy band,The width of the policy band and the level at which it is centred will be unchanged,The width of the policy band and the level at which it is centred will be unchanged,Increase slightly,-,-,no,
20220414,s5b_mas_mps_20220414.html,steeper,same,up,unchanged,"S5a Level cell (checker ruling, 3 Oct 2026)",yes,1,1,2,20220414:19,increase slightly the rate of appreciation of the policy band,There will be no change to the width of the policy band,re-centre the mid-point of the exchange rate policy band at the prevailing level of the S$NEER,Increase slightly,-,"Re-centre upwards, at prevailing level of the S$NEER",yes,No direction word: unchanged by rule ('further tighten' is not a centre trigger). S5a gives a direction.
20220714,s5b_mas_mps_20220714.html,same,same,up,AMBIGUOUS,"S5a Level cell (checker ruling, 3 Oct 2026)",no,1,1,2,20220714:16,There will be no change to the slope and width of the band,There will be no change to the slope and width of the band,re-centre the mid-point of the S$NEER policy band up to its prevailing level,-,-,"Re-centre upwards, at prevailing level of the S$NEER",yes,"'up to its prevailing level': 'up' is not a listed trigger, and the wording also fits 're-centred at the prevailing level' (unchanged, flagged). Fits two categories: AMBIGUOUS."
20221014,s5b_mas_mps_20221014.html,same,same,up,AMBIGUOUS,"S5a Level cell (checker ruling, 3 Oct 2026)",no,1,1,2,20221014:18,There will be no change to the slope and width of the band,There will be no change to the slope and width of the band,re-centre the mid-point of the S$NEER policy band up to its prevailing level,-,-,"Re-centre upwards, at prevailing level of the S$NEER",yes,As 14 Jul 2022: AMBIGUOUS.
20230414,s5b_mas_mps_20230414.html,same,same,unchanged,unchanged,statement,no,1,0,1,20230414:17,maintain the prevailing rate of appreciation of the S$NEER policy band,There will be no change to its width and the level at which it is centred,There will be no change to its width and the level at which it is centred,-,-,-,no,
20231013,s5b_mas_mps_20231013.html,same,same,unchanged,unchanged,statement,no,1,0,1,20231013:13,maintain the prevailing rate of appreciation of the S$NEER policy band,There will be no change to its width and the level at which it is centred,There will be no change to its width and the level at which it is centred,-,-,-,no,
20240129,s5b_mas_mps_20240129.html,same,same,unchanged,unchanged,statement,no,1,0,1,20240129:16,maintain the prevailing rate of appreciation of the S$NEER policy band,There will be no change to its width and the level at which it is centred,There will be no change to its width and the level at which it is centred,-,-,-,no,
20240412,s5b_mas_mps_20240412.html,same,same,unchanged,unchanged,statement,no,1,0,1,20240412:14,maintain the prevailing rate of appreciation of the S$NEER policy band,There will be no change to its width and the level at which it is centred,There will be no change to its width and the level at which it is centred,-,-,-,no,
20240726,s5b_mas_mps_20240726.html,same,same,unchanged,unchanged,statement,no,1,0,1,20240726:16,maintain the prevailing rate of appreciation of the S$NEER policy band,There will be no change to its width and the level at which it is centred,There will be no change to its width and the level at which it is centred,-,-,-,no,
20241014,s5b_mas_mps_20241014.html,same,same,unchanged,unchanged,statement,no,1,0,1,20241014:16,maintain the prevailing rate of appreciation of the S$NEER policy band,There will be no change to its width and the level at which it is centred,There will be no change to its width and the level at which it is centred,-,-,-,no,
20250124,s5b_mas_mps_20250124.html,flatter,same,unchanged,unchanged,statement,no,1,0,1,20250124:13,reduce slightly the slope of the S$NEER policy band,There will be no change to the width of the policy band or the level at which it is centred,There will be no change to the width of the policy band or the level at which it is centred,Reduce slightly,-,-,no,
20250414,s5b_mas_mps_20250414.html,flatter,same,unchanged,unchanged,statement,no,1,0,1,20250414:13,the rate of appreciation will be reduced slightly,There will be no change to the width of the band and the level at which it is centred,There will be no change to the width of the band and the level at which it is centred,Reduce slightly,-,-,no,
20250730,s5b_mas_mps_20250730.html,same,same,unchanged,unchanged,statement,no,1,0,1,20250730:13,maintain the prevailing rate of appreciation of the S$NEER policy band,There will be no change to its width and the level at which it is centred,There will be no change to its width and the level at which it is centred,-,-,-,no,
20251014,s5b_mas_mps_20251014.html,same,same,unchanged,unchanged,statement,no,1,0,1,20251014:15,maintain the prevailing rate of appreciation of the S$NEER policy band,There will be no change to its width and the level at which it is centred,There will be no change to its width and the level at which it is centred,-,-,-,no,
20260129,s5b_mas_mps_20260129.html,same,same,unchanged,unchanged,statement,no,1,0,1,20260129:12,maintain the prevailing rate of appreciation of the S$NEER policy band,There will be no change to its width and the level at which it is centred,There will be no change to its width and the level at which it is centred,-,-,-,no,
20260414,s5b_mas_mps_20260414.html,steeper,same,unchanged,unchanged,statement,no,1,0,1,20260414:14,increase slightly the rate of appreciation of the S$NEER policy band,There will be no change to its width and the level at which it is centred,There will be no change to its width and the level at which it is centred,Increase slightly,-,-,no,
20260727,s5b_mas_mps_20260727.html,steeper,same,unchanged,unchanged,statement,no,1,0,1,20260727:14,increase the rate of appreciation of the policy band very slightly,There will be no change to the width of the policy band and the level at which it is centred,There will be no change to the width of the policy band and the level at which it is centred,Increase very slightly,-,-,no,
